STATE,COUNTY,NAME,ACC_X,ACC_Y,OWNER,CITY,TYPE,PURPOSE,MGD MAX,START DESAL,DISPOSAL CONCENTRATE,WATER SOURCE,DESAL REASON / TREATMENT,CONCENTRATE POST-TREATMENT,DESAL DESIGN PRODUCTION (mgd),DESAL AVERAGE PRODUCTION (mgd),PLANT DESIGN PRODUCTION (mgd),PLANT AVERAGE PRODUCTION (mgd),BLENDING?,RAW WATER TDS OR CONDUCTIVITY,PRE-TREATMENT,FEED PRESSURE TO DESAL (psi),MEMBRANE RECOVERY (%),PERMEATE TDS OR CONDUCTIVITY,BLEND TDS OR CONDUCTIVITY,BLEND RATIO (PERMEATE : OTHER),BLEND WATER SOURCE,PERMEATE POST-TREATMENT,AGE OF MEMBRANE / LAST REPLACEMENT (yr),FATE OF WASTEWATER CLEANING,FATE OF WASTE BACKWASH,SOURCE SECTION,SOURCE EXCEL ROW,wqp_match_status,wqp_match_method,wqp_match_distance_km,wqp_monitoring_location_identifier,wqp_monitoring_location_name,wqp_monitoring_location_type,wqp_provider_name,wqp_county_code,wqp_result_zip,wqp_station_zip,wqp_station_longitude,wqp_station_latitude,wqp_result_rows_at_station,wqp_activity_count_at_station,wqp_nearby_station_count,wqp_nearby_min_distance_km,wqp_nearby_station_ids,wqp_nearby_result_zips,wqp_match_note
CA,ALAMEDA,RARE Richmond Adv. Recycled Expansion,,,south Coast Water District (SCWD),none,Microfiltration / reverse osmosis,Wastewater treatment plant,3.5,2010,goes to Chevron wastewater treatment plant after primary treatment; final effluent: some to wetlands; some goes to ocean outfall to San Pablo Bay,secondary effluent,for reuse,treatment at refinery WWTP,3.5,3.2,none,none,no,600-700 mg/L TDS equivalent,"Amiad filters, MF, cartridge filters",150-200,85,none,none,none,none,sent to Chevron for reuse in boilers,~ 5 years,"neutralization, sewer",none,CALIFORNIA FACILITIES,47,skipped,missing_coordinates,,,,,,,,,,,,,,,,,missing ACC_X or ACC_Y
CA,LOS ANGELES,Cal Pomona WTP,34.0547907777059,-117.824116325419,Cal Pomona Department of Water Operations,none,Reverse osmosis,Drinking water,0.41,2017,brine lie to Los Angeles sanitation,Groundwater,more sustainable water supply,none,0.41,none,none,none,yes,800 mg/L TDS equivalent,"antiscalant, cartridge filters",120,75,none,none,~ 3 : 1,bypass,"pH adjustment, CO2 stripping, chlorine",none,none,none,CALIFORNIA FACILITIES,35,matched,nearest_priority_station,1.439896,USGS-340300117480001,001S009W27Q003S,Well,NWIS,037,/home/kdd1/jliu/Water_Hub/Water_quality_data/wqp_result_zips/US_06/CA_los_angeles_county_US_06_037_inorganics_major_metals_wqp_results.zip,/home/kdd1/jliu/Water_Hub/Water_quality_data/wqp_station_zips/US_06/CA_los_angeles_county_US_06_037_inorganics_major_metals_wqp_stations.zip,-117.80900000,34.05150000,,,5,1.439896,USGS-340300117480001;USGS-340303117434701;USGS-340333117431001;USGS-340400117530001;USGS-340652117504101,/home/kdd1/jliu/Water_Hub/Water_quality_data/wqp_result_zips/US_06/CA_los_angeles_county_US_06_037_inorganics_major_metals_wqp_results.zip;/home/kdd1/jliu/Water_Hub/Water_quality_data/wqp_result_zips/US_06/CA_los_angeles_county_US_06_037_physical_wqp_results.zip,nearest WQP station with priority analytes within 10 km
CA,LOS ANGELES,Signal Hill WTP,33.80865968996,-118.164983255928,City of Signal Hill,Signal Hill,Nanofiltration,Drinking water,1.8,2017,Sewer discharge,Groundwater,color,none,1.8,0.9 (running 1 of 2 skids),none,none,no,none,cartridge filters,77,98,none,none,none,none,none,on original membranes,sewer,none,CALIFORNIA FACILITIES,37,matched,nearest_priority_station,1.471384,USGS-334837118085701,004S012W21M008S,Well,NWIS,037,/home/kdd1/jliu/Water_Hub/Water_quality_data/wqp_result_zips/US_06/CA_los_angeles_county_US_06_037_inorganics_major_metals_wqp_results.zip,/home/kdd1/jliu/Water_Hub/Water_quality_data/wqp_station_zips/US_06/CA_los_angeles_county_US_06_037_inorganics_major_metals_wqp_stations.zip,-118.14920000,33.81042500,,,130,1.471384,USGS-11103000;USGS-11103010;USGS-334445118125301;USGS-334445118125302;USGS-334607118053801;USGS-334607118053901;USGS-334615118131001;USGS-334615118131002;USGS-334626118043601;USGS-334650118150301;USGS-334650118150302;USGS-334654118141801;USGS-334655118141801;USGS-334657118160001;USGS-334657118160002;USGS-334657118160003;USGS-334657118160004;USGS-334657118160005;USGS-334706118143101;USGS-334706118143103;USGS-334710118145801;USGS-334710118145802;USGS-334712118124301;USGS-334712118124302;USGS-334720118133201;USGS-334721118152201;USGS-334722118152301;USGS-334737118101901;USGS-334737118101902;USGS-334737118101903;USGS-334737118101904;USGS-334737118101905;USGS-334737118101906;USGS-334741118134601;USGS-334741118134602;USGS-334747118055001;USGS-334747118132301;USGS-334747118132302;USGS-334747118132303;USGS-334747118132304;USGS-334748118141901;USGS-334749118124901;USGS-334750118124901;USGS-334751118131901;USGS-334751118131902;USGS-334753118051901;USGS-334753118051902;USGS-334753118051903;USGS-334753118051904;USGS-334753118051905;USGS-334753118051906;USGS-334802118141801;USGS-334802118141802;USGS-334802118141803;USGS-334802118141804;USGS-334802118141805;USGS-334814118131301;USGS-334826118161001;USGS-334826118161002;USGS-334826118161003;USGS-334836118061201;USGS-334837118085701;USGS-334837118085702;USGS-334837118085703;USGS-334837118085704;USGS-334837118085705;USGS-334837118085706;USGS-334840118122801;USGS-334840118122802;USGS-334841118140001;USGS-334841118140002;USGS-334848118142301;USGS-334904118130301;USGS-334904118130302;USGS-334904118130303;USGS-334904118130304;USGS-334904118130305;USGS-334921118134101;USGS-334924118035301;USGS-335013118142501;USGS-335013118142502;USGS-335013118142503;USGS-335013118142504;USGS-335028118053901;USGS-335028118053902;USGS-335028118053903;USGS-335028118053904;USGS-335028118053905;USGS-335028118053906;USGS-335028118053907;USGS-335028118053908;USGS-335030118070001;USGS-335046118055501;USGS-335047118061601;USGS-335100118120401;USGS-335100118120402;USGS-335100118120403;USGS-335100118120404;USGS-335100118120405;USGS-335100118120406;USGS-335112118090401;USGS-335112118090402;USGS-335112118090403;USGS-335112118090404;USGS-335112118090405;USGS-335112118090406;USGS-335113118090801;USGS-335208118073801;USGS-335209118080101;USGS-335209118082001;USGS-335215118102001;USGS-335239118061501;USGS-335239118061502;USGS-335239118061503;USGS-335239118061504;USGS-335239118061505;USGS-335239118061506;USGS-335302118072201;USGS-335332118090401;USGS-335332118090402;USGS-335332118090403;USGS-335332118090404;USGS-335332118090405;USGS-335332118090406;USGS-335332118090407;USGS-335337118113401;USGS-335337118113402;USGS-335337118113403;USGS-335337118113404;USGS-335337118113405,/home/kdd1/jliu/Water_Hub/Water_quality_data/wqp_result_zips/US_06/CA_los_angeles_county_US_06_037_inorganics_major_metals_wqp_results.zip;/home/kdd1/jliu/Water_Hub/Water_quality_data/wqp_result_zips/US_06/CA_los_angeles_county_US_06_037_physical_wqp_results.zip,nearest WQP station with priority analytes within 10 km
CA,ORANGE,Aliso Creek WRF,33.5178944694497,-117.736847817036,South Coast Water District (SCWD),none,Ultrafiltration / reverse osmosis,Water reclamation facility,0.65,2015,Coastal Treatment Plant Ocean Outfall,"from SCWD Advanced Water Treatment Facility (sand filter, chlorination) via their reservoir)","total dissolved solids, nitrate, hardness; for reuse",none,0.65,0.5,none,none,no,1100-1500 mg/L TDS equivalent,"chlorine, UF, cartridge filter, acid, antiscalant",165-230,80 (RO); 85 (UF),800 mg/l,none,none,none,decarbonation; then pumped to AWT system to reduce salinity,on original membranes,"neutralization, sewer",none,CALIFORNIA FACILITIES,40,no_match,no_candidate_wqp_stations,,,,,,,,,,,,,,,,,no station metadata rows were available for candidate WQP result zips
CA,ORANGE,Wells 21/22 Desalter,33.6646942251304,-117.839189806168,Irvine Ranch Water District,none,Reverse osmosis,Drinking water,1.44,2013,Orange County Sanitation District / HUNTINGTON BEACH ocean outfall,Groundwater,"nitrate, total dissolved solids",none,1.44,0.29000000000000000,none,none,yes,790-820 mg/L TDS equivalent,"antiscalant, cartridge filters",145-175 (depends on wells used),85,300-350 µS/cm,none,currently 77 : 23,bypass,"ph. adjustment (caustic), chloramination",on original membranes,same as concentrate,none,CALIFORNIA FACILITIES,44,no_match,no_candidate_wqp_stations,,,,,,,,,,,,,,,,,no station metadata rows were available for candidate WQP result zips
CA,ORANGE,Mesa Water Reliability Facility,33.6871144048746,-117.914738287834,Mesa Water District,Costa Mesa,Nanofiltration,Drinking water,8.6,2012,sewer; some concentrate is recycled,Groundwater,color,antifoam agent,8.6,none,none,none,no,390-460 mg/L TDS equivalent,"sand filter, antiscalant, cartridge filters",none,98,none,none,none,none,"pH adjustment, air stripping, pH adjustment again, chloramination",on original membranes,sewer,none,CALIFORNIA FACILITIES,45,no_match,no_candidate_wqp_stations,,,,,,,,,,,,,,,,,no station metadata rows were available for candidate WQP result zips
CA,SAN BERNARDINO,Wochholz Regional WRF,34.0022706400101,-117.07542557369,Yucaipa Valley Water District,none,Microfiltration / reverse osmosis,Water reclamation facility,2,2017,"some brine line, some recycle",Groundwater,for reuse,none,2,2,8,4,yes,none,"acid, antiscalant, cartridge filters",80,80,no target,no target,~ 1 : 1,bypass after MF,"blend, UV",none,none,none,CALIFORNIA FACILITIES,36,matched,nearest_priority_station,1.229534,USGS-340032117035001,002S002W11M003S,Well,NWIS,071,/home/kdd1/jliu/Water_Hub/Water_quality_data/wqp_result_zips/US_06/CA_san_bernardino_county_US_06_071_inorganics_major_metals_wqp_results.zip;/home/kdd1/jliu/Water_Hub/Water_quality_data/wqp_result_zips/US_06/CA_san_bernardino_county_US_06_071_physical_wqp_results.zip,/home/kdd1/jliu/Water_Hub/Water_quality_data/wqp_station_zips/US_06/CA_san_bernardino_county_US_06_071_inorganics_major_metals_wqp_stations.zip;/home/kdd1/jliu/Water_Hub/Water_quality_data/wqp_station_zips/US_06/CA_san_bernardino_county_US_06_071_physical_wqp_stations.zip,-117.06475350,34.00890376,,,93,1.229534,CALWR_WQX-CH001000;CALWR_WQX-KA033773;CALWR_WQX-PCH01000;CALWR_WQX-PCH02000;CEDEN-801RB8533;CEDEN-801S01655;USGS-335913117080701;USGS-340003116582501;USGS-340018117091401;USGS-340032117035001;USGS-340033117063101;USGS-340037117064301;USGS-340046117020801;USGS-340046117020802;USGS-340046117020803;USGS-340046117020804;USGS-340046117040101;USGS-340049117031401;USGS-340051117002601;USGS-340053117051701;USGS-340054117002901;USGS-340057117032501;USGS-340057117040601;USGS-340100117050301;USGS-340105117031601;USGS-340106117045001;USGS-340120117051301;USGS-340124117021301;USGS-340129117035101;USGS-340129117044201;USGS-340130117054901;USGS-340130117054902;USGS-340130117054903;USGS-340130117054904;USGS-340130117054905;USGS-340134117054801;USGS-340135117051502;USGS-340135117051601;USGS-340135117063001;USGS-340136117023701;USGS-340136117033901;USGS-340136117033902;USGS-340136117033903;USGS-340136117033904;USGS-340136117033905;USGS-340137117053501;USGS-340144117053601;USGS-340148117045401;USGS-340202117050201;USGS-340214117020901;USGS-340215117025701;USGS-340223117031801;USGS-340233116594401;USGS-340233117023501;USGS-340233117093301;USGS-340236117023101;USGS-340236117093201;USGS-340238117023201;USGS-340239117024801;USGS-340248117020901;USGS-340248117020902;USGS-340248117020903;USGS-340248117020904;USGS-340248117021061;USGS-340249116595601;USGS-340253117002701;USGS-340254117071101;USGS-340255117021601;USGS-340256116594601;USGS-340256116595101;USGS-340257117015301;USGS-340258116593201;USGS-340301117065801;USGS-340305117014401;USGS-340306116593901;USGS-340316116591601;USGS-340316117025101;USGS-340317116591201;USGS-340334117073201;USGS-340343117021201;USGS-340346117080001;USGS-340407117071602;USGS-340410117003001;USGS-340411117073001;USGS-340415117012701;USGS-340425117055501;USGS-340426117011801;USGS-340430117005701;USGS-340435117012501;USGS-340438117024201;USGS-340442117074501;USGS-340448117012401;USGS-340515117053901,/home/kdd1/jliu/Water_Hub/Water_quality_data/wqp_result_zips/US_06/CA_san_bernardino_county_US_06_071_inorganics_major_metals_wqp_results.zip;/home/kdd1/jliu/Water_Hub/Water_quality_data/wqp_result_zips/US_06/CA_san_bernardino_county_US_06_071_physical_wqp_results.zip,nearest WQP station with priority analytes within 10 km
CA,SAN BERNARDINO,Irwin Water Works,35.2626871909087,-116.684797341403,Fort Irwin,Fort Irwin,primarily electrodialysis reversal (electrodialysis reversal / microfiltration / reverse osmosis / evaporation),Drinking water,6,2016,Evaporation pond,Groundwater,"highly variable flow and complexity; nitrate, silica, total dissolved solids, fluoride, arsenic","EDR concentrate is lime softened, followed by MF, RO, IX, MVC evaporation",6,1.0-2.0,6,1.0-2.0,no,720 mg/L TDS equivalent,"chlorination, cartridge filters before EDR; degasification, stripper prior to MF/RO, IX before evaporator",none,92 (EDR); ~99+ overall,100,none,none,none,"CO2, lime, chlorine",EDR membrane not replaced; 3rd stage RO replaced after 18 months,evaporation pond,evaporation pond,CALIFORNIA FACILITIES,38,matched,nearest_priority_station,0.240744,USGS-351538116410301,014N003E32K001S,Well,NWIS,071,/home/kdd1/jliu/Water_Hub/Water_quality_data/wqp_result_zips/US_06/CA_san_bernardino_county_US_06_071_inorganics_major_metals_wqp_results.zip;/home/kdd1/jliu/Water_Hub/Water_quality_data/wqp_result_zips/US_06/CA_san_bernardino_county_US_06_071_physical_wqp_results.zip,/home/kdd1/jliu/Water_Hub/Water_quality_data/wqp_station_zips/US_06/CA_san_bernardino_county_US_06_071_inorganics_major_metals_wqp_stations.zip;/home/kdd1/jliu/Water_Hub/Water_quality_data/wqp_station_zips/US_06/CA_san_bernardino_county_US_06_071_physical_wqp_stations.zip,-116.68503020,35.26053050,,,132,0.240744,USGS-351106116382801;USGS-351107116382701;USGS-351125116374901;USGS-351128116374701;USGS-351128116374702;USGS-351128116374703;USGS-351153116371601;USGS-351154116380101;USGS-351226116380401;USGS-351240116375601;USGS-351345116383001;USGS-351347116382901;USGS-351347116383001;USGS-351348116382701;USGS-351416116392201;USGS-351416116392202;USGS-351416116392203;USGS-351418116410201;USGS-351422116392501;USGS-351429116395401;USGS-351433116400501;USGS-351441116400401;USGS-351441116400402;USGS-351441116400403;USGS-351441116400404;USGS-351441116400405;USGS-351443116430001;USGS-351449116400501;USGS-351449116400502;USGS-351449116400503;USGS-351450116402301;USGS-351456116395001;USGS-351504116400301;USGS-351504116405501;USGS-351505116405701;USGS-351514116401401;USGS-351514116401402;USGS-351514116401403;USGS-351515116395201;USGS-351515116395203;USGS-351521116400201;USGS-351521116400202;USGS-351521116400203;USGS-351523116402801;USGS-351523116402802;USGS-351523116402803;USGS-351524116412901;USGS-351525116402901;USGS-351525116411301;USGS-351525116413001;USGS-351525116413002;USGS-351525116413003;USGS-351527116395201;USGS-351527116412501;USGS-351527116412502;USGS-351527116412503;USGS-351527116412504;USGS-351527116412505;USGS-351530116394401;USGS-351537116410301;USGS-351538116410301;USGS-351539116393001;USGS-351539116405601;USGS-351539116405603;USGS-351539116405604;USGS-351539116405605;USGS-351539116405606;USGS-351539116411701;USGS-351542116393702;USGS-351542116420601;USGS-351543116413401;USGS-351547116405001;USGS-351549116393801;USGS-351550116393101;USGS-351550116411101;USGS-351553116411001;USGS-351553116413101;USGS-351556116402401;USGS-351556116402402;USGS-351556116404601;USGS-351557116393901;USGS-351558116412101;USGS-351558116412102;USGS-351559116393701;USGS-351559116395701;USGS-351559116395702;USGS-351602116355101;USGS-351602116401101;USGS-351603116393801;USGS-351604116393101;USGS-351607116410601;USGS-351608116395701;USGS-351610116380201;USGS-351611116380201;USGS-351614116394401;USGS-351616116410701;USGS-351616116410702;USGS-351616116410703;USGS-351635116393601;USGS-351638116374301;USGS-351638116374303;USGS-351638116374304;USGS-351654116393301;USGS-351656116392901;USGS-351656116393101;USGS-351656116393401;USGS-351658116395201;USGS-351659116393801;USGS-351710116392701;USGS-351716116363701;USGS-351716116363702;USGS-351716116363703;USGS-351716116363704;USGS-351716116363705;USGS-351719116390301;USGS-351738116374101;USGS-351742116362401;USGS-351759116374401;USGS-351759116374402;USGS-351759116374403;USGS-351809116375901;USGS-351810116375701;USGS-351811116361701;USGS-351811116361801;USGS-351828116371201;USGS-351828116371202;USGS-351828116371203;USGS-351829116371201;USGS-351830116364501;USGS-351830116372601;USGS-352619116384301;USGS-352850116412701,/home/kdd1/jliu/Water_Hub/Water_quality_data/wqp_result_zips/US_06/CA_san_bernardino_county_US_06_071_inorganics_major_metals_wqp_results.zip;/home/kdd1/jliu/Water_Hub/Water_quality_data/wqp_result_zips/US_06/CA_san_bernardino_county_US_06_071_physical_wqp_results.zip,nearest WQP station with priority analytes within 10 km
CA,SAN DIEGO,Carlsbad Desal Project,33.1386145433163,-117.334699024503,none,Carlsbad,Seawater reverse osmosis,Drinking water,50,2015,Outfall,Seawater,need/demand for drinking water,none,54,50,54,50,none,none,"multimedia filter, cartridge filters, microfiltration",none,50,none,NA,none,none,"stabilization, disinfection (chloramination), carbon dioxide, lime, fluoride",on original membranes,none,none,CALIFORNIA FACILITIES,39,matched,nearest_priority_station,7.601064,USGS-331217117211601,011S005W13Q003S,Well,NWIS,073,/home/kdd1/jliu/Water_Hub/Water_quality_data/wqp_result_zips/US_06/CA_san_diego_county_US_06_073_inorganics_major_metals_wqp_results.zip;/home/kdd1/jliu/Water_Hub/Water_quality_data/wqp_result_zips/US_06/CA_san_diego_county_US_06_073_physical_wqp_results.zip,/home/kdd1/jliu/Water_Hub/Water_quality_data/wqp_station_zips/US_06/CA_san_diego_county_US_06_073_inorganics_major_metals_wqp_stations.zip;/home/kdd1/jliu/Water_Hub/Water_quality_data/wqp_station_zips/US_06/CA_san_diego_county_US_06_073_physical_wqp_stations.zip,-117.35531600,33.20475830,,,85,0.314169,CEDEN-903SLRRBB;CEDEN-903SLSLR8;CEDEN-904CBAHC6;CEDEN-904CBBVR4;CEDEN-904CBLAC3;CEDEN-904CBSAM6;CEDEN-904EMISGC;CEDEN-AHC-MLS;CEDEN-B13-8200;CEDEN-B13-8202;CEDEN-B13-8205;CEDEN-B13-8218;CEDEN-B13-8219;CEDEN-B13-8222;CEDEN-BTQ-010;CEDEN-BVC-010;CEDEN-BVC-015;CEDEN-BVC-020;CEDEN-BVC-030;CEDEN-BVC-035;CEDEN-PA_WQTF_Inlet;CEDEN-PA_WQTF_Outlet;CEDEN-SLR-010;CEDEN-SLR-020;CEDEN-SMC03929;CEDEN-SMC04441;CEDEN-VI_BV-5;CEDEN-VI_BV-9;EMAP_CS-CA03-4049;EMAP_CS-CA99-0042;EMAP_CS-CA99-0043;EMAP_CS_WQX-CA04-0036;EMAP_CS_WQX-CS05-0011;EMAP_CS_WQX-CS06-0040;NARS_WQX-CA04-0036;NARS_WQX-CA99-0042;NARS_WQX-CA99-0043;NARS_WQX-CS05-0011;NARS_WQX-CS06-0040;USGS-11042000;USGS-330518117153901;USGS-331217117211601;USGS-331231117225101;USGS-331231117225102;USGS-331231117225103;USGS-331231117225104;USGS-331231117225105;USGS-331244117211901;USGS-331244117211902;USGS-331251117211001;USGS-331252117214601;USGS-331253117214301;USGS-331254117213701;USGS-331254117213801;USGS-331254117221001;USGS-331258117202801;USGS-331301117212501;USGS-331302117202901;USGS-331302117212601;USGS-331304117202901;USGS-331307117202401;USGS-331307117202402;USGS-331310117202001;USGS-331310117202002;USGS-331311117202001;USGS-331312117201701;USGS-331312117203201;USGS-331313117213301;USGS-331319117203801;USGS-331326117211101;USGS-331326117211201;USGS-331329117203301;USGS-331331117201601;USGS-331331117201701;USGS-331331117201702;USGS-331334117202101;USGS-331334117202102;USGS-331334117202301;USGS-331335117203001;USGS-331336117192302;USGS-331336117202701;USGS-331336117203001;USGS-331337117202701;USGS-331337117202901;USGS-331341117200301,/home/kdd1/jliu/Water_Hub/Water_quality_data/wqp_result_zips/US_06/CA_san_diego_county_US_06_073_inorganics_major_metals_wqp_results.zip;/home/kdd1/jliu/Water_Hub/Water_quality_data/wqp_result_zips/US_06/CA_san_diego_county_US_06_073_physical_wqp_results.zip,nearest WQP station with priority analytes within 10 km; closer station CEDEN-B13-8218 at 0.31 km lacks the priority analytes
CA,SAN LUIS OBISPO,Cambria Sustainable Water Facility,35.5974231543197,-121.118471216721,Cambria Community Services District (CCSD),Cambria,Reverse osmosis,Drinking water,0.6,2014,Evaporation pond,Groundwater,originally for emergency supply; has been offline; may undergo system redesign,none,none,none,none,none,none,none,none,none,none,none,none,none,none,none,none,none,none,CALIFORNIA FACILITIES,42,matched,nearest_priority_station,0.318401,USGS-353546121071401,027S008E09N002M,Well,NWIS,079,/home/kdd1/jliu/Water_Hub/Water_quality_data/wqp_result_zips/US_06/CA_san_luis_obispo_county_US_06_079_inorganics_major_metals_wqp_results.zip;/home/kdd1/jliu/Water_Hub/Water_quality_data/wqp_result_zips/US_06/CA_san_luis_obispo_county_US_06_079_physical_wqp_results.zip,/home/kdd1/jliu/Water_Hub/Water_quality_data/wqp_station_zips/US_06/CA_san_luis_obispo_county_US_06_079_inorganics_major_metals_wqp_stations.zip;/home/kdd1/jliu/Water_Hub/Water_quality_data/wqp_station_zips/US_06/CA_san_luis_obispo_county_US_06_079_physical_wqp_stations.zip,-121.12158250,35.59608190,,,23,0.318401,CEDEN-310PCO;CEDEN-310SRO;CEDEN-310SRU;CEDEN-310SSC;CEDEN-310SSU;USGS-11142240;USGS-11142300;USGS-353339121053900;USGS-353351121054501;USGS-353351121054502;USGS-353406121061100;USGS-353411121033301;USGS-353425121010501;USGS-353430121020101;USGS-353449121011501;USGS-353545121072901;USGS-353545121072902;USGS-353546121071401;USGS-353609121070601;USGS-353614121052001;USGS-353624121044201;USGS-353624121052201;USGS-353635121043101,/home/kdd1/jliu/Water_Hub/Water_quality_data/wqp_result_zips/US_06/CA_san_luis_obispo_county_US_06_079_inorganics_major_metals_wqp_results.zip;/home/kdd1/jliu/Water_Hub/Water_quality_data/wqp_result_zips/US_06/CA_san_luis_obispo_county_US_06_079_physical_wqp_results.zip,nearest WQP station with priority analytes within 10 km
CA,SANTA MONICA,Santa Monica Water Treatment Works,34.0439229768808,-118.466320701309,City of Santa Monica,Santa Monica,Reverse osmosis,Drinking water,10,2011,Sewer discharge,Groundwater,total dissolved solids,none,10,6.9,none,none,yes,500 mg/L TDS equivalent,"greensand filter, GAC, cartridge filters, antiscalant",90,82,200 µS/cm,~ 400 µS/cm,80 : 20,bypass after same filtering process,"blend, air stripper, caustic, fluoride, chloramination",~ 6 years,sewer,none,CALIFORNIA FACILITIES,46,matched,nearest_priority_station,0.034699,USGS-340238118272501,001S015W32A005S,Well,NWIS,037,/home/kdd1/jliu/Water_Hub/Water_quality_data/wqp_result_zips/US_06/CA_los_angeles_county_US_06_037_inorganics_major_metals_wqp_results.zip,/home/kdd1/jliu/Water_Hub/Water_quality_data/wqp_station_zips/US_06/CA_los_angeles_county_US_06_037_inorganics_major_metals_wqp_stations.zip,-118.46633330,34.04361110,,,28,0.034699,CEDEN-1793_Franklin_CB;CEDEN-BC1-Fax;CEDEN-BC2-Ing;CEDEN-SM_Broadway_Harvard;CEDEN-SM_Broadway_Stanford;CEDEN-SM_Colorado_Berkeley;CEDEN-SM_Colorado_Harvard;USGS-335900118220001;USGS-340023118275401;USGS-340044118293101;USGS-340058118253201;USGS-340103118253101;USGS-340116118285501;USGS-340142118280501;USGS-340142118280601;USGS-340142118280602;USGS-340142118280603;USGS-340142118280604;USGS-340152118273601;USGS-340200118270001;USGS-340235118295901;USGS-340238118272501;USGS-340242118273001;USGS-340259118241201;USGS-340400118230001;USGS-340400118240001;USGS-340405118243001;USGS-340420118250701,/home/kdd1/jliu/Water_Hub/Water_quality_data/wqp_result_zips/US_06/CA_los_angeles_county_US_06_037_inorganics_major_metals_wqp_results.zip;/home/kdd1/jliu/Water_Hub/Water_quality_data/wqp_result_zips/US_06/CA_los_angeles_county_US_06_037_physical_wqp_results.zip,nearest WQP station with priority analytes within 10 km
CA,VENTURA,Advanced Water Purification Facility,34.145607982535,-119.183321735652,City of Oxnard,Oxnard,Microfiltration / reverse osmosis / advanced oxidation process,Wastewater treatment plant,6.25,2015,brine line to Huemene outfall,secondary effluent,for reuse,none,6.25,based on demand; high flow avg. = ~4; low flow avg. ~ 1-2,none,none,no,1280-2240 mg/L TDS equivalent,"cartridge filter, chlorination, MF",40,depends on demand; 85% at high flow,none,none,none,none,"UV, pH adjustment by decarbonation and lime",on original membranes,none,none,CALIFORNIA FACILITIES,41,matched,nearest_priority_station,0.618198,USGS-340827119110901,001N022W28G001S,Well,NWIS,111,/home/kdd1/jliu/Water_Hub/Water_quality_data/wqp_result_zips/US_06/CA_ventura_county_US_06_111_inorganics_major_metals_wqp_results.zip;/home/kdd1/jliu/Water_Hub/Water_quality_data/wqp_result_zips/US_06/CA_ventura_county_US_06_111_physical_wqp_results.zip,/home/kdd1/jliu/Water_Hub/Water_quality_data/wqp_station_zips/US_06/CA_ventura_county_US_06_111_inorganics_major_metals_wqp_stations.zip;/home/kdd1/jliu/Water_Hub/Water_quality_data/wqp_station_zips/US_06/CA_ventura_county_US_06_111_physical_wqp_stations.zip,-119.18677360,34.14083859,,,166,0.266350,11NPSWRD_WQX-SAMO_SCCP_0814C;11NPSWRD_WQX-SAMO_SCCP_0830C;11NPSWRD_WQX-SAMO_SCCP_0831C;CEDEN-01T_ODD3_EDI;CEDEN-408WE0654;CEDEN-408WE1039;CEDEN-410VDHME1;CEDEN-410VDJSD1;CEDEN-410VDOXD1;CEDEN-410VHCHN1;CEDEN-410VHCHN2;CEDEN-410VHCHN3;CEDEN-410VHCHN4;CEDEN-410VHCHN5;CEDEN-410VHHME1;CEDEN-410VHHME2;CEDEN-410VHHME3;CEDEN-410VHHME4;CEDEN-MO-HUE;CEDEN-Oxn_CI-04;CEDEN-Oxn_CI-05;CEDEN-Oxn_CI-06;CEDEN-Oxn_CI-07;CEDEN-Oxn_CI-08;CEDEN-Oxn_CI-13;CEDEN-Oxn_CI-16;CEDEN-Oxn_CI-17;CEDEN-Oxn_CI-20;CEDEN-Oxn_CI-22;CEDEN-Oxn_CI-23;CEDEN-Oxn_CI-24;CEDEN-Oxn_CI-26;CEDEN-Oxn_CI-28;CEDEN-Oxn_CI-29;CEDEN-Oxn_CI-30;EMAP_CS-CA99-0028;EMAP_CS-CA99-0029;NARS-WCAP99-0654;NARS-WCAP99-1039;NARS_WQX-CA99-0028;NARS_WQX-CA99-0029;NARS_WQX-WCAP99-0654;NARS_WQX-WCAP99-1039;USGS-340544119062901;USGS-340544119062902;USGS-340650119080201;USGS-340650119080202;USGS-340650119080203;USGS-340650119080204;USGS-340700119070001;USGS-340707119061301;USGS-340711119061201;USGS-340712119062001;USGS-340712119062002;USGS-340712119062003;USGS-340712119062004;USGS-340712119062005;USGS-340712119062006;USGS-340727119075601;USGS-340727119075602;USGS-340727119075603;USGS-340727119075604;USGS-340727119075605;USGS-340728119095701;USGS-340729119062701;USGS-340729119072101;USGS-340729119075401;USGS-340730119074701;USGS-340730119080901;USGS-340732119093801;USGS-340732119093802;USGS-340732119093803;USGS-340732119093804;USGS-340732119093805;USGS-340738119061401;USGS-340756119044201;USGS-340800119095901;USGS-340800119095902;USGS-340800119095903;USGS-340812119053301;USGS-340820119103401;USGS-340821119080701;USGS-340821119085701;USGS-340821119085702;USGS-340821119085703;USGS-340827119110901;USGS-340827119110902;USGS-340827119110903;USGS-340827119110904;USGS-340827119110905;USGS-340829119050901;USGS-340842119054301;USGS-340845119125401;USGS-340845119125402;USGS-340845119125403;USGS-340845119125404;USGS-340848119102601;USGS-340848119102602;USGS-340848119102603;USGS-340850119111001;USGS-340851119094001;USGS-340853119090601;USGS-340903119101601;USGS-340907119055801;USGS-340907119125201;USGS-340907119125202;USGS-340907119125203;USGS-340907119125204;USGS-340907119125301;USGS-340907119125302;USGS-340911119095601;USGS-340911119095602;USGS-340913119073101;USGS-340914119073301;USGS-340914119073302;USGS-340914119073303;USGS-340914119073304;USGS-340914119073305;USGS-340914119113401;USGS-340915119071301;USGS-340916119045001;USGS-340916119120901;USGS-340916119120902;USGS-340916119120903;USGS-340916119120904;USGS-340916119120905;USGS-340918119073601;USGS-340923119095501;USGS-340929119085001;USGS-340932119111101;USGS-340932119130501;USGS-340937119072801;USGS-340937119080301;USGS-340938119111301;USGS-341019119115501;USGS-341026119126001;USGS-341032119082701;USGS-341034119054501;USGS-341048119065001;USGS-341120119092401;USGS-341123119100401;USGS-341142119082601;USGS-341143119064801;USGS-341200119130001;USGS-341202119102901;USGS-341202119103001;USGS-341203119103101;USGS-341204119103001;USGS-341205119102801;USGS-341205119102901;USGS-341205119103101;USGS-341215119145501;USGS-341215119145502;USGS-341215119145503;USGS-341215119145504;USGS-341244119113901;USGS-341259119083901;USGS-341259119083902;USGS-341300119080001;USGS-341300119100001;USGS-341308119134501;USGS-341309119123801;USGS-341321119132901;USGS-341322119080601;USGS-341340119113701;USGS-341342119100801,/home/kdd1/jliu/Water_Hub/Water_quality_data/wqp_result_zips/US_06/CA_ventura_county_US_06_111_inorganics_major_metals_wqp_results.zip;/home/kdd1/jliu/Water_Hub/Water_quality_data/wqp_result_zips/US_06/CA_ventura_county_US_06_111_physical_wqp_results.zip,nearest WQP station with priority analytes within 10 km; closer station CEDEN-410VDJSD1 at 0.27 km lacks the priority analytes
CA,VENTURA,Round Mountain Desalter,34.1644915318041,-119.052832416352,Camrosa Water District,Camrosa,Reverse osmosis,Drinking water,1,2014,brine line to Huemene outfall,Groundwater,"total dissolved solids, increased water demand, reduces import need",none,1,close to 1,none,none,yes,1200 mg/L TDS equivalent,"Fe/Mn oxidation (chlorine), dechlorination, antiscalant, cartridge filters",125-150,75,none,none,~ 600 : 85,bypass,"blend, pH adjustment (caustic), chloramination",had membranes replaced under warranty during start-up due to start-up issues,"neutralization, sewer",none,CALIFORNIA FACILITIES,43,matched,nearest_priority_station,1.080009,USGS-341003119034701,001N021W15J004S,Well,NWIS,111,/home/kdd1/jliu/Water_Hub/Water_quality_data/wqp_result_zips/US_06/CA_ventura_county_US_06_111_inorganics_major_metals_wqp_results.zip;/home/kdd1/jliu/Water_Hub/Water_quality_data/wqp_result_zips/US_06/CA_ventura_county_US_06_111_physical_wqp_results.zip,/home/kdd1/jliu/Water_Hub/Water_quality_data/wqp_station_zips/US_06/CA_ventura_county_US_06_111_inorganics_major_metals_wqp_stations.zip;/home/kdd1/jliu/Water_Hub/Water_quality_data/wqp_station_zips/US_06/CA_ventura_county_US_06_111_physical_wqp_stations.zip,-119.06399160,34.16750554,,,113,0.958842,11NPSWRD_WQX-SAMO_SCCP_0820C;11NPSWRD_WQX-SAMO_SCCP_0833C;11NPSWRD_WQX-SAMO_SCCP_2308G;11NPSWRD_WQX-SAMO_SCCP_2310G;CEDEN-404VCBSCU;CEDEN-408BA0836;CEDEN-408WE0547;CEDEN-408WE0654;CEDEN-408WE1039;CEDEN-7-343;CEDEN-7-384;CEDEN-7-385;CEDEN-7-386;CEDEN-7-387;CEDEN-ME-CC;CEDEN-MO-CAM;CEDEN-SMC01860;CEDEN-SMC03268;EMAP_CS-CA99-0030;NARS-WCAP99-0547;NARS-WCAP99-0654;NARS-WCAP99-1039;NARS_WQX-CA99-0030;NARS_WQX-NWC_CA-10269;NARS_WQX-WCAP99-0654;NARS_WQX-WCAP99-1039;USGS-11106550;USGS-340544119062901;USGS-340544119062902;USGS-340650119080201;USGS-340650119080202;USGS-340650119080203;USGS-340650119080204;USGS-340700119070001;USGS-340707119061301;USGS-340711119061201;USGS-340712119062001;USGS-340712119062002;USGS-340712119062003;USGS-340712119062004;USGS-340712119062005;USGS-340712119062006;USGS-340727119075601;USGS-340727119075602;USGS-340727119075603;USGS-340727119075604;USGS-340727119075605;USGS-340729119062701;USGS-340729119072101;USGS-340729119075401;USGS-340730119074701;USGS-340730119080901;USGS-340738119061401;USGS-340756119044201;USGS-340812119053301;USGS-340813119024801;USGS-340821119080701;USGS-340821119085701;USGS-340821119085702;USGS-340821119085703;USGS-340829119050901;USGS-340842119054301;USGS-340853119090601;USGS-340907119055801;USGS-340912119040901;USGS-340913119073101;USGS-340914119073301;USGS-340914119073302;USGS-340914119073303;USGS-340914119073304;USGS-340914119073305;USGS-340915119071301;USGS-340915119073101;USGS-340916119045001;USGS-340918119073601;USGS-340929119085001;USGS-340937119072801;USGS-340937119080301;USGS-341003119034701;USGS-341007119042101;USGS-341018119034701;USGS-341032119042501;USGS-341032119082701;USGS-341034119054501;USGS-341046119030801;USGS-341047119023601;USGS-341048119065001;USGS-341059119040601;USGS-341120119092401;USGS-341128119034101;USGS-341129119011201;USGS-341142119082601;USGS-341143119064801;USGS-341145119034601;USGS-341146119045701;USGS-341148119040601;USGS-341206119054101;USGS-341217119015701;USGS-341217119020201;USGS-341218119010401;USGS-341245118592201;USGS-341246119040201;USGS-341246119040202;USGS-341246119040203;USGS-341246119040204;USGS-341246119040205;USGS-341246119040601;USGS-341253119014601;USGS-341259119063301;USGS-341300119040001;USGS-341309119005601;USGS-341400118590001;USGS-341438119010501,/home/kdd1/jliu/Water_Hub/Water_quality_data/wqp_result_zips/US_06/CA_ventura_county_US_06_111_inorganics_major_metals_wqp_results.zip;/home/kdd1/jliu/Water_Hub/Water_quality_data/wqp_result_zips/US_06/CA_ventura_county_US_06_111_physical_wqp_results.zip,nearest WQP station with priority analytes within 10 km; closer station CEDEN-SMC03268 at 0.96 km lacks the priority analytes
CO,none,Sterling WTF,40.6677504931184,-103.129170126228,City of Sterling,Sterling,Reverse osmosis,Drinking water,9.6,2013,Deep well injection / sewer discharge,Groundwater,"total dissolved solids, uranium, hardness","25 µ filter, antiscalant",9.6,4,none,none,yes,448-1216 mg/L TDS equivalent,"antiscalant, cartridge filters",112-130,82,none,none,80 : 20,same wells except for one that goes directly to RO; filtered to 1 µ,"bioscrub to remove odor, stabilization, disinfection, pH adjustment",none,none,none,Sheet1_table_04,92,matched,nearest_station,0.873551,CORIVWCH_WQX-226,S Platte - Bravo Ditch,River/Stream,STORET,075,/home/kdd1/jliu/Water_Hub/Water_quality_data/wqp_result_zips/US_08/CO_all_counties_US_08_physical_wqp_results.zip,/home/kdd1/jliu/Water_Hub/Water_quality_data/wqp_station_zips/US_08/CO_all_counties_US_08_physical_wqp_stations.zip,-103.13218260,40.67526692,,,16,0.873551,CORIVWCH_WQX-224;CORIVWCH_WQX-225;CORIVWCH_WQX-226;CORIVWCH_WQX-5168;CORIVWCH_WQX-5193;NARS_WQX-NRS_CO-10494;USGS-403701103125500;USGS-403709103111900;USGS-403733103101101;USGS-404102103120701;USGS-404106103082201;USGS-404256103064401;USGS-404256103072500;USGS-404302103064601;USGS-404320103053801;USGS-404406103100401,/home/kdd1/jliu/Water_Hub/Water_quality_data/wqp_result_zips/US_08/CO_all_counties_US_08_inorganics_major_metals_wqp_results.zip;/home/kdd1/jliu/Water_Hub/Water_quality_data/wqp_result_zips/US_08/CO_all_counties_US_08_physical_wqp_results.zip,nearest WQP monitoring location within 10 km; no station with priority analytes in range
CO,none,Northern WTP,39.94365165303,-104.759669170116,ECCV Water & Sanitation District,East Cherry Creek,Reverse osmosis,Drinking water,7,2012,Deep well injection,Groundwater,"total dissolved solids, hardness",none,7,6.5,11,7.7,yes,900-1100 mg/L TDS equivalent,"antiscalant, 5 µ cartridge filter",140-170,75,none,250-300 mg/l,70:30,UV treated bypass,"disinfection (hypochlorite), pH adjustment (caustic)",low pressure membrane are original; one replacement on one high pressure skid,none,none,Sheet1_table_04,95,matched,nearest_station,0.376251,NALMS-F203031,"Barr Lake, Adams County, CO, USA",Reservoir,STORET,001,/home/kdd1/jliu/Water_Hub/Water_quality_data/wqp_result_zips/US_08/CO_all_counties_US_08_physical_wqp_results.zip,/home/kdd1/jliu/Water_Hub/Water_quality_data/wqp_station_zips/US_08/CO_all_counties_US_08_physical_wqp_stations.zip,-104.76400000,39.94300000,,,202,0.376251,21COL001-000023;21COL001-0112053796-1;21COL001-0112053796-2;21COL001-0112053796-3;21COL001-0112053796-4;21COL001-0112053796-5;21COL001-0112053796-6;21COL001-0112053796-7;21COL001-0112053796-8;21COL001-5150;21COL001-BARR01;21COL001-BARR02;21COL001-CO-0021547;21COL001_WQX-000023;21COL001_WQX-5280;21COL001_WQX-5296;21COL001_WQX-5709B;21COL001_WQX-BARR02;21COL001_WQX-CPW-005;21COL001_WQX-CPW-005A;BRIGHTON-EFFLUENT;BRIGHTON-RIVER DOWN;BRIGHTON-RIVER UP;CORIVWCH_WQX-209;CORIVWCH_WQX-408;CORIVWCH_WQX-492;CORIVWCH_WQX-860;CORIVWCH_WQX-861;CORIVWCH_WQX-862;MWRD-BARR1;MWRD-BARR2;MWRD-BARR3;MWRD-SP-124;MWRD-SP-160;MWRD_WQX-BARR1B;MWRD_WQX-BARR2B;MWRD_WQX-BARR3B;MWRD_WQX-BARR3P;MWRD_WQX-DBE-160;MWRD_WQX-DBU-BARR;MWRD_WQX-DBU-PEOR;MWRD_WQX-GW-124E;MWRD_WQX-GW-124W;MWRD_WQX-GW-160E;MWRD_WQX-GW-160W;MWRD_WQX-NTP-SPR;MWRD_WQX-SP-124;MWRD_WQX-SP-160;MWRD_WQX-SPR-6.5;MWRD_WQX-SPR-7;MWRD_WQX-SPR-8;MWRD_WQX-SPR-8.5;NALMS-F203031;USGS-06720500;USGS-395120104445401;USGS-395256104484401;USGS-395305104504901;USGS-395308104482601;USGS-395308104483001;USGS-395320104510601;USGS-395329104493601;USGS-395345104424901;USGS-395350104511201;USGS-395400104511701;USGS-395401104440401;USGS-395403104510501;USGS-395404104481401;USGS-395419104483301;USGS-395430104474901;USGS-395435104492801;USGS-395437104493701;USGS-395439104495801;USGS-395440104450701;USGS-395440104451101;USGS-395440104451102;USGS-395441104461101;USGS-395441104510501;USGS-395443104492101;USGS-395448104504101;USGS-395450104402701;USGS-395451104461301;USGS-395452104504201;USGS-395453104465001;USGS-395502104510101;USGS-395513104465501;USGS-395515104505601;USGS-395515104510701;USGS-395521104503401;USGS-395522104465701;USGS-395522104505801;USGS-395532104511501;USGS-395533104472401;USGS-395541104385701;USGS-395543104423301;USGS-395545104492801;USGS-395547104494001;USGS-395553104504401;USGS-395553104510101;USGS-395600104484301;USGS-395602104481201;USGS-395602104482801;USGS-395615104492701;USGS-395616104500801;USGS-395621104495901;USGS-395623104504601;USGS-395625104501701;USGS-395625104503001;USGS-395626104482901;USGS-395636104464301;USGS-395636104470201;USGS-395637104465500;USGS-395637104465501;USGS-395639104404201;USGS-395639104500801;USGS-395640104492001;USGS-395640104494301;USGS-395642104492101;USGS-395714104514501;USGS-395717104490901;USGS-395719104495301;USGS-395730104451700;USGS-395730104492001;USGS-395732104484001;USGS-395734104491001;USGS-395744104494101;USGS-395744104500301;USGS-395747104490401;USGS-395747104493301;USGS-395748104495901;USGS-395748104514401;USGS-395754104500101;USGS-395756104495601;USGS-395800104491801;USGS-395801104493001;USGS-395803104484601;USGS-395813104490401;USGS-395813104491401;USGS-395813104493301;USGS-395822104432401;USGS-395825104483401;USGS-395825104492401;USGS-395834104440201;USGS-395834104492501;USGS-395836104491601;USGS-395838104482701;USGS-395841104403501;USGS-395841104510901;USGS-395849104483101;USGS-395850104492401;USGS-395906104423801;USGS-395909104434801;USGS-395911104505901;USGS-395913104495500;USGS-395914104465901;USGS-395917104461301;USGS-395917104464001;USGS-395929104493301;USGS-395930104495601;USGS-395931104503301;USGS-395933104494801;USGS-395934104490201;USGS-395938104434601;USGS-395946104511001;USGS-395955104482101;USGS-395958104433101;USGS-400000104471601;USGS-400001104493600;USGS-400002104484601;USGS-400002104491301;USGS-400003104491801;USGS-400003104502401;USGS-400005104485001;USGS-400007104484101;USGS-400007104500801;USGS-400010104500601;USGS-400012104431601;USGS-400015104474201;USGS-400015104474601;USGS-400015104485701;USGS-400019104481201;USGS-400031104483301;USGS-400032104484201;USGS-400032104485001;USGS-400039104481301;USGS-400041104483201;USGS-400047104484201;USGS-400048104490601;USGS-400049104483101;USGS-400049104495201;USGS-400051104485201;USGS-400055104483401;USGS-400057104412401;USGS-400057104425501;USGS-400058104483901;USGS-400101104422101;USGS-400103104421701;USGS-400104104484901;USGS-400107104421601;USGS-400109104482301;USGS-400111104483201;USGS-400123104483301;USGS-400126104482401,/home/kdd1/jliu/Water_Hub/Water_quality_data/wqp_result_zips/US_08/CO_all_counties_US_08_inorganics_major_metals_wqp_results.zip;/home/kdd1/jliu/Water_Hub/Water_quality_data/wqp_result_zips/US_08/CO_all_counties_US_08_physical_wqp_results.zip,nearest WQP monitoring location within 10 km; no station with priority analytes in range
CO,none,Arapahoe County ACWWA WPP,39.5690725610014,-104.805390608344,Arapahoe County Water and WW Authority,Centennial,Reverse osmosis,Drinking water,9,2010,Surface water discharge,Groundwater,none,none,none,none,none,none,yes,none,none,none,none,none,none,none,MF permeate,none,none,none,none,Sheet1_table_04,102,matched,nearest_station,0.225714,USGS-393416104481701,SC00506632CAC1,Well,NWIS,005,/home/kdd1/jliu/Water_Hub/Water_quality_data/wqp_result_zips/US_08/CO_all_counties_US_08_physical_wqp_results.zip,/home/kdd1/jliu/Water_Hub/Water_quality_data/wqp_station_zips/US_08/CO_all_counties_US_08_physical_wqp_stations.zip,-104.80525340,39.57109970,,,169,0.225714,21COL001-5251;21COL001-5252;21COL001-5271;21COL001-CHCLK01;21COL001-CHCLK02;21COL001-CHCLK03;21COL001-QR01;21COL001_WQX-5251;21COL001_WQX-5252;21COL001_WQX-5252A;21COL001_WQX-5252B;21COL001_WQX-5253A1;21COL001_WQX-5271;21COL001_WQX-CHCLK01;21COL001_WQX-CPW-024;21COL001_WQX-QR01;COEOMAHA_WQX-CCR080004;COEOMAHA_WQX-CCR080005;COEOMAHA_WQX-CCRLKML1;COEOMAHA_WQX-CCRLKND1;COEOMAHA_WQX-CCRLKUP1;CORIVWCH_WQX-15;CORIVWCH_WQX-635;CORIVWCH_WQX-636;CORIVWCH_WQX-637;CORIVWCH_WQX-703;CORIVWCH_WQX-743;NALMS-F198369;NALMS-F203038;USGS-06712450;USGS-06712495;USGS-06712500;USGS-06712850;USGS-06712855;USGS-06712860;USGS-06712950;USGS-06712960;USGS-392935104455701;USGS-393003104450001;USGS-393004104481401;USGS-393006104445101;USGS-393013104485601;USGS-393024104460301;USGS-393028104473301;USGS-393050104455700;USGS-393050104455701;USGS-393057104441101;USGS-393059104442901;USGS-393101104455201;USGS-393107104460501;USGS-393107104461601;USGS-393109104464500;USGS-393116104533201;USGS-393121104473501;USGS-393122104444701;USGS-393125104433701;USGS-393138104454101;USGS-393138104471901;USGS-393145104472401;USGS-393146104482901;USGS-393150104433001;USGS-393156104415501;USGS-393213104463501;USGS-393214104443701;USGS-393227104490101;USGS-393227104493001;USGS-393229104541101;USGS-393230104454401;USGS-393234104465601;USGS-393235104484201;USGS-393238104484101;USGS-393240104465501;USGS-393240104465701;USGS-393245104493801;USGS-393257104545100;USGS-393257104545101;USGS-393302104515901;USGS-393304104444201;USGS-393304104545101;USGS-393317104471501;USGS-393317104471601;USGS-393321104515701;USGS-393322104470701;USGS-393327104542001;USGS-393330104502301;USGS-393344104472201;USGS-393359104543601;USGS-393405104472401;USGS-393408104544001;USGS-393412104534601;USGS-393416104481701;USGS-393418104515701;USGS-393435104474601;USGS-393438104474601;USGS-393445104520501;USGS-393448104511701;USGS-393451104480601;USGS-393451104541401;USGS-393452104541401;USGS-393458104544101;USGS-393516104483901;USGS-393528104460501;USGS-393534104483901;USGS-393537104462301;USGS-393541104484201;USGS-393541104541401;USGS-393543104482201;USGS-393543104484701;USGS-393547104492301;USGS-393549104492301;USGS-393557104483101;USGS-393604104505701;USGS-393605104425601;USGS-393606104525701;USGS-393608104483801;USGS-393609104484401;USGS-393609104501501;USGS-393610104523501;USGS-393614104491101;USGS-393617104493901;USGS-393618104505001;USGS-393621104484201;USGS-393627104491101;USGS-393632104502101;USGS-393634104501301;USGS-393636104483401;USGS-393636104490201;USGS-393640104433701;USGS-393644104464301;USGS-393654104472001;USGS-393654104485001;USGS-393655104441901;USGS-393655104463001;USGS-393656104453701;USGS-393700104454101;USGS-393714104494501;USGS-393714104500601;USGS-393726104474101;USGS-393728104483701;USGS-393733104465101;USGS-393735104533901;USGS-393742104453801;USGS-393747104493501;USGS-393751104493002;USGS-393801104505001;USGS-393815104503501;USGS-393821104465601;USGS-393823104455801;USGS-393827104512801;USGS-393836104470301;USGS-393836104474701;USGS-393837104450101;USGS-393837104483701;USGS-393846104465601;USGS-393846104513201;USGS-393848104505601;USGS-393854104505801;USGS-393858104465701;USGS-393902104490901;USGS-393902104511400;USGS-393903104455701;USGS-393903104480701;USGS-393903104491001;USGS-393908104464501;USGS-393909104464502;USGS-393910104464501;USGS-393910104464502;USGS-393913104464401;USGS-393921104463901,/home/kdd1/jliu/Water_Hub/Water_quality_data/wqp_result_zips/US_08/CO_all_counties_US_08_inorganics_major_metals_wqp_results.zip;/home/kdd1/jliu/Water_Hub/Water_quality_data/wqp_result_zips/US_08/CO_all_counties_US_08_physical_wqp_results.zip,nearest WQP monitoring location within 10 km; no station with priority analytes in range
FL,BROWARD,NSID NF WTP,26.2955411565297,-80.2554968359172,North Springs Water Improvement District,Coral Springs,Nanofiltration,Drinking water,6.75,2016,Sewer discharge,Groundwater,"taste and odor, total organic carbon, hardness, hydrogen sulfide",none,none,none,none,none,yes,none,"strainer, cartridge filter, H2SO4, scale inhibitor",none,none,none,none,80 to 95 % permeate,source water after cartridge filter,"H2SO4, degasification (for H2S), hypochlorite; NaOH of pH stability; corrosion inhibitor; ammonium sulfite to form chloramine to reduce DBP formation",none,none,none,FLORIDA FACILIITIES,11,matched,nearest_priority_station,0.687683,21FLSFWM-NSIDEA03,AMIL GATE,Canal Transport,STORET,011,/home/kdd1/jliu/Water_Hub/Water_quality_data/wqp_result_zips/US_12/FL_broward_county_US_12_011_inorganics_major_metals_wqp_results.zip;/home/kdd1/jliu/Water_Hub/Water_quality_data/wqp_result_zips/US_12/FL_broward_county_US_12_011_physical_wqp_results.zip,/home/kdd1/jliu/Water_Hub/Water_quality_data/wqp_station_zips/US_12/FL_broward_county_US_12_011_inorganics_major_metals_wqp_stations.zip;/home/kdd1/jliu/Water_Hub/Water_quality_data/wqp_station_zips/US_12/FL_broward_county_US_12_011_physical_wqp_stations.zip,-80.24900780,26.29344280,,,149,0.025915,21FLBROW-109;21FLBROW-3;21FLBROW-4;21FLBROW-8;21FLBROW-89;21FLBROW_WQX-4;21FLBROW_WQX-8;21FLBROW_WQX-89;21FLGW_WQX-18838;21FLGW_WQX-18839;21FLGW_WQX-20024;21FLGW_WQX-20029;21FLGW_WQX-30160;21FLGW_WQX-34111;21FLGW_WQX-34125;21FLGW_WQX-34128;21FLGW_WQX-34138;21FLGW_WQX-3559;21FLGW_WQX-43487;21FLGW_WQX-57117;21FLGW_WQX-65455;21FLSFWM-BV-02;21FLSFWM-BV-03;21FLSFWM-BV-04;21FLSFWM-BV-05;21FLSFWM-BV-06;21FLSFWM-BV-07;21FLSFWM-BV-08;21FLSFWM-BV-10;21FLSFWM-BVQW-01S;21FLSFWM-CA2-12;21FLSFWM-CA2-13;21FLSFWM-CA2-14;21FLSFWM-CA2-20;21FLSFWM-G-2156A;21FLSFWM-G-2357;21FLSFWM-G-2357A;21FLSFWM-HCASRUP;21FLSFWM-NSIDEA01;21FLSFWM-NSIDEA03;21FLSFWM-NSIDEC02;21FLSFWM-NSIDNC01;21FLSFWM-NSIDNP02;21FLSFWM-NSIDNW03;21FLSFWM-NSIDNW05;21FLSFWM-NSIDSP01;21FLSFWM-NSIDWC06;21FLSFWM-NSIDWC07;21FLSFWM-PB-1105;21FLSFWM-S38;21FLSFWM-S38B;21FLSFWM-S39SWD;21FLSFWM_WQX-28807;21FLSFWM_WQX-NSID1US;21FLSFWM_WQX-NSIDEA01;21FLSFWM_WQX-NSIDEA03;21FLSFWM_WQX-NSIDEC02;21FLSFWM_WQX-NSIDNC01;21FLSFWM_WQX-NSIDNP02;21FLSFWM_WQX-NSIDSP01;21FLSFWM_WQX-NSIDWC06;21FLSFWM_WQX-NSIDWC07;21FLSFWM_WQX-S38;21FLWPB_WQX-28010153;21FLWPB_WQX-28030508;21FLWPB_WQX-28030509;21FLWPB_WQX-28030593;21FLWPB_WQX-28030634;21FLWPB_WQX-G4SE0038;21FLWPB_WQX-G4SE0169;21FLWPB_WQX-SEHAB0066;21FLWQSP_WQX-BRO806CA;21FLWQSP_WQX-HILLSCNL-2;STF_WQX-CCNPS10;STF_WQX-CCS01;STF_WQX-CCS02;STF_WQX-CCS03;STF_WQX-CCS06;USGS-02281400;USGS-02281415;USGS-02281700;USGS-02281701;USGS-02284646;USGS-261230080151802;USGS-261232080141401;USGS-261232080141402;USGS-261232080151800;USGS-261233080144301;USGS-261256080142301;USGS-261343080175801;USGS-261345080131700;USGS-261348080122001;USGS-261348080122002;USGS-261348080160401;USGS-261348080160402;USGS-261348080163601;USGS-261349080121700;USGS-261438080124500;USGS-261438080154801;USGS-261441080111001;USGS-261441080111002;USGS-261441080153602;USGS-261445080154802;USGS-261525080165101;USGS-261534080165801;USGS-261537080141601;USGS-261541080112701;USGS-261627080111201;USGS-261627080111202;USGS-261633080142401;USGS-261633080142801;USGS-261633080142802;USGS-261633080142900;USGS-261633080142901;USGS-261633080142902;USGS-261645080173501;USGS-261645080174501;USGS-261704080102201;USGS-261710080130001;USGS-261710080135001;USGS-261710080174001;USGS-261710080174002;USGS-261714080130101;USGS-261719080095701;USGS-261719080095702;USGS-261720080094001;USGS-261720080094002;USGS-261720080094003;USGS-261720080094004;USGS-261720080094005;USGS-261720080094006;USGS-261720080095801;USGS-261720080095802;USGS-261728080100801;USGS-261728080100802;USGS-261744080151901;USGS-261810080163201;USGS-261810080163202;USGS-261828080101301;USGS-261828080101302;USGS-261831080151301;USGS-261834080140501;USGS-261837080130501;USGS-261838080151301;USGS-261937080121101;USGS-261938080101001;USGS-261938080121501;USGS-261938080121502;USGS-262003080174900,/home/kdd1/jliu/Water_Hub/Water_quality_data/wqp_result_zips/US_12/FL_broward_county_US_12_011_inorganics_major_metals_wqp_results.zip;/home/kdd1/jliu/Water_Hub/Water_quality_data/wqp_result_zips/US_12/FL_broward_county_US_12_011_physical_wqp_results.zip,nearest WQP station with priority analytes within 10 km; closer station USGS-261744080151901 at 0.03 km lacks the priority analytes
FL,BROWARD,Coral Springs IMP Dist./DIW++ CSID,26.2461641383027,-80.2621909776429,Coral Springs Improvement District,Coral Springs,Reverse osmosis,Drinking water,6.75,2016,Deep well injection (discharge is to tail end of wastewater treatment plant for Deep well injection),Groundwater,better water quality,none,6.75,~4,none,none,yes,600-700 mg/L TDS equivalent,"sand strainer, antiscalant, cartridge filters",93-105,85,20-45 mg/l,140 mg/L,8-15% bypass,bypass after sand strainer and cartridge filters,none,on original membranes,Deep well injection,none,FLORIDA FACILIITIES,12,matched,nearest_priority_station,0.107162,USGS-261445080154802,CS -  M2,Well,NWIS,011,/home/kdd1/jliu/Water_Hub/Water_quality_data/wqp_result_zips/US_12/FL_broward_county_US_12_011_inorganics_major_metals_wqp_results.zip;/home/kdd1/jliu/Water_Hub/Water_quality_data/wqp_result_zips/US_12/FL_broward_county_US_12_011_physical_wqp_results.zip,/home/kdd1/jliu/Water_Hub/Water_quality_data/wqp_station_zips/US_12/FL_broward_county_US_12_011_inorganics_major_metals_wqp_stations.zip;/home/kdd1/jliu/Water_Hub/Water_quality_data/wqp_station_zips/US_12/FL_broward_county_US_12_011_physical_wqp_stations.zip,-80.26326389,26.24621667,,,184,0.107162,21FLBROW-109;21FLBROW-13;21FLBROW-7;21FLBROW-8;21FLBROW-89;21FLBROW_WQX-14;21FLBROW_WQX-7;21FLBROW_WQX-8;21FLBROW_WQX-89;21FLGW_WQX-18833;21FLGW_WQX-18835;21FLGW_WQX-18839;21FLGW_WQX-20029;21FLGW_WQX-30160;21FLGW_WQX-33319;21FLGW_WQX-33322;21FLGW_WQX-33324;21FLGW_WQX-33327;21FLGW_WQX-34111;21FLGW_WQX-34124;21FLGW_WQX-34125;21FLGW_WQX-34128;21FLGW_WQX-34136;21FLGW_WQX-34138;21FLGW_WQX-41363;21FLGW_WQX-43473;21FLGW_WQX-43487;21FLGW_WQX-52944;21FLGW_WQX-61611;21FLGW_WQX-65455;21FLSFWM-BV-02;21FLSFWM-BV-03;21FLSFWM-BV-04;21FLSFWM-BV-05;21FLSFWM-BV-09;21FLSFWM-BV-10;21FLSFWM-CA2-13;21FLSFWM-CA2-19;21FLSFWM-CA2-20;21FLSFWM-G-2156A;21FLSFWM-G-2357;21FLSFWM-G-2357A;21FLSFWM-G-2372A;21FLSFWM-G-2436;21FLSFWM-G-2437;21FLSFWM-NSIDEA01;21FLSFWM-NSIDEA03;21FLSFWM-NSIDEC02;21FLSFWM-NSIDNC01;21FLSFWM-NSIDNP02;21FLSFWM-NSIDNW03;21FLSFWM-NSIDNW05;21FLSFWM-NSIDSP01;21FLSFWM-NSIDWC06;21FLSFWM-NSIDWC07;21FLSFWM-S146;21FLSFWM-S38;21FLSFWM-S38B;21FLSFWM-WC2U1GW3;21FLSFWM-WC2U1GW4;21FLSFWM-WC2U1SW;21FLSFWM-WCA2U1;21FLSFWM_WQX-28813;21FLSFWM_WQX-NSID1US;21FLSFWM_WQX-NSIDEA01;21FLSFWM_WQX-NSIDEA03;21FLSFWM_WQX-NSIDEC02;21FLSFWM_WQX-NSIDNC01;21FLSFWM_WQX-NSIDNP02;21FLSFWM_WQX-NSIDSP01;21FLSFWM_WQX-NSIDWC06;21FLSFWM_WQX-NSIDWC07;21FLSFWM_WQX-S38;21FLWPB_WQX-28030507;21FLWPB_WQX-28030508;21FLWPB_WQX-28030509;21FLWPB_WQX-28030593;21FLWPB_WQX-28030631;21FLWPB_WQX-G4SE0038;21FLWPB_WQX-G4SE0169;21FLWQSP_WQX-BRO806CA;21FLWQSP_WQX-BRO808CA;STF_WQX-CCNPS10;STF_WQX-CCS01;STF_WQX-CCS02;STF_WQX-CCS03;STF_WQX-CCS06;USGS-02281700;USGS-02281701;USGS-02282740;USGS-02284646;USGS-260952080153401;USGS-260955080145701;USGS-260955080145702;USGS-260955080145801;USGS-260955080145802;USGS-260957080170101;USGS-261020080131701;USGS-261020080131702;USGS-261030080131400;USGS-261035080154701;USGS-261035080154702;USGS-261038080154600;USGS-261038080154601;USGS-261038080154602;USGS-261048080130701;USGS-261055080121301;USGS-261055080173501;USGS-261055080173502;USGS-261107080120301;USGS-261107080120302;USGS-261131080105800;USGS-261141080163401;USGS-261142080163201;USGS-261143080121101;USGS-261148080114800;USGS-261158080152301;USGS-261158080152302;USGS-261200080152301;USGS-261202080110001;USGS-261202080110002;USGS-261207080103701;USGS-261230080151801;USGS-261230080151802;USGS-261232080141401;USGS-261232080141402;USGS-261232080151501;USGS-261232080151502;USGS-261232080151800;USGS-261232080151801;USGS-261232080151802;USGS-261233080144301;USGS-261233080151801;USGS-261233080151802;USGS-261252080121701;USGS-261256080142301;USGS-261300080100001;USGS-261324080101500;USGS-261324080101501;USGS-261324080211800;USGS-261333080111801;USGS-261343080175801;USGS-261345080131700;USGS-261348080122001;USGS-261348080122002;USGS-261348080160401;USGS-261348080160402;USGS-261348080163601;USGS-261349080121700;USGS-261351080102100;USGS-261409080100001;USGS-261438080124500;USGS-261438080154801;USGS-261441080111001;USGS-261441080111002;USGS-261441080153602;USGS-261445080154802;USGS-261525080165101;USGS-261534080165801;USGS-261537080141601;USGS-261541080112701;USGS-261627080111201;USGS-261627080111202;USGS-261633080142401;USGS-261633080142801;USGS-261633080142802;USGS-261633080142900;USGS-261633080142901;USGS-261633080142902;USGS-261645080173501;USGS-261645080174501;USGS-261704080102201;USGS-261710080130001;USGS-261710080135001;USGS-261710080174001;USGS-261710080174002;USGS-261714080130101;USGS-261744080151901;USGS-261810080163201;USGS-261810080163202;USGS-261831080151301;USGS-261834080140501;USGS-261837080130501;USGS-261838080151301,/home/kdd1/jliu/Water_Hub/Water_quality_data/wqp_result_zips/US_12/FL_broward_county_US_12_011_inorganics_major_metals_wqp_results.zip;/home/kdd1/jliu/Water_Hub/Water_quality_data/wqp_result_zips/US_12/FL_broward_county_US_12_011_physical_wqp_results.zip,nearest WQP station with priority analytes within 10 km
FL,BROWARD,Town of Davie WTP/WRF,26.0406211493222,-80.2412037518922,Town of Davie,Davie,Reverse osmosis,Drinking water,6,2013,Deep well injection,Groundwater,no new permits for surficial aquifer,none,6,2.6,none,none,no,4480-5760 mg/L TDS equivalent,"antiscalant, cartridge filters",230,80,300-450 mg/l,none,none,none,"aeration, disinfection (hypochlorite), fluoride",on original membranes,Deep well injection (haven't cleaned yet),none,FLORIDA FACILIITIES,19,matched,nearest_priority_station,0.194937,USGS-260230080142503,S  -2315,Well,NWIS,011,/home/kdd1/jliu/Water_Hub/Water_quality_data/wqp_result_zips/US_12/FL_broward_county_US_12_011_inorganics_major_metals_wqp_results.zip;/home/kdd1/jliu/Water_Hub/Water_quality_data/wqp_result_zips/US_12/FL_broward_county_US_12_011_physical_wqp_results.zip,/home/kdd1/jliu/Water_Hub/Water_quality_data/wqp_station_zips/US_12/FL_broward_county_US_12_011_inorganics_major_metals_wqp_stations.zip;/home/kdd1/jliu/Water_Hub/Water_quality_data/wqp_station_zips/US_12/FL_broward_county_US_12_011_physical_wqp_stations.zip,-80.24004850,26.04203395,,,381,0.194937,21FLBRA-3277B-A;21FLBRA-3277B-C;21FLBRA-3280C-A;21FLBRA-3280C-B;21FLBRA-3280C-C;21FLBRA-3280C-D;21FLBRA-3280C-E;21FLBROW-20;21FLBROW-21;21FLBROW-24;21FLBROW-25;21FLBROW-26;21FLBROW-27;21FLBROW-28;21FLBROW-90;21FLBROW_WQX-122;21FLBROW_WQX-123;21FLBROW_WQX-124;21FLBROW_WQX-128;21FLBROW_WQX-129;21FLBROW_WQX-20;21FLBROW_WQX-24;21FLBROW_WQX-25;21FLBROW_WQX-26;21FLBROW_WQX-27;21FLBROW_WQX-28;21FLBROW_WQX-90;21FLGW_WQX-17413;21FLGW_WQX-18822;21FLGW_WQX-18827;21FLGW_WQX-20031;21FLGW_WQX-20109;21FLGW_WQX-32963;21FLGW_WQX-32982;21FLGW_WQX-33081;21FLGW_WQX-33321;21FLGW_WQX-33326;21FLGW_WQX-34112;21FLGW_WQX-34114;21FLGW_WQX-34119;21FLGW_WQX-34120;21FLGW_WQX-34132;21FLGW_WQX-34134;21FLGW_WQX-34135;21FLGW_WQX-39124;21FLGW_WQX-41366;21FLGW_WQX-42870;21FLGW_WQX-50911;21FLGW_WQX-57122;21FLGW_WQX-61130;21FLSFWM-C1107.50TS;21FLSFWM-C1108.50TN;21FLSFWM-C1108.50TS;21FLSFWM-C1109.00TN;21FLSFWM-C1109.00TS;21FLSFWM-C1109.0TN1;21FLSFWM-C1109.30TS;21FLSFWM-C1109.60TN;21FLSFWM-C1110.10TN;21FLSFWM-C1110.60TS;21FLSFWM-G-2038A;21FLSFWM-G-2369A;21FLSFWM-NNRCPLA1;21FLSFWM-NNROPLA2;21FLSFWM-NNROPLA3;21FLSFWM-NNROPLF1;21FLWPB_WQX-28030531;21FLWPB_WQX-28030532;21FLWPB_WQX-28030541;21FLWPB_WQX-28030543;21FLWPB_WQX-28030547;21FLWPB_WQX-28030548;21FLWPB_WQX-28030549;21FLWPB_WQX-28030552;21FLWPB_WQX-28030570;21FLWPB_WQX-28030587;21FLWPB_WQX-42009013;21FLWPB_WQX-42009014;21FLWPB_WQX-42009016;21FLWPB_WQX-42009017;21FLWPB_WQX-42009018;21FLWPB_WQX-G4SE0002;21FLWPB_WQX-G4SE0003;21FLWPB_WQX-G4SE0028;21FLWPB_WQX-G4SE0030;21FLWPB_WQX-G4SE0033;21FLWPB_WQX-G4SE0034;21FLWPB_WQX-G4SE0035;21FLWPB_WQX-G4SE0036;21FLWPB_WQX-G4SE0047;21FLWPB_WQX-G4SE0049;21FLWPB_WQX-G4SE0058;21FLWPB_WQX-G4SE0106;21FLWPB_WQX-G4SE0107;21FLWPB_WQX-G4SE0109;21FLWPB_WQX-G4SE0110;21FLWPB_WQX-G4SE0114;21FLWPB_WQX-G4SE0115;21FLWPB_WQX-G4SE0116;21FLWPB_WQX-G4SE0122;21FLWPB_WQX-G4SE0146;21FLWPB_WQX-G4SENNR3;21FLWPB_WQX-HAB-SE-0002;21FLWPB_WQX-SEHAB0096;21FLWPB_WQX-SEHAB0104;21FLWPB_WQX-SEHAB0105;21FLWPB_WQX-SEHAB0118;21FLWPB_WQX-SEHAB0123;21FLWPB_WQX-SEHAB0125;21FLWQSP_WQX-BRO813CA;STF_WQX-HQ;STF_WQX-HWS01;STF_WQX-HWS02;STF_WQX-LAB;USGS-02282990;USGS-02284800;USGS-02284810;USGS-02284900;USGS-02285000;USGS-02285001;USGS-02285101;USGS-02285500;USGS-02285900;USGS-02285901;USGS-02286000;USGS-02286050;USGS-02286100;USGS-02286101;USGS-02286147;USGS-02286150;USGS-255733080122201;USGS-255815080164401;USGS-255829080144801;USGS-255845080150700;USGS-255847080104300;USGS-255852080134101;USGS-255924080191101;USGS-255925080094300;USGS-255930080093500;USGS-255930080095000;USGS-255937080094401;USGS-255941080122500;USGS-255941080122501;USGS-255941080122502;USGS-255941080122503;USGS-255941080122504;USGS-255941080122505;USGS-255945080151501;USGS-255958080130001;USGS-255958080150002;USGS-255958080150004;USGS-255958080150005;USGS-255958080150006;USGS-255958080150007;USGS-255958080150008;USGS-255958080150009;USGS-255958080150010;USGS-255958080150011;USGS-255958080150012;USGS-255959080150001;USGS-255959080150004;USGS-260000080104401;USGS-260002080105001;USGS-260002080105002;USGS-260004080104201;USGS-260004080104202;USGS-260008080103901;USGS-260010080101101;USGS-260012080100001;USGS-260025080184500;USGS-260025080184600;USGS-260026080095801;USGS-260027080110101;USGS-260027080110102;USGS-260027080110103;USGS-260027080191301;USGS-260031080110401;USGS-260031080145300;USGS-260031080155301;USGS-260032080135702;USGS-260032080135703;USGS-260034080103401;USGS-260035080101501;USGS-260035080102601;USGS-260035080102602;USGS-260037080100700;USGS-260040080100801;USGS-260040080104301;USGS-260041080093101;USGS-260041080093102;USGS-260043080104201;USGS-260045080102201;USGS-260045080103401;USGS-260046080190701;USGS-260046080190702;USGS-260053080102301;USGS-260054080103301;USGS-260056080091701;USGS-260056080125501;USGS-260059080091501;USGS-260101080091501;USGS-260101080100801;USGS-260101080104801;USGS-260104080101300;USGS-260106080090401;USGS-260106080090402;USGS-260111080101401;USGS-260111080101402;USGS-260112080091801;USGS-260120080093401;USGS-260120080101500;USGS-260120080101501;USGS-260120080101502;USGS-260120080101503;USGS-260120080101504;USGS-260120080101505;USGS-260120080101506;USGS-260120080101507;USGS-260127080133500;USGS-260127080133501;USGS-260127080133502;USGS-260132080094900;USGS-260144080104001;USGS-260155080092002;USGS-260207080161801;USGS-260208080160501;USGS-260209080160601;USGS-260212080112500;USGS-260213080084801;USGS-260219080141101;USGS-260219080141102;USGS-260219080141103;USGS-260224080103401;USGS-260225080095800;USGS-260230080142503;USGS-260235080133001;USGS-260235080133002;USGS-260235080133003;USGS-260235080133004;USGS-260235080133005;USGS-260235080133006;USGS-260235080133007;USGS-260235080133008;USGS-260239080164201;USGS-260241080112701;USGS-260242080101101;USGS-260251080091101;USGS-260251080091102;USGS-260251080091103;USGS-260251080091104;USGS-260252080085201;USGS-260252080091401;USGS-260253080091900;USGS-260253080184802;USGS-260311080120401;USGS-260311080120402;USGS-260312080095501;USGS-260315080121501;USGS-260315080121502;USGS-260320080090501;USGS-260325080113901;USGS-260326080120301;USGS-260327080122701;USGS-260331080183001;USGS-260333080084300;USGS-260333080181901;USGS-260337080171901;USGS-260337080171902;USGS-260338080120200;USGS-260338080121300;USGS-260340080154002;USGS-260340080154003;USGS-260342080115901;USGS-260342080115902;USGS-260342080115903;USGS-260344080120100;USGS-260345080115901;USGS-260345080115902;USGS-260345080115903;USGS-260350080151001;USGS-260350080154301;USGS-260350080154302;USGS-260350080154303;USGS-260350080154304;USGS-260350080154305;USGS-260350080154306;USGS-260350080154307;USGS-260350080154308;USGS-260350080154309;USGS-260350080154310;USGS-260350080154311;USGS-260350080154312;USGS-260350080154313;USGS-260350080154314;USGS-260350080154315;USGS-260350080154316;USGS-260350080185000;USGS-260350080185001;USGS-260351080165001;USGS-260354080120000;USGS-260355080183001;USGS-260358080122801;USGS-260358080184000;USGS-260400080150001;USGS-260403080120200;USGS-260406080120401;USGS-260422080120200;USGS-260437080114800;USGS-260437080121701;USGS-260438080100901;USGS-260438080113500;USGS-260442080120001;USGS-260447080111300;USGS-260451080113801;USGS-260451080120101;USGS-260452080111801;USGS-260453080123000;USGS-260453080155601;USGS-260453080155602;USGS-260456080112001;USGS-260457080114200;USGS-260458080113401;USGS-260459080112201;USGS-260502080110800;USGS-260504080124301;USGS-260507080114401;USGS-260512080110700;USGS-260514080110800;USGS-260515080124401;USGS-260516080120700;USGS-260521080122401;USGS-260525080093500;USGS-260525080093501;USGS-260525080093502;USGS-260525080093503;USGS-260525080093504;USGS-260525080093505;USGS-260525080093506;USGS-260525080123901;USGS-260527080123801;USGS-260528080122301;USGS-260528080122302;USGS-260529080115801;USGS-260529080115802;USGS-260530080112101;USGS-260533080121001;USGS-260533080123701;USGS-260534080104600;USGS-260534080110801;USGS-260534080112101;USGS-260535080104301;USGS-260537080134601;USGS-260542080155401;USGS-260547080105801;USGS-260551080111901;USGS-260553080140200;USGS-260558080122703;USGS-260602080120501;USGS-260608080140200;USGS-260609080120501;USGS-260611080114901;USGS-260614080155900;USGS-260617080161201;USGS-260618080121700;USGS-260628080165700;USGS-260630080124101;USGS-260638080104801;USGS-260641080123501;USGS-260641080123503;USGS-260641080123520;USGS-260641080124101;USGS-260645080124201;USGS-260649080122801;USGS-260649080123901;USGS-260650080124901;USGS-260657080122301;USGS-260713080160000;USGS-260714080140800;USGS-260725080162101;USGS-260742080140802;USGS-260820080141001,/home/kdd1/jliu/Water_Hub/Water_quality_data/wqp_result_zips/US_12/FL_broward_county_US_12_011_inorganics_major_metals_wqp_results.zip;/home/kdd1/jliu/Water_Hub/Water_quality_data/wqp_result_zips/US_12/FL_broward_county_US_12_011_physical_wqp_results.zip,nearest WQP station with priority analytes within 10 km
FL,BROWARD,West WTP - Deerfield - RO,26.3151718231594,-80.1235801659272,City of Deerfield Beach,Deerfield,Reverse osmosis,Drinking water,3,2012,Deep well injection,Groundwater,none,none,3,none,14.5; both an NF and RO plant (11.5 mgd NF built in 2004);,none,yes,1152-1280 mg/L TDS equivalent,"acid, antiscalant, cartridge filter",186-210,78,NAV,NAV,~ 3 : 11.5,NF permeate,"orthophosphate, caustic, chlorine",on original membranes,sewer,none,FLORIDA FACILIITIES,20,matched,nearest_priority_station,0.081587,21FLGW_WQX-43242,BF-6,Well,STORET,011,/home/kdd1/jliu/Water_Hub/Water_quality_data/wqp_result_zips/US_12/FL_broward_county_US_12_011_inorganics_major_metals_wqp_results.zip;/home/kdd1/jliu/Water_Hub/Water_quality_data/wqp_result_zips/US_12/FL_broward_county_US_12_011_physical_wqp_results.zip,/home/kdd1/jliu/Water_Hub/Water_quality_data/wqp_station_zips/US_12/FL_broward_county_US_12_011_inorganics_major_metals_wqp_stations.zip;/home/kdd1/jliu/Water_Hub/Water_quality_data/wqp_station_zips/US_12/FL_broward_county_US_12_011_physical_wqp_stations.zip,-80.12383361,26.31447415,,,238,0.081587,21FLBROW-1;21FLBROW-110;21FLBROW-3;21FLBROW-33;21FLBROW-34;21FLBROW-35;21FLBROW_WQX-110;21FLBROW_WQX-126;21FLBROW_WQX-2;21FLBROW_WQX-33;21FLBROW_WQX-34;21FLBROW_WQX-35;21FLCRCP_WQX-BOC075;21FLCRCP_WQX-BOC077;21FLCRCP_WQX-BOC078;21FLCRCP_WQX-BOC079;21FLCRCP_WQX-HIL050;21FLCRCP_WQX-HIL051;21FLCRCP_WQX-HIL052;21FLCRCP_WQX-HIL053;21FLCRCP_WQX-HIL054;21FLCRCP_WQX-HIL057;21FLCRCP_WQX-HIL059;21FLCRCP_WQX-HIL060;21FLCRCP_WQX-HIL061;21FLCRCP_WQX-HIL062;21FLCRCP_WQX-HIL063;21FLFMRI-LKW200023;21FLGW_WQX-17420;21FLGW_WQX-29510;21FLGW_WQX-29513;21FLGW_WQX-31120;21FLGW_WQX-3559;21FLGW_WQX-43242;21FLGW_WQX-43461;21FLGW_WQX-54594;21FLGW_WQX-57117;21FLGW_WQX-61615;21FLGW_WQX-65455;21FLSFWM-BV-02;21FLSFWM-BV-03;21FLSFWM-BV-04;21FLSFWM-BV-05;21FLSFWM-BV-06;21FLSFWM-BV-07;21FLSFWM-BV-08;21FLSFWM-BV-09;21FLSFWM-BV-10;21FLSFWM-BV-11;21FLSFWM-BV-12;21FLSFWM-BV-13;21FLSFWM-BV-14;21FLSFWM-BVQW-01S;21FLSFWM-D4-POMP;21FLSFWM-G-1272A;21FLSFWM-G-2156A;21FLSFWM-G-2344A;21FLSFWM-G-2344B;21FLSFWM-G-2357;21FLSFWM-G-2357A;21FLSFWM-G-2360;21FLSFWM-G-2360A;21FLSFWM-PB-1105;21FLSFWM-S1-POMP;21FLSFWM-S39SWD;21FLWPB_WQX-28010148;21FLWPB_WQX-28010153;21FLWPB_WQX-28030503;21FLWPB_WQX-28030591;21FLWPB_WQX-28030612;21FLWPB_WQX-28030634;21FLWPB_WQX-42009080;21FLWPB_WQX-42009081;21FLWPB_WQX-G4SE0041;21FLWPB_WQX-G4SE0147;21FLWPB_WQX-G4SE0148;21FLWPB_WQX-HAB-SE-0011;21FLWPB_WQX-SEHAB0066;21FLWPB_WQX-SEHAB0085;21FLWQA_WQX-261337308008128;21FLWQA_WQX-261352708007377;21FLWQA_WQX-261445308008096;21FLWQA_WQX-261521908008130;21FLWQSP_WQX-HILLSCNL-2;21FLWQSP_WQX-HILLSCNL-3;STF_WQX-CCNPS10;STF_WQX-CCS01;STF_WQX-CCS02;STF_WQX-CCS03;STF_WQX-CCS06;USGS-02281400;USGS-02281415;USGS-02281500;USGS-02281501;USGS-02281650;USGS-02282000;USGS-02282001;USGS-261350080061301;USGS-261350080072402;USGS-261351080062501;USGS-261352080053900;USGS-261354080070201;USGS-261358080072301;USGS-261358080072401;USGS-261359080062301;USGS-261359080062302;USGS-261403080070801;USGS-261409080100001;USGS-261413080071402;USGS-261414080060901;USGS-261423080071501;USGS-261423080071503;USGS-261423080071504;USGS-261427080062701;USGS-261427080062702;USGS-261427080064002;USGS-261436080072001;USGS-261439080071501;USGS-261441080111001;USGS-261441080111002;USGS-261445080075001;USGS-261446080062801;USGS-261448080061301;USGS-261450080071601;USGS-261450080080001;USGS-261450080080002;USGS-261454080062802;USGS-261454080062805;USGS-261454080062809;USGS-261459080063901;USGS-261500080055401;USGS-261501080060701;USGS-261501080060702;USGS-261504080060201;USGS-261518080074001;USGS-261518080074002;USGS-261532080060101;USGS-261537080074301;USGS-261539080085000;USGS-261539080085100;USGS-261539080085200;USGS-261540080085200;USGS-261540080085201;USGS-261540080085202;USGS-261541080085101;USGS-261541080112701;USGS-261542080085200;USGS-261544080062402;USGS-261544080062403;USGS-261547080061901;USGS-261548080060201;USGS-261615080055900;USGS-261615080055901;USGS-261619080041600;USGS-261620080050001;USGS-261625080074700;USGS-261627080111201;USGS-261627080111202;USGS-261629080072400;USGS-261629080072401;USGS-261643080055901;USGS-261704080102201;USGS-261707080073301;USGS-261707080073302;USGS-261710080130001;USGS-261714080130101;USGS-261719080095701;USGS-261719080095702;USGS-261720080094001;USGS-261720080094002;USGS-261720080094003;USGS-261720080094004;USGS-261720080094005;USGS-261720080094006;USGS-261720080095801;USGS-261720080095802;USGS-261724080054601;USGS-261724080054602;USGS-261724080054603;USGS-261725080054801;USGS-261726080054101;USGS-261726080054102;USGS-261728080100801;USGS-261728080100802;USGS-261740080054101;USGS-261742080071201;USGS-261743080065701;USGS-261748080074801;USGS-261800080062702;USGS-261800080063101;USGS-261802080044800;USGS-261812080070101;USGS-261814080054601;USGS-261815080082001;USGS-261820080054201;USGS-261821080073501;USGS-261825080073401;USGS-261828080090501;USGS-261828080101301;USGS-261828080101302;USGS-261831080073201;USGS-261834080061901;USGS-261834080061902;USGS-261834080061903;USGS-261835080054501;USGS-261837080080401;USGS-261837080130501;USGS-261838080062001;USGS-261847080060002;USGS-261849080082301;USGS-261850080065801;USGS-261856080072901;USGS-261858080054101;USGS-261900080060801;USGS-261903080060501;USGS-261903080063001;USGS-261906080061101;USGS-261906080061102;USGS-261909080071301;USGS-261910080061801;USGS-261913080055402;USGS-261914080060701;USGS-261914080060801;USGS-261914080060802;USGS-261916080064501;USGS-261918080055200;USGS-261918080060201;USGS-261919080060801;USGS-261921080060401;USGS-261929080064001;USGS-261934080070802;USGS-261937080091200;USGS-261937080121101;USGS-261938080075201;USGS-261938080101001;USGS-261938080121501;USGS-261938080121502;USGS-261940080075001,/home/kdd1/jliu/Water_Hub/Water_quality_data/wqp_result_zips/US_12/FL_broward_county_US_12_011_inorganics_major_metals_wqp_results.zip;/home/kdd1/jliu/Water_Hub/Water_quality_data/wqp_result_zips/US_12/FL_broward_county_US_12_011_physical_wqp_results.zip,nearest WQP station with priority analytes within 10 km
FL,BROWARD,Springtree,26.1773954346391,-80.2628338746631,City of Sunrise Utility Complex,Sunrise,Reverse osmosis,Drinking water,1.5,2012,Deep well injection,Groundwater,total dissolved solids,none,1.5,in 2017 = 0.389; plant does not operate every day,RO = 15.; lime softening = 24; total = 25.5,2017 average = 10.06,yes,1605 mg/L TDS equivalent,"antiscalant, cartridge filters",~160,75,55,70,1.5 : 11,lime softened water (different aquifer),"degasification, chloramination, fluoridation",on original membranes,none,none,FLORIDA FACILIITIES,23,matched,nearest_priority_station,0.035362,USGS-261038080154600,"PIPER HIGH PERCULATION POND AT SUNRISE, FL",Facility: Storm sewer,NWIS,011,/home/kdd1/jliu/Water_Hub/Water_quality_data/wqp_result_zips/US_12/FL_broward_county_US_12_011_inorganics_major_metals_wqp_results.zip;/home/kdd1/jliu/Water_Hub/Water_quality_data/wqp_result_zips/US_12/FL_broward_county_US_12_011_physical_wqp_results.zip,/home/kdd1/jliu/Water_Hub/Water_quality_data/wqp_station_zips/US_12/FL_broward_county_US_12_011_inorganics_major_metals_wqp_stations.zip;/home/kdd1/jliu/Water_Hub/Water_quality_data/wqp_station_zips/US_12/FL_broward_county_US_12_011_physical_wqp_stations.zip,-80.26254888,26.17758443,,,271,0.035362,21FLBRA-3277B-A;21FLBRA-3277B-B;21FLBRA-3277B-C;21FLBRA-3280C-C;21FLBROW-10;21FLBROW-109;21FLBROW-11;21FLBROW-12;21FLBROW-13;21FLBROW-14;21FLBROW-17;21FLBROW-18;21FLBROW-21;21FLBROW-22;21FLBROW-8;21FLBROW-89;21FLBROW_WQX-11;21FLBROW_WQX-12;21FLBROW_WQX-121;21FLBROW_WQX-122;21FLBROW_WQX-14;21FLBROW_WQX-17;21FLBROW_WQX-22;21FLBROW_WQX-8;21FLBROW_WQX-89;21FLGW_WQX-18829;21FLGW_WQX-18833;21FLGW_WQX-18834;21FLGW_WQX-18835;21FLGW_WQX-18847;21FLGW_WQX-20027;21FLGW_WQX-20029;21FLGW_WQX-20031;21FLGW_WQX-2793;21FLGW_WQX-32963;21FLGW_WQX-32976;21FLGW_WQX-32985;21FLGW_WQX-33319;21FLGW_WQX-33322;21FLGW_WQX-33324;21FLGW_WQX-33327;21FLGW_WQX-34114;21FLGW_WQX-34120;21FLGW_WQX-34121;21FLGW_WQX-34124;21FLGW_WQX-34132;21FLGW_WQX-34136;21FLGW_WQX-34138;21FLGW_WQX-41351;21FLGW_WQX-42866;21FLGW_WQX-43246;21FLGW_WQX-43473;21FLGW_WQX-44996;21FLGW_WQX-45102;21FLGW_WQX-46821;21FLGW_WQX-49269;21FLGW_WQX-50911;21FLGW_WQX-52944;21FLGW_WQX-54907;21FLGW_WQX-58020;21FLGW_WQX-61611;21FLGW_WQX-65803;21FLSFWM-C13-100M;21FLSFWM-C13BRDGE;21FLSFWM-C13DISCH;21FLSFWM-C13SME;21FLSFWM-C13SMW;21FLSFWM-C13SWS36;21FLSFWM-C13TANK;21FLSFWM-CA2-20;21FLSFWM-G-2364;21FLSFWM-G-2372A;21FLSFWM-G-2436;21FLSFWM-G-2437;21FLSFWM-NNR1;21FLSFWM-NNRCPLA1;21FLSFWM-NNRCSUN1;21FLSFWM-NNRLMCC1;21FLSFWM-NNROPLA2;21FLSFWM-NNROPLA3;21FLSFWM-NNROPLF1;21FLSFWM-NNROUTF2;21FLSFWM-NNROUTF4;21FLSFWM-NNRPACR1;21FLSFWM-NNRPACR2;21FLSFWM-NNRPACR3;21FLSFWM-NNRPACR4;21FLSFWM-NNRPACR5;21FLSFWM-NNRPACR6;21FLSFWM-NNRPACRA;21FLSFWM-S146;21FLSFWM-S36D1;21FLSFWM-S36D2SH;21FLSFWM-S36D3DP;21FLSFWM-S38;21FLSFWM_WQX-S38;21FLWPB_WQX-28030508;21FLWPB_WQX-28030509;21FLWPB_WQX-28030516;21FLWPB_WQX-28030526;21FLWPB_WQX-28030531;21FLWPB_WQX-28030532;21FLWPB_WQX-28030570;21FLWPB_WQX-28030582;21FLWPB_WQX-28030583;21FLWPB_WQX-28030585;21FLWPB_WQX-28030587;21FLWPB_WQX-28030588;21FLWPB_WQX-28030593;21FLWPB_WQX-28030631;21FLWPB_WQX-42009012;21FLWPB_WQX-42009013;21FLWPB_WQX-42009014;21FLWPB_WQX-42009015;21FLWPB_WQX-42009016;21FLWPB_WQX-42009017;21FLWPB_WQX-52010032;21FLWPB_WQX-G4SE0038;21FLWPB_WQX-G4SE0042;21FLWPB_WQX-G4SE0057;21FLWPB_WQX-G4SE0058;21FLWPB_WQX-G4SE0062;21FLWPB_WQX-G4SE0085;21FLWPB_WQX-G4SE0107;21FLWPB_WQX-G4SE0114;21FLWPB_WQX-G4SE0126;21FLWPB_WQX-G4SE0169;21FLWPB_WQX-G4SE0184;21FLWPB_WQX-G4SEB011;21FLWPB_WQX-G4SEB121;21FLWPB_WQX-G4SEB128;21FLWPB_WQX-G4SENNR2;21FLWPB_WQX-G4SENNR3;21FLWPB_WQX-HAB-SE-0002;21FLWPB_WQX-SEHAB0096;21FLWQSP_WQX-BRO806CA;21FLWQSP_WQX-BRO810CA;USGS-02281700;USGS-02281701;USGS-02282700;USGS-02282701;USGS-02282703;USGS-02282740;USGS-02282743;USGS-02282990;USGS-02283200;USGS-02284646;USGS-02284800;USGS-02284900;USGS-02285000;USGS-02285001;USGS-260537080134601;USGS-260542080155401;USGS-260553080140200;USGS-260608080140200;USGS-260614080155900;USGS-260617080161201;USGS-260618080121700;USGS-260628080165700;USGS-260630080124101;USGS-260641080123501;USGS-260641080123503;USGS-260641080123520;USGS-260641080124101;USGS-260645080124201;USGS-260649080122801;USGS-260649080123901;USGS-260650080124901;USGS-260653080184902;USGS-260656080190000;USGS-260657080122301;USGS-260713080160000;USGS-260714080140800;USGS-260725080111501;USGS-260725080162101;USGS-260742080140802;USGS-260749080200901;USGS-260753080113901;USGS-260755080191701;USGS-260807080132800;USGS-260820080141001;USGS-260821080185101;USGS-260825080144401;USGS-260825080144402;USGS-260834080110100;USGS-260834080110101;USGS-260835080110101;USGS-260835080110102;USGS-260835080111001;USGS-260835080111002;USGS-260844080111200;USGS-260845080111001;USGS-260845080111002;USGS-260853080105901;USGS-260853080105902;USGS-260859080160401;USGS-260859080160402;USGS-260919080172300;USGS-260927080192101;USGS-260939080194207;USGS-260939080194208;USGS-260952080153401;USGS-260955080145701;USGS-260955080145702;USGS-260955080145801;USGS-260955080145802;USGS-260957080170101;USGS-261019080100300;USGS-261019080100600;USGS-261020080131701;USGS-261020080131702;USGS-261022080100300;USGS-261022080114300;USGS-261022080121100;USGS-261026080100201;USGS-261026080100701;USGS-261030080131400;USGS-261035080154701;USGS-261035080154702;USGS-261038080154600;USGS-261038080154601;USGS-261038080154602;USGS-261048080130701;USGS-261055080100801;USGS-261055080121301;USGS-261055080173501;USGS-261055080173502;USGS-261107080120301;USGS-261107080120302;USGS-261113080095001;USGS-261131080105800;USGS-261141080163401;USGS-261142080163201;USGS-261143080121101;USGS-261148080114800;USGS-261158080152301;USGS-261158080152302;USGS-261200080152301;USGS-261202080110001;USGS-261202080110002;USGS-261207080103701;USGS-261230080151801;USGS-261230080151802;USGS-261232080141401;USGS-261232080141402;USGS-261232080151501;USGS-261232080151502;USGS-261232080151800;USGS-261232080151801;USGS-261232080151802;USGS-261233080144301;USGS-261233080151801;USGS-261233080151802;USGS-261252080121701;USGS-261256080142301;USGS-261333080111801;USGS-261343080175801;USGS-261345080131700;USGS-261348080122001;USGS-261348080122002;USGS-261348080160401;USGS-261348080160402;USGS-261348080163601;USGS-261349080121700;USGS-261438080124500;USGS-261438080154801;USGS-261441080153602;USGS-261445080154802;USGS-261525080165101;USGS-261534080165801;USGS-261537080141601,/home/kdd1/jliu/Water_Hub/Water_quality_data/wqp_result_zips/US_12/FL_broward_county_US_12_011_inorganics_major_metals_wqp_results.zip;/home/kdd1/jliu/Water_Hub/Water_quality_data/wqp_result_zips/US_12/FL_broward_county_US_12_011_physical_wqp_results.zip,nearest WQP station with priority analytes within 10 km
FL,Charlotte & Lee,Babcock Ranch Water System,26.7926215047338,-81.7493158070752,Babcock Ranch,Babcock Ranch,Nanofiltration,Drinking water,0.25,2017,combined with wastewater treatment plant effluent; used for irrigation,Groundwater,"hardness, color",none,0.25,none,none,none,yes,512-608 mg/L TDS equivalent,"antiscalant, cartridge filters, sulfuric acid",108-117,84,"200-250, depends on source wells",none,~8 : 1,raw water bypass,"blending, degasification, disinfection, caustic, CO2",had to replace original membranes due to super chlorination incident at start-up,none,none,FLORIDA FACILIITIES,10,matched,nearest_priority_station,1.524077,21FLGW_WQX-11152,SFDLL1048,Lake,STORET,015,/home/kdd1/jliu/Water_Hub/Water_quality_data/wqp_result_zips/US_12/FL_charlotte_county_US_12_015_inorganics_major_metals_wqp_results.zip;/home/kdd1/jliu/Water_Hub/Water_quality_data/wqp_result_zips/US_12/FL_charlotte_county_US_12_015_physical_wqp_results.zip,/home/kdd1/jliu/Water_Hub/Water_quality_data/wqp_station_zips/US_12/FL_charlotte_county_US_12_015_inorganics_major_metals_wqp_stations.zip;/home/kdd1/jliu/Water_Hub/Water_quality_data/wqp_station_zips/US_12/FL_charlotte_county_US_12_015_physical_wqp_stations.zip,-81.76467000,26.79274000,,,277,1.524077,21FLBABR_WQX-27-GR_COLINE;21FLBABR_WQX-27-GR_CURRY2;21FLBABR_WQX-27-GR_HERCULES;21FLBABR_WQX-27-GR_INFLOW;21FLBABR_WQX-27-GR_OUTFLOW;21FLBABR_WQX-27-O_GR_EB;21FLBABR_WQX-27-O_INFLOW;21FLBABR_WQX-27-O_OUTFLOW;21FLBABR_WQX-27-STRICK_OUT;21FLBABR_WQX-27-WB_NORTH;21FLBABR_WQX-27-WB_OUTFLOW;21FLBABR_WQX-29-E_TELEGRAPHA;21FLBABR_WQX-29-E_TELEGRAPHC;21FLBABR_WQX-29-GR_BIC;21FLBABR_WQX-29-GR_BIG_ISLAN;21FLBABR_WQX-29-GR_HQ;21FLBABR_WQX-29-GR_OUTFLOW;21FLBABR_WQX-29-GR_TUCKERS;21FLEECO_WQX-22-18GR;21FLEECO_WQX-23-27GR;21FLEECO_WQX-24-19GR;21FLEECO_WQX-24-24GR;21FLEECO_WQX-24-7GR;21FLEECO_WQX-25-GR20;21FLEECO_WQX-26-GR20;21FLEECO_WQX-26-GR40;21FLEECO_WQX-27-6GR;21FLEECO_WQX-27O-GR20;21FLEECO_WQX-28-5GR;21FLEECO_WQX-29-8GR;21FLEECO_WQX-AB33166;21FLEECO_WQX-AB33167;21FLEECO_WQX-AB33168;21FLEECO_WQX-AB34201;21FLEECO_WQX-AB34202;21FLEECO_WQX-AB37531;21FLEECO_WQX-AB37532;21FLEECO_WQX-AB38281;21FLEECO_WQX-AB39215;21FLEECO_WQX-AB39216;21FLEECO_WQX-AB42772;21FLEECO_WQX-AB43755;21FLEECO_WQX-AB44873;21FLEECO_WQX-AB44874;21FLEECO_WQX-AB45788;21FLEECO_WQX-AB50128;21FLEECO_WQX-AB53543;21FLEECO_WQX-AB54699;21FLEECO_WQX-AB54700;21FLEECO_WQX-AB55753;21FLEECO_WQX-AB58468;21FLEECO_WQX-AB62329;21FLEECO_WQX-AB64412;21FLEECO_WQX-AB68659;21FLEECO_WQX-AB69679;21FLEECO_WQX-AB69680;21FLEECO_WQX-AB70385;21FLEECO_WQX-AB74871;21FLEECO_WQX-AB80720;21FLEECO_WQX-AB80721;21FLEECO_WQX-AB86517;21FLEECO_WQX-AB89103;21FLEECO_WQX-AB91726;21FLEECO_WQX-AB94378;21FLEECO_WQX-AB94379;21FLEECO_WQX-AB94380;21FLEECO_WQX-AB96918;21FLEECO_WQX-AC00939;21FLEECO_WQX-AC02413;21FLEECO_WQX-AC06077;21FLEECO_WQX-AC10522;21FLEECO_WQX-AC15647;21FLEECO_WQX-AC16821;21FLEECO_WQX-AC18062;21FLEECO_WQX-AC20638;21FLEECO_WQX-AC20639;21FLEECO_WQX-AC25424;21FLEECO_WQX-AC26957;21FLEECO_WQX-AC26958;21FLEECO_WQX-AC29558;21FLEECO_WQX-AC29559;21FLEECO_WQX-AC30726;21FLEECO_WQX-AC32401;21FLEECO_WQX-AC35103;21FLEECO_WQX-AC35104;21FLEECO_WQX-AC39869;21FLEECO_WQX-AC43075;21FLEECO_WQX-AC44182;21FLEECO_WQX-AC44183;21FLEECO_WQX-AC47673;21FLEECO_WQX-AC48735;21FLEECO_WQX-AC70122;21FLEECO_WQX-AC72277;21FLEECO_WQX-AC72278;21FLEECO_WQX-AC73193;21FLEECO_WQX-AC73194;21FLEECO_WQX-AC76451;21FLEECO_WQX-AC79222;21FLEECO_WQX-AC80981;21FLEECO_WQX-AC81257;21FLEECO_WQX-AD04683;21FLEECO_WQX-CES01;21FLEECO_WQX-CES01SUR;21FLEECO_WQX-CES03;21FLEECO_WQX-CES03SUR;21FLEECO_WQX-CR-AD13226;21FLEECO_WQX-CR-AD14343;21FLEECO_WQX-CR-AD16395;21FLEECO_WQX-CR-AD17380;21FLEECO_WQX-CR-AD18926;21FLEECO_WQX-CR-AD25912;21FLEECO_WQX-CR-AD29145;21FLEECO_WQX-CR-AD36269;21FLEECO_WQX-CR-AD43937;21FLEECO_WQX-CR-AD47067;21FLEECO_WQX-CR-AD47068;21FLEECO_WQX-CR-AD47069;21FLEECO_WQX-CR-AD47070;21FLEECO_WQX-CRNEP_RSAD83927;21FLEECO_WQX-CRNEP_RSAE24307;21FLEECO_WQX-CRNEP_RSAE80517;21FLEECO_WQX-CRNEP_RSAE93248;21FLEECO_WQX-CRNEP_RSAF06185;21FLEECO_WQX-CRNEP_RSAF18040;21FLEECO_WQX-CRNEP_RSAF23635;21FLEECO_WQX-CRNEP_RSAF32777;21FLEECO_WQX-CRNEP_RSAG09618;21FLEECO_WQX-CRNEP_RSAG28155;21FLFTM_WQX-24-19GR;21FLFTM_WQX-24-7GR;21FLFTM_WQX-27-6GR;21FLFTM_WQX-270-GR20;21FLFTM_WQX-27O-GR20;21FLFTM_WQX-28020019;21FLFTM_WQX-28020040;21FLFTM_WQX-28020041;21FLFTM_WQX-28020221;21FLFTM_WQX-28020236;21FLFTM_WQX-28022004FTM;21FLFTM_WQX-29-8GR;21FLFTM_WQX-CALUSA0005FTM;21FLFTM_WQX-CALUSA0006FTM;21FLFTM_WQX-CALUSA0019FTM;21FLFTM_WQX-CALUSA0020FTM;21FLFTM_WQX-CALUSA0024FTM;21FLFTM_WQX-CALUSA0040FTM;21FLFTM_WQX-CALUSA0056FTM;21FLFTM_WQX-CALUSA0057FTM;21FLFTM_WQX-CALUSA0060FTM;21FLFTM_WQX-G3SD0003;21FLFTM_WQX-G3SD0081;21FLFTM_WQX-G3SD0100;21FLFTM_WQX-G3SD0118;21FLFTM_WQX-G3SD0119;21FLFTM_WQX-G3SD0129;21FLFTM_WQX-G3SD0145;21FLFTM_WQX-G3SD0163;21FLFTM_WQX-G3SD0166;21FLFTM_WQX-G3SD0190;21FLFTM_WQX-G3SD0205;21FLFTM_WQX-G3SD0207;21FLFTM_WQX-HAB-SD-0090;21FLFTM_WQX-HAB-SD-011;21FLFTM_WQX-HAB-SD-0118;21FLFTM_WQX-HAB-SD-0119;21FLFTM_WQX-HAB-SD-0139;21FLFTM_WQX-HAB-SD-0179;21FLFTM_WQX-HAB-SD-034;21FLFTM_WQX-HAB-SD-046;21FLFTM_WQX-HAB-SD-061;21FLFTM_WQX-HAB-SFWMD-0008;21FLFTM_WQX-HAB-SFWMD-0011;21FLFTM_WQX-HAB-SFWMD-0012;21FLFTM_WQX-HAB-SFWMD-0017;21FLFTM_WQX-HAB-SFWMD-0023;21FLFTM_WQX-HAB-SFWMD-0031;21FLFTM_WQX-HAB-SFWMD-0034;21FLFTM_WQX-HAB-SFWMD-0040;21FLFTM_WQX-HAB-SFWMD-0046;21FLFTM_WQX-HAB-SFWMD-0053;21FLFTM_WQX-HAB-SFWMD-0057;21FLFTM_WQX-HAB-SFWMD-0064;21FLFTM_WQX-HAB-SFWMD-0072;21FLFTM_WQX-HAB-SFWMD-0077;21FLFTM_WQX-HAB-SFWMD-0085;21FLFTM_WQX-HAB-SFWMD-0088;21FLGW_WQX-11103;21FLGW_WQX-11104;21FLGW_WQX-11105;21FLGW_WQX-11110;21FLGW_WQX-11117;21FLGW_WQX-11126;21FLGW_WQX-11130;21FLGW_WQX-11134;21FLGW_WQX-11136;21FLGW_WQX-11145;21FLGW_WQX-11146;21FLGW_WQX-11148;21FLGW_WQX-11152;21FLGW_WQX-29148;21FLGW_WQX-29396;21FLGW_WQX-3568;21FLGW_WQX-38570;21FLGW_WQX-39163;21FLGW_WQX-39520;21FLGW_WQX-42379;21FLGW_WQX-44273;21FLGW_WQX-45791;21FLGW_WQX-45794;21FLGW_WQX-48869;21FLGW_WQX-51902;21FLGW_WQX-53944;21FLGW_WQX-56327;21FLGW_WQX-56330;21FLGW_WQX-58928;21FLGW_WQX-58936;21FLGW_WQX-61179;21FLGW_WQX-64896;21FLGW_WQX-64898;21FLGW_WQX-66099;21FLSCCF_WQX-CLEW05;21FLSFWM-CAL 00;21FLSFWM-CES01;21FLSFWM-CES02;21FLSFWM-CES03;21FLSFWM-NNAPLES;21FLSFWM-S79;21FLSFWM-S79N;21FLSFWM-TELEGCRK;21FLSFWM-TROUTCRK;21FLSFWM-WCOCORIV;21FLSFWM_WQX-18245;21FLSFWM_WQX-4601;21FLSFWM_WQX-4602;21FLSFWM_WQX-CES01;21FLSFWM_WQX-CES02;21FLSFWM_WQX-CES03;21FLSFWM_WQX-S79;21FLSWFD_WQX-26398;21FLSWFD_WQX-796113;21FLSWFD_WQX-796114;21FLSWFD_WQX-796115;21FLSWFD_WQX-796117;21FLSWFD_WQX-796130;21FLWQA_WQX-HAB-SF-18245;21FLWQSP_WQX-LEE638GS;CHNEPTCR-462;CHNEPTCR-463;CHNEPTCR-467;CHNEPTCR-468;CHNEPTCR-469;CHNEPTCR-470;CHNEPTCR-471;CHNEPTCR-472;CHNEPTCR-473;USGS-02292900;USGS-02292901;USGS-264253081480101;USGS-264257081454100;USGS-264300081414501;USGS-264300081430000;USGS-264302081444000;USGS-264315081412801;USGS-264325081415501;USGS-264329081413400;USGS-264331081423100;USGS-264349081420600;USGS-264349081420601;USGS-264359081424701;USGS-264359081424702;USGS-264423081441301;USGS-264425081454001;USGS-264541081453901;USGS-264608081454101;USGS-264608081454102;USGS-264608081454103;USGS-265124081453701,/home/kdd1/jliu/Water_Hub/Water_quality_data/wqp_result_zips/US_12/FL_charlotte_county_US_12_015_inorganics_major_metals_wqp_results.zip;/home/kdd1/jliu/Water_Hub/Water_quality_data/wqp_result_zips/US_12/FL_charlotte_county_US_12_015_physical_wqp_results.zip;/home/kdd1/jliu/Water_Hub/Water_quality_data/wqp_result_zips/US_12/FL_lee_county_US_12_071_inorganics_major_metals_wqp_results.zip;/home/kdd1/jliu/Water_Hub/Water_quality_data/wqp_result_zips/US_12/FL_lee_county_US_12_071_physical_wqp_results.zip,nearest WQP station with priority analytes within 10 km
FL,HENDRY,Labelle WTP No. 2,26.756206016402,-81.4477690988896,City of Labelle,Labelle,Reverse osmosis,Drinking water,1.5,2014,Deep well injection,Groundwater,previously out of compliance with trihalomethanes; new source water required total dissolved solids removal,none,1.5,0.75,1.68,none,yes,depends on which wells are used; 2176 and 2752 mg/L TDS equivalent,"antiscalant, pre-filter",150-160,70,<100 mg/l,700 µS/cm,~ 9 : 1,raw water bypass,"degasification, chlorination, fluoridation",on original membranes,none,none,FLORIDA FACILIITIES,17,matched,nearest_priority_station,0.580162,USGS-264500081260000,LaBelle SA Well 13,Well,NWIS,051,/home/kdd1/jliu/Water_Hub/Water_quality_data/wqp_result_zips/US_12/FL_hendry_county_US_12_051_inorganics_major_metals_wqp_results.zip;/home/kdd1/jliu/Water_Hub/Water_quality_data/wqp_result_zips/US_12/FL_hendry_county_US_12_051_physical_wqp_results.zip,/home/kdd1/jliu/Water_Hub/Water_quality_data/wqp_station_zips/US_12/FL_hendry_county_US_12_051_inorganics_major_metals_wqp_stations.zip;/home/kdd1/jliu/Water_Hub/Water_quality_data/wqp_station_zips/US_12/FL_hendry_county_US_12_051_physical_wqp_stations.zip,-81.44198610,26.75695278,,,234,0.035146,21FLFTM_WQX-28020008;21FLFTM_WQX-28020031;21FLFTM_WQX-28020032;21FLFTM_WQX-28020034;21FLFTM_WQX-28020044;21FLFTM_WQX-28020057;21FLFTM_WQX-28020058;21FLFTM_WQX-28020238;21FLFTM_WQX-28020241;21FLFTM_WQX-28020251FTM;21FLFTM_WQX-28020252FTM;21FLFTM_WQX-28020268FTM;21FLFTM_WQX-28020274FTM;21FLFTM_WQX-28020298FTM;21FLFTM_WQX-28020312FTM;21FLFTM_WQX-28020313FTM;21FLFTM_WQX-28020318FTM;21FLFTM_WQX-28020331FTM;21FLFTM_WQX-28022005FTM;21FLFTM_WQX-CALUSA0015FTM;21FLFTM_WQX-CALUSA0016FTM;21FLFTM_WQX-CALUSA0033FTM;21FLFTM_WQX-CALUSA0034FTM;21FLFTM_WQX-CALUSA0035FTM;21FLFTM_WQX-CALUSA0044FTM;21FLFTM_WQX-CALUSA0047FTM;21FLFTM_WQX-CALUSA0050FTM;21FLFTM_WQX-CALUSA0051FTM;21FLFTM_WQX-CALUSA0052FTM;21FLFTM_WQX-G3SD0098;21FLFTM_WQX-G3SD0099;21FLFTM_WQX-G3SD0146;21FLFTM_WQX-G3SD0176;21FLFTM_WQX-G3SD0177;21FLFTM_WQX-G3SD0188;21FLFTM_WQX-G3SD0226;21FLFTM_WQX-G3SD0227;21FLFTM_WQX-G3SD0228;21FLFTM_WQX-G3SD0230;21FLFTM_WQX-HAB-SD-020;21FLFTM_WQX-POLLYCRK;21FLFTM_WQX-RECON-RB-FTM;21FLGW_WQX-10143;21FLGW_WQX-10145;21FLGW_WQX-10146;21FLGW_WQX-10152;21FLGW_WQX-11111;21FLGW_WQX-11123;21FLGW_WQX-11124;21FLGW_WQX-11131;21FLGW_WQX-11149;21FLGW_WQX-29403;21FLGW_WQX-29404;21FLGW_WQX-29405;21FLGW_WQX-29406;21FLGW_WQX-29407;21FLGW_WQX-29408;21FLGW_WQX-30428;21FLGW_WQX-30430;21FLGW_WQX-30440;21FLGW_WQX-30450;21FLGW_WQX-30452;21FLGW_WQX-3058;21FLGW_WQX-3059;21FLGW_WQX-37417;21FLGW_WQX-38087;21FLGW_WQX-40154;21FLGW_WQX-40159;21FLGW_WQX-41043;21FLGW_WQX-41048;21FLGW_WQX-42165;21FLGW_WQX-42390;21FLGW_WQX-45285;21FLGW_WQX-4548;21FLGW_WQX-47559;21FLGW_WQX-47560;21FLGW_WQX-47567;21FLGW_WQX-49861;21FLGW_WQX-50620;21FLGW_WQX-51592;21FLGW_WQX-53185;21FLGW_WQX-55410;21FLGW_WQX-56322;21FLGW_WQX-58854;21FLGW_WQX-60220;21FLGW_WQX-60229;21FLGW_WQX-62271;21FLGW_WQX-62276;21FLGW_WQX-62931;21FLGW_WQX-64144;21FLGW_WQX-66093;21FLGW_WQX-66094;21FLGW_WQX-66101;21FLLCHD-CAL04;21FLSCCF_WQX-CLEW03;21FLSFWM-C43SC-1A;21FLSFWM-C43SC-2A;21FLSFWM-CORKSCRD;21FLSFWM-CR-22.0T;21FLSFWM-CR-22.5;21FLSFWM-CR-25.0T;21FLSFWM-CR-26.0;21FLSFWM-CR-26.2T;21FLSFWM-CR-29.3T;21FLSFWM-CR-30.3T;21FLSFWM-CR-30.4;21FLSFWM-CR-31.0T;21FLSFWM-HE-557;21FLSFWM-POLLYCRK;21FLSFWM-ROBCNL;21FLSFWM_WQX-32275;21FLSFWM_WQX-32277;21FLSFWM_WQX-32278;21FLSFWM_WQX-32289;21FLSFWM_WQX-32290;21FLSFWM_WQX-40097;21FLSFWM_WQX-CORKSCRD;21FLSFWM_WQX-CRFW08;21FLSFWM_WQX-CRFW11;21FLSFWM_WQX-CRFW12;21FLSFWM_WQX-CRFW13;21FLSFWM_WQX-CRFW23;21FLSFWM_WQX-CRFW24;21FLSFWM_WQX-CRFW25A;21FLWQSP_WQX-CALOOS1;21FLWQSP_WQX-CALOOS2;21FLWQSP_WQX-CALOOS3;21FLWQSP_WQX-HEN640GS;USGS-02292700;USGS-264032081261701;USGS-264032081261702;USGS-264157081262602;USGS-264227081315301;USGS-264235081310601;USGS-264235081310602;USGS-264258081260701;USGS-264315081310600;USGS-264315081311701;USGS-264333081275201;USGS-264336081312501;USGS-264338081312000;USGS-264346081301700;USGS-264346081301701;USGS-264349081313701;USGS-264353081281101;USGS-264358081254202;USGS-264401081312501;USGS-264401081313101;USGS-264401081313801;USGS-264415081301501;USGS-264417081281700;USGS-264428081310801;USGS-264430081254502;USGS-264431081292701;USGS-264431081292702;USGS-264438081270501;USGS-264438081270502;USGS-264438081270601;USGS-264439081262201;USGS-264445081274400;USGS-264449081303800;USGS-264449081303801;USGS-264454081303801;USGS-264455081312201;USGS-264500081260000;USGS-264508081262301;USGS-264510081313100;USGS-264511081285700;USGS-264518081270801;USGS-264520081265301;USGS-264520081265302;USGS-264520081285501;USGS-264520081303701;USGS-264521081305301;USGS-264521081313703;USGS-264522081255601;USGS-264526081262101;USGS-264526081262301;USGS-264527081261902;USGS-264527081262102;USGS-264528081253501;USGS-264529081284000;USGS-264530081254801;USGS-264530081262401;USGS-264531081255001;USGS-264533081261001;USGS-264533081261003;USGS-264533081261004;USGS-264533081263901;USGS-264533081265301;USGS-264534081252601;USGS-264534081254001;USGS-264534081262401;USGS-264538081252701;USGS-264539081303900;USGS-264540081261702;USGS-264540081261703;USGS-264542081255701;USGS-264542081255702;USGS-264542081261301;USGS-264542081261302;USGS-264542081261303;USGS-264542081303901;USGS-264543081254201;USGS-264544081251001;USGS-264544081251002;USGS-264546081240100;USGS-264546081255602;USGS-264546081255603;USGS-264546081255604;USGS-264546081255605;USGS-264547081261301;USGS-264547081261302;USGS-264547081261303;USGS-264547081261304;USGS-264547081261305;USGS-264547081282301;USGS-264550081252801;USGS-264550081262001;USGS-264558081262001;USGS-264601081213101;USGS-264601081213102;USGS-264601081294901;USGS-264603081261001;USGS-264607081292901;USGS-264608081261500;USGS-264608081261501;USGS-264614081261301;USGS-264614081261302;USGS-264626081264101;USGS-264627081271001;USGS-264652081264101;USGS-264653081261201;USGS-264653081262601,/home/kdd1/jliu/Water_Hub/Water_quality_data/wqp_result_zips/US_12/FL_hendry_county_US_12_051_inorganics_major_metals_wqp_results.zip;/home/kdd1/jliu/Water_Hub/Water_quality_data/wqp_result_zips/US_12/FL_hendry_county_US_12_051_physical_wqp_results.zip,nearest WQP station with priority analytes within 10 km; closer station USGS-264520081265301 at 0.04 km lacks the priority analytes
FL,LEE,Green Meadows WTP,26.5130772610668,-81.7246868380567,Lee County Utilities,Ft. Myers,Reverse osmosis,Drinking water,7.5,2018,Deep well injection,Groundwater,plant expansion and replacement of old existing facility,none,7.5,not on line yet,will vary,not on line yet,yes,1860 mg/L TDS equivalent,"sand filter, cartridge filter, acid",167,85,36,223,roughly 9 : 6,bypass and IX treated surficial water,"sulfuric acid, degasification, disinfection (chloramination), pH control (caustic), fluoride, corrosion inhibitor",new plant,Deep well injection,none,FLORIDA FACILIITIES,9,matched,nearest_priority_station,0.135158,USGS-263041081433102,L  -1998,Well,NWIS,071,/home/kdd1/jliu/Water_Hub/Water_quality_data/wqp_result_zips/US_12/FL_lee_county_US_12_071_inorganics_major_metals_wqp_results.zip;/home/kdd1/jliu/Water_Hub/Water_quality_data/wqp_result_zips/US_12/FL_lee_county_US_12_071_physical_wqp_results.zip,/home/kdd1/jliu/Water_Hub/Water_quality_data/wqp_station_zips/US_12/FL_lee_county_US_12_071_inorganics_major_metals_wqp_stations.zip;/home/kdd1/jliu/Water_Hub/Water_quality_data/wqp_station_zips/US_12/FL_lee_county_US_12_071_physical_wqp_stations.zip,-81.72536070,26.51202187,,,54,0.135158,21FLEECO_WQX-47A-28GR;21FLEECO_WQX-47A-40GR;21FLEECO_WQX-IMPRGR90;21FLGW_WQX-12139;21FLGW_WQX-12150;21FLGW_WQX-13719;21FLGW_WQX-13722;21FLGW_WQX-13738;21FLGW_WQX-15161;21FLGW_WQX-15166;21FLGW_WQX-15168;21FLGW_WQX-15175;21FLGW_WQX-15182;21FLGW_WQX-15183;21FLGW_WQX-15186;21FLGW_WQX-20949;21FLGW_WQX-22545;21FLGW_WQX-29142;21FLGW_WQX-3103;21FLGW_WQX-3451;21FLGW_WQX-38083;21FLGW_WQX-40005;21FLGW_WQX-44666;21FLGW_WQX-54500;21FLLEHI_WQX-WQ SITE 40;21FLLEHI_WQX-WQ SITE MWS;USGS-262500081430001;USGS-262607081462201;USGS-262657081443501;USGS-262706081435401;USGS-262711081413701;USGS-262713081414401;USGS-262713081414402;USGS-262713081414601;USGS-262713081414701;USGS-262800081420001;USGS-262934081495801;USGS-262934081495802;USGS-263000081390001;USGS-263000081430001;USGS-263041081420501;USGS-263041081433101;USGS-263041081433102;USGS-263041081433103;USGS-263115081483501;USGS-263115081483502;USGS-263249081474401;USGS-263249081474402;USGS-263251081452801;USGS-263251081452802;USGS-263251081452803;USGS-263329081394301;USGS-263329081394302;USGS-263335081394301,/home/kdd1/jliu/Water_Hub/Water_quality_data/wqp_result_zips/US_12/FL_lee_county_US_12_071_inorganics_major_metals_wqp_results.zip;/home/kdd1/jliu/Water_Hub/Water_quality_data/wqp_result_zips/US_12/FL_lee_county_US_12_071_physical_wqp_results.zip,nearest WQP station with priority analytes within 10 km
FL,LEE,North Cape Coral RO WTP,26.695729874788,-81.9991920613479,City of Cape Coral Utilities Department,Cape Coral,Reverse osmosis,Drinking water,12,2010,Deep well injection,Groundwater,total dissolved solids,neutralize,12,none,none,8.5,yes,2700 mg/L TDS equivalent,"acid, antiscalant, cartridge filters",160,80,100-118,none,15-25% bypass,bypass,"blend, degasification, chlorine (for disinfection and residual H2S removal, caustic (pH adjustment)",on original membranes,"neutralization, deep well injection",none,FLORIDA FACILIITIES,26,matched,nearest_priority_station,0.915554,USGS-264146081592301,L  -1107,Well,NWIS,071,/home/kdd1/jliu/Water_Hub/Water_quality_data/wqp_result_zips/US_12/FL_lee_county_US_12_071_inorganics_major_metals_wqp_results.zip;/home/kdd1/jliu/Water_Hub/Water_quality_data/wqp_result_zips/US_12/FL_lee_county_US_12_071_physical_wqp_results.zip,/home/kdd1/jliu/Water_Hub/Water_quality_data/wqp_station_zips/US_12/FL_lee_county_US_12_071_inorganics_major_metals_wqp_stations.zip;/home/kdd1/jliu/Water_Hub/Water_quality_data/wqp_station_zips/US_12/FL_lee_county_US_12_071_physical_wqp_stations.zip,-81.99008880,26.69701500,,,733,0.915554,21FLCHAR-CHV009;21FLCHAR_WQX-CHV009;21FLCHAR_WQX-MP1A;21FLCHAR_WQX-MPV001;21FLEECO_WQX-16-18GR;21FLEECO_WQX-16-30GR;21FLEECO_WQX-16-31GR;21FLEECO_WQX-16-32GR;21FLEECO_WQX-16-33GR;21FLEECO_WQX-16-70GR;21FLEECO_WQX-AD04262;21FLEECO_WQX-AD05207;21FLEECO_WQX-AD05951;21FLEECO_WQX-AD05953;21FLEECO_WQX-AD05955;21FLEECO_WQX-AD05956;21FLEECO_WQX-AD05957;21FLEECO_WQX-AD08263;21FLEECO_WQX-AD09099;21FLEECO_WQX-AD09107;21FLEECO_WQX-AD09108;21FLEECO_WQX-AD11394;21FLEECO_WQX-AD12302;21FLEECO_WQX-AD13424;21FLEECO_WQX-BURNTN;21FLEECO_WQX-BURNTS;21FLEECO_WQX-CH-AD13424;21FLEECO_WQX-CH-AD29288;21FLEECO_WQX-CH-AD29289;21FLEECO_WQX-CH-AD29722;21FLEECO_WQX-CH-AD29723;21FLEECO_WQX-CH-AD31225;21FLEECO_WQX-CH-AD31226;21FLEECO_WQX-CH-AD31965;21FLEECO_WQX-CH-AD31966;21FLEECO_WQX-CH-AD32209;21FLEECO_WQX-CH-AD32210;21FLEECO_WQX-CH-AD36886;21FLEECO_WQX-CH-AD36887;21FLEECO_WQX-CH-AD36892;21FLEECO_WQX-CH-AD36893;21FLEECO_WQX-CH-AD50575;21FLEECO_WQX-CH-AD50576;21FLEECO_WQX-CH-AD50577;21FLEECO_WQX-CH-AD50578;21FLEECO_WQX-CH-AD60365;21FLEECO_WQX-CH-AD60366;21FLEECO_WQX-CHNEP_RSAD63683;21FLEECO_WQX-CHNEP_RSAD91129;21FLEECO_WQX-CHNEP_RSAD91131;21FLEECO_WQX-CHNEP_RSAD95000;21FLEECO_WQX-CHNEP_RSAD98799;21FLEECO_WQX-CHNEP_RSAD98805;21FLEECO_WQX-CHNEP_RSAE11363;21FLEECO_WQX-CHNEP_RSAE16554;21FLEECO_WQX-CHNEP_RSAE19107;21FLEECO_WQX-CHNEP_RSAE19111;21FLEECO_WQX-CHNEP_RSAE30453;21FLEECO_WQX-CHNEP_RSAE36138;21FLEECO_WQX-CHNEP_RSAE36140;21FLEECO_WQX-CHNEP_RSAE36142;21FLEECO_WQX-CHNEP_RSAE36144;21FLEECO_WQX-CHNEP_RSAE45633;21FLEECO_WQX-CHNEP_RSAE47582;21FLEECO_WQX-CHNEP_RSAE47586;21FLEECO_WQX-CHNEP_RSAE56903;21FLEECO_WQX-CHNEP_RSAE56907;21FLEECO_WQX-CHNEP_RSAE56909;21FLEECO_WQX-CHNEP_RSAE63605;21FLEECO_WQX-CHNEP_RSAE63609;21FLEECO_WQX-CHNEP_RSAE67035;21FLEECO_WQX-CHNEP_RSAE70349;21FLEECO_WQX-CHNEP_RSAE73145;21FLEECO_WQX-CHNEP_RSAE73147;21FLEECO_WQX-CHNEP_RSAE79366;21FLEECO_WQX-CHNEP_RSAE83805;21FLEECO_WQX-CHNEP_RSAE92583;21FLEECO_WQX-CHNEP_RSAF00013;21FLEECO_WQX-CHNEP_RSAF02041;21FLEECO_WQX-CHNEP_RSAF08830;21FLEECO_WQX-CHNEP_RSAF08832;21FLEECO_WQX-CHNEP_RSAF18194;21FLEECO_WQX-CHNEP_RSAF18196;21FLEECO_WQX-CHNEP_RSAF21107;21FLEECO_WQX-CHNEP_RSAF26182;21FLEECO_WQX-CHNEP_RSAF29737;21FLEECO_WQX-CHNEP_RSBOTAD63684;21FLEECO_WQX-CHNEP_RSBOTAD91130;21FLEECO_WQX-CHNEP_RSBOTAE36139;21FLEECO_WQX-CHNEP_RSBOTAE36143;21FLEECO_WQX-CHNEP_RSBOTAE36145;21FLEECO_WQX-CHNEP_RSBOTAE70350;21FLEECO_WQX-CHNEP_RSBOTAF08833;21FLEECO_WQX-CHNEP_RSBOTAF26183;21FLEECO_WQX-CR-AD16393;21FLEECO_WQX-GATRGR30;21FLEECO_WQX-GATRGR60;21FLEECO_WQX-LCHRAN_151AF41454;21FLEECO_WQX-LCHRAN_151AF41455;21FLEECO_WQX-LCHRAN_162AG01416;21FLEECO_WQX-LCHRAN_162AG04099;21FLEECO_WQX-LCHRAN_162BAG01417;21FLEECO_WQX-LCHRAN_162BAG04100;21FLEECO_WQX-LCHRAN_163AF41446;21FLEECO_WQX-LCHRAN_163AF41447;21FLEECO_WQX-LCHRAN_163AF45211;21FLEECO_WQX-LCHRAN_163AF48295;21FLEECO_WQX-LCHRAN_163AG01410;21FLEECO_WQX-LCHRAN_163AG04097;21FLEECO_WQX-LCHRAN_163AG22429;21FLEECO_WQX-LCHRAN_163BAF48296;21FLEECO_WQX-LCHRAN_163BAG01411;21FLEECO_WQX-LCHRAN_163BAG22430;21FLEECO_WQX-LCHRAN_175AF41450;21FLEECO_WQX-LCHRAN_175AF41451;21FLEECO_WQX-LCHRAN_175AF57742;21FLEECO_WQX-LCHRAN_175AF63742;21FLEECO_WQX-LCHRAN_175AF81671;21FLEECO_WQX-LCHRAN_175AF87312;21FLEECO_WQX-LCHRAN_175AF90015;21FLEECO_WQX-LCHRAN_175AG04101;21FLEECO_WQX-LCHRAN_175AG07163;21FLEECO_WQX-LCHRAN_175AG14809;21FLEECO_WQX-LCHRAN_175BAF57743;21FLEECO_WQX-LCHRAN_175BAF63743;21FLEECO_WQX-LCHRAN_175BAF87313;21FLEECO_WQX-LCHRAN_175BAF90016;21FLEECO_WQX-LCHRAN_175BAG04102;21FLEECO_WQX-LCHRAN_175BAG07164;21FLEECO_WQX-LCHRAN_175BAG14810;21FLEECO_WQX-LCHRAN_176AF41448;21FLEECO_WQX-LCHRAN_176AF41449;21FLEECO_WQX-LCHRAN_176AF79135;21FLEECO_WQX-LCHRAN_176AG07161;21FLEECO_WQX-LCHRAN_176BAG07162;21FLEECO_WQX-LCHRAN_187AF60980;21FLEECO_WQX-LCHRAN_187AF81673;21FLEECO_WQX-LCHRAN_187AG04103;21FLEECO_WQX-LCHRAN_187BAF60981;21FLEECO_WQX-LCHRAN_187BAG04104;21FLEECO_WQX-LCHRAN_188AF96054;21FLEECO_WQX-PI-04;21FLEECO_WQX-PI-06;21FLEECO_WQX-VETERAN;21FLEECO_WQX-YFC-CI;21FLFMRI-CHA200212;21FLFMRI-CHA200214;21FLFMRI-CHA200229;21FLFMRI-STR200114;21FLFMRI-STR200215;21FLFTM_WQX-110;21FLFTM_WQX-25020557FTM;21FLFTM_WQX-28020005;21FLFTM_WQX-28020035;21FLFTM_WQX-28020198;21FLFTM_WQX-28020285FTM;21FLFTM_WQX-28020330FTM;21FLFTM_WQX-28020337FTM;21FLFTM_WQX-28020339FTM;21FLFTM_WQX-CALUSA0061FTM;21FLFTM_WQX-CALUSA0063FTM;21FLFTM_WQX-CHARHB0001FTM;21FLFTM_WQX-CHARHB0017FTM;21FLFTM_WQX-CHARHB0018FTM;21FLFTM_WQX-CHARHB0021FTM;21FLFTM_WQX-CHARHB0094FTM;21FLFTM_WQX-CHARHB0095FTM;21FLFTM_WQX-G2SD0015;21FLFTM_WQX-G2SD0020;21FLFTM_WQX-G2SD0034;21FLFTM_WQX-G2SD0049;21FLFTM_WQX-G2SD0050;21FLFTM_WQX-G2SD0051;21FLFTM_WQX-G2SD0052;21FLFTM_WQX-G2SD0055;21FLFTM_WQX-G3SD0074;21FLFTM_WQX-G3SD0149;21FLFTM_WQX-GATORSLU;21FLFTM_WQX-HAB-SD-0168;21FLFTM_WQX-HAB-SD-0169;21FLFTM_WQX-HAB-SD-0170;21FLFTM_WQX-HAB-SD-0186;21FLFTM_WQX-HAB-SD-0191;21FLFTM_WQX-HAB-SD-0192;21FLFTM_WQX-HAB-SD-023;21FLFTM_WQX-HAB-SD-037;21FLFTM_WQX-YUCCAPEN;21FLGW_WQX-10305;21FLGW_WQX-10307;21FLGW_WQX-10312;21FLGW_WQX-10313;21FLGW_WQX-10315;21FLGW_WQX-11150;21FLGW_WQX-14323;21FLGW_WQX-14335;21FLGW_WQX-24070;21FLGW_WQX-24174;21FLGW_WQX-27120;21FLGW_WQX-27121;21FLGW_WQX-27129;21FLGW_WQX-27130;21FLGW_WQX-27131;21FLGW_WQX-27133;21FLGW_WQX-27134;21FLGW_WQX-27137;21FLGW_WQX-29147;21FLGW_WQX-30422;21FLGW_WQX-30436;21FLGW_WQX-30437;21FLGW_WQX-30438;21FLGW_WQX-30445;21FLGW_WQX-3092;21FLGW_WQX-3117;21FLGW_WQX-40150;21FLGW_WQX-41039;21FLGW_WQX-43379;21FLGW_WQX-45145;21FLGW_WQX-52968;21FLGW_WQX-53941;21FLGW_WQX-57248;21FLGW_WQX-57902;21FLGW_WQX-60961;21FLGW_WQX-64902;21FLKWAT_WQX-LEE-SANDOV-1-1;21FLKWAT_WQX-LEE-SANDOV-13-1;21FLKWAT_WQX-LEE-SANDOV-15-1;21FLKWAT_WQX-LEE-SANDOV-18-1;21FLKWAT_WQX-LEE-SANDOV-20-1;21FLKWAT_WQX-LEE-SANDOV-6-1;21FLSCCF_WQX-MASG11;21FLSCCF_WQX-MASG12;21FLSCCF_WQX-MASG15;21FLSCCF_WQX-MASG28;21FLSCCF_WQX-MASG35;21FLSCCF_WQX-MASG41;21FLSCCF_WQX-MASG48;21FLSCCF_WQX-MASG_WQ01;21FLSCCF_WQX-MASG_WQ02;21FLSCCF_WQX-MASG_WQ05;21FLSCCF_WQX-MASG_WQ07;21FLSCCF_WQX-MASG_WQ09;21FLSCCF_WQX-MASG_WQ10;21FLSCCF_WQX-MASG_WQ11;21FLSEAS-62SEAS390;21FLSEAS-62SEAS420;21FLSEAS-62SEAS430;21FLSEAS-62SEAS440;21FLSEAS_WQX-62SEAS390;21FLSEAS_WQX-62SEAS420;21FLSEAS_WQX-62SEAS430;21FLSEAS_WQX-62SEAS440;21FLSFWM-GATORSLU;21FLSFWM-YUCCAPEN;21FLSWFD_WQX-670156;21FLWQA_WQX-BLOOM482;21FLWQSP_WQX-LEE632CA;21FLWQSP_WQX-LEE642CA;21FLWQSP_WQX-LEE646CA;21FLWQSP_WQX-LEE650CA;21FLWQSP_WQX-LEE658CA;21FLWQSP_WQX-LEE660CA;CAPECRD_WQX-105;CAPECRD_WQX-110;CAPECRD_WQX-120;CAPECRD_WQX-129;CAPECRD_WQX-130;CAPECRD_WQX-150;CAPECRD_WQX-160;CAPECRD_WQX-190;CAPECRD_WQX-210;CAPECRD_WQX-243;CAPECRD_WQX-250;CAPECRD_WQX-262;CAPECRD_WQX-271;CAPECRD_WQX-275;CAPECRD_WQX-280;CAPECRD_WQX-290;CAPECRD_WQX-295;CAPECRD_WQX-300;CAPECRD_WQX-310;CAPECRD_WQX-315;CAPECRD_WQX-355;CAPECRD_WQX-370;CHNEPMP_WQX-212_004;CHNEPMP_WQX-212_121;CHNEPMP_WQX-213_004;CHNEPMP_WQX-213_005;CHNEPMP_WQX-213_006;CHNEPMP_WQX-213_011;CHNEPMP_WQX-213_016;CHNEPMP_WQX-213_019;CHNEPMP_WQX-213_041;CHNEPMP_WQX-213_060;CHNEPMP_WQX-213_066;CHNEPMP_WQX-213_069;CHNEPMP_WQX-213_071;CHNEPMP_WQX-213_074;CHNEPMP_WQX-213_075;CHNEPMP_WQX-213_076;CHNEPMP_WQX-213_081;CHNEPMP_WQX-213_082;CHNEPMP_WQX-213_088;CHNEPMP_WQX-213_090;CHNEPMP_WQX-213_091;CHNEPMP_WQX-213_092;CHNEPMP_WQX-213_093;CHNEPMP_WQX-213_094;CHNEPMP_WQX-213_095;CHNEPMP_WQX-213_100;CHNEPMP_WQX-213_101;CHNEPMP_WQX-213_104;CHNEPMP_WQX-213_108;CHNEPMP_WQX-213_110;CHNEPMP_WQX-213_111;CHNEPMP_WQX-213_115;CHNEPMP_WQX-213_118;CHNEPMP_WQX-213_129;CHNEPMP_WQX-213_132;CHNEPMP_WQX-213_136;CHNEPMP_WQX-213_143;CHNEPMP_WQX-213_145;CHNEPMP_WQX-213_146;CHNEPMP_WQX-213_147;CHNEPMP_WQX-213_150;CHNEPMP_WQX-213_155;CHNEPMP_WQX-213_173;CHNEPMP_WQX-213_174;CHNEPMP_WQX-213_176;CHNEPMP_WQX-213_200;CHNEPMP_WQX-213_201;CHNEPMP_WQX-213_202;CHNEPMP_WQX-213_215;CHNEPMP_WQX-213_221;CHNEPMP_WQX-213_224;CHNEPMP_WQX-213_227;CHNEPMP_WQX-213_236;CHNEPMP_WQX-213_241;CHNEPMP_WQX-213_245;CHNEPMP_WQX-213_256;CHNEPMP_WQX-214_005;CHNEPMP_WQX-214_033;CHNEPMP_WQX-214_041;CHNEPMP_WQX-214_076;CHNEPMP_WQX-214_253;CHNEPMP_WQX-223_010;CHNEPMP_WQX-223_011;CHNEPMP_WQX-223_012;CHNEPMP_WQX-223_015;CHNEPMP_WQX-223_018;CHNEPMP_WQX-223_019;CHNEPMP_WQX-223_022;CHNEPMP_WQX-223_029;CHNEPMP_WQX-223_031;CHNEPMP_WQX-223_033;CHNEPMP_WQX-223_040;CHNEPMP_WQX-223_043;CHNEPMP_WQX-223_052;CHNEPMP_WQX-223_055;CHNEPMP_WQX-223_067;CHNEPMP_WQX-223_070;CHNEPMP_WQX-223_072;CHNEPMP_WQX-223_077;CHNEPMP_WQX-223_082;CHNEPMP_WQX-223_091;CHNEPMP_WQX-223_093;CHNEPMP_WQX-223_097;CHNEPMP_WQX-223_098;CHNEPMP_WQX-223_107;CHNEPMP_WQX-223_116;CHNEPMP_WQX-223_119;CHNEPMP_WQX-223_123;CHNEPMP_WQX-223_124;CHNEPMP_WQX-223_126;CHNEPMP_WQX-223_129;CHNEPMP_WQX-223_130;CHNEPMP_WQX-223_134;CHNEPMP_WQX-223_143;CHNEPMP_WQX-223_144;CHNEPMP_WQX-223_145;CHNEPMP_WQX-223_154;CHNEPMP_WQX-223_155;CHNEPMP_WQX-223_156;CHNEPMP_WQX-223_158;CHNEPMP_WQX-223_161;CHNEPMP_WQX-223_175;CHNEPMP_WQX-223_176;CHNEPMP_WQX-223_182;CHNEPMP_WQX-223_183;CHNEPMP_WQX-223_185;CHNEPMP_WQX-223_186;CHNEPMP_WQX-223_190;CHNEPMP_WQX-223_216;CHNEPMP_WQX-223_217;CHNEPMP_WQX-223_224;CHNEPMP_WQX-223_225;CHNEPMP_WQX-223_228;CHNEPMP_WQX-223_240;CHNEPMP_WQX-223_242;CHNEPMP_WQX-223_243;CHNEPMP_WQX-223_249;CHNEPMP_WQX-223_254;CHNEPMP_WQX-224_008;CHNEPMP_WQX-224_010;CHNEPMP_WQX-224_014;CHNEPMP_WQX-224_015;CHNEPMP_WQX-224_020;CHNEPMP_WQX-224_022;CHNEPMP_WQX-224_023;CHNEPMP_WQX-224_024;CHNEPMP_WQX-224_082;CHNEPMP_WQX-224_204;CHNEPMP_WQX-232_087;CHNEPMP_WQX-233_015;CHNEPMP_WQX-233_020;CHNEPMP_WQX-233_024;CHNEPMP_WQX-233_026;CHNEPMP_WQX-233_029;CHNEPMP_WQX-233_030;CHNEPMP_WQX-233_031;CHNEPMP_WQX-233_037;CHNEPMP_WQX-233_052;CHNEPMP_WQX-233_055;CHNEPMP_WQX-233_059;CHNEPMP_WQX-233_060;CHNEPMP_WQX-233_063;CHNEPMP_WQX-233_066;CHNEPMP_WQX-233_068;CHNEPMP_WQX-233_073;CHNEPMP_WQX-233_075;CHNEPMP_WQX-233_077;CHNEPMP_WQX-233_079;CHNEPMP_WQX-233_080;CHNEPMP_WQX-233_083;CHNEPMP_WQX-233_084;CHNEPMP_WQX-233_086;CHNEPMP_WQX-233_088;CHNEPMP_WQX-233_091;CHNEPMP_WQX-233_092;CHNEPMP_WQX-233_096;CHNEPMP_WQX-233_105;CHNEPMP_WQX-233_106;CHNEPMP_WQX-233_112;CHNEPMP_WQX-233_114;CHNEPMP_WQX-233_118;CHNEPMP_WQX-233_121;CHNEPMP_WQX-233_122;CHNEPMP_WQX-233_123;CHNEPMP_WQX-233_127;CHNEPMP_WQX-233_128;CHNEPMP_WQX-233_130;CHNEPMP_WQX-233_135;CHNEPMP_WQX-233_138;CHNEPMP_WQX-233_145;CHNEPMP_WQX-233_173;CHNEPMP_WQX-233_176;CHNEPMP_WQX-233_181;CHNEPMP_WQX-233_187;CHNEPMP_WQX-233_189;CHNEPMP_WQX-233_195;CHNEPMP_WQX-233_199;CHNEPMP_WQX-233_203;CHNEPMP_WQX-233_220;CHNEPMP_WQX-233_237;CHNEPMP_WQX-233_242;CHNEPMP_WQX-233_244;CHNEPMP_WQX-233_245;CHNEPMP_WQX-233_255;CHNEPMP_WQX-233_261;CHNEPMP_WQX-234_003;CHNEPMP_WQX-234_012;CHNEPMP_WQX-234_019;CHNEPMP_WQX-234_021;CHNEPMP_WQX-234_025;CHNEPMP_WQX-234_026;CHNEPMP_WQX-234_027;CHNEPMP_WQX-234_030;CHNEPMP_WQX-234_032;CHNEPMP_WQX-234_035;CHNEPMP_WQX-234_050;CHNEPMP_WQX-234_055;CHNEPMP_WQX-234_057;CHNEPMP_WQX-234_062;CHNEPMP_WQX-234_081;CHNEPMP_WQX-234_097;CHNEPMP_WQX-234_119;CHNEPMP_WQX-234_121;CHNEPMP_WQX-234_127;CHNEPMP_WQX-234_134;CHNEPMP_WQX-234_140;CHNEPMP_WQX-234_160;CHNEPMP_WQX-234_161;CHNEPMP_WQX-234_197;CHNEPMP_WQX-234_201;CHNEPMP_WQX-234_213;CHNEPMP_WQX-234_222;CHNEPMP_WQX-234_224;CHNEPMP_WQX-234_227;CHNEPMP_WQX-234_232;CHNEPMP_WQX-234_233;CHNEPMP_WQX-234_241;CHNEPMP_WQX-234_246;CHNEPMP_WQX-234_247;CHNEPMP_WQX-234_257;CHNEPMP_WQX-244_008;CHNEPMP_WQX-244_009;CHNEPMP_WQX-244_010;CHNEPMP_WQX-244_032;CHNEPMP_WQX-245_002;CHNEPMP_WQX-245_035;CHNEPMP_WQX-245_066;CHNEPMP_WQX-245_069;CHNEPMP_WQX-245_173;CHNEPMP_WQX-245_241;CHNEPMP_WQX-246_002;CHNEPMP_WQX-246_006;CHNEPMP_WQX-246_007;CHNEPMP_WQX-246_021;CHNEPMP_WQX-246_027;CHNEPMP_WQX-246_028;CHNEPMP_WQX-246_029;CHNEPMP_WQX-246_030;CHNEPMP_WQX-246_031;CHNEPMP_WQX-246_035;CHNEPMP_WQX-246_038;CHNEPMP_WQX-246_040;CHNEPMP_WQX-246_044;CHNEPMP_WQX-246_047;CHNEPMP_WQX-246_056;CHNEPMP_WQX-246_058;CHNEPMP_WQX-246_061;CHNEPMP_WQX-246_065;CHNEPMP_WQX-246_067;CHNEPMP_WQX-246_069;CHNEPMP_WQX-246_071;CHNEPMP_WQX-246_072;CHNEPMP_WQX-246_075;CHNEPMP_WQX-246_078;CHNEPMP_WQX-246_079;CHNEPMP_WQX-246_080;CHNEPMP_WQX-246_082;CHNEPMP_WQX-246_085;CHNEPMP_WQX-246_089;CHNEPMP_WQX-246_093;CHNEPMP_WQX-246_095;CHNEPMP_WQX-246_099;CHNEPMP_WQX-246_101;CHNEPMP_WQX-246_102;CHNEPMP_WQX-246_112;CHNEPMP_WQX-246_118;CHNEPMP_WQX-246_122;CHNEPMP_WQX-246_125;CHNEPMP_WQX-246_127;CHNEPMP_WQX-246_130;CHNEPMP_WQX-246_136;CHNEPMP_WQX-246_137;CHNEPMP_WQX-246_141;CHNEPMP_WQX-246_146;CHNEPMP_WQX-246_148;CHNEPMP_WQX-246_150;CHNEPMP_WQX-246_151;CHNEPMP_WQX-246_152;CHNEPMP_WQX-246_174;CHNEPMP_WQX-246_187;CHNEPMP_WQX-246_194;CHNEPMP_WQX-246_195;CHNEPMP_WQX-246_196;CHNEPMP_WQX-246_198;CHNEPMP_WQX-246_204;CHNEPMP_WQX-246_211;CHNEPMP_WQX-246_216;CHNEPMP_WQX-246_217;CHNEPMP_WQX-246_219;CHNEPMP_WQX-246_231;CHNEPMP_WQX-246_232;CHNEPMP_WQX-246_234;CHNEPMP_WQX-246_239;CHNEPMP_WQX-246_242;CHNEPMP_WQX-246_255;CHNEPMP_WQX-246_258;CHNEPMP_WQX-246_259;CHNEPMP_WQX-246_260;CHNEPMP_WQX-247_010;CHNEPMP_WQX-247_015;CHNEPMP_WQX-247_016;CHNEPMP_WQX-247_017;CHNEPMP_WQX-247_020;CHNEPMP_WQX-247_033;CHNEPMP_WQX-247_041;CHNEPMP_WQX-247_049;CHNEPMP_WQX-247_113;CHNEPMP_WQX-247_120;CHNEPMP_WQX-247_131;CHNEPMP_WQX-247_132;CHNEPMP_WQX-247_134;CHNEPMP_WQX-247_148;CHNEPMP_WQX-247_152;CHNEPMP_WQX-247_161;CHNEPMP_WQX-247_180;CHNEPMP_WQX-247_184;CHNEPMP_WQX-247_203;CHNEPMP_WQX-247_207;CHNEPMP_WQX-247_209;CHNEPMP_WQX-247_216;CHNEPMP_WQX-247_217;CHNEPMP_WQX-247_240;CHNEPMP_WQX-247_243;CHNEPMP_WQX-247_253;CHNEPMP_WQX-247_257;CHNEPMP_WQX-257_030;CHNEPMP_WQX-257_037;CHNEPMP_WQX-257_040;CHNEPMP_WQX-257_046;CHNEPMP_WQX-257_053;CHNEPMP_WQX-257_055;CHNEPMP_WQX-257_062;CHNEPMP_WQX-257_095;CHNEPMP_WQX-257_102;CHNEPMP_WQX-257_105;CHNEPMP_WQX-257_116;CHNEPMP_WQX-257_137;CHNEPMP_WQX-257_197;CHNEPMP_WQX-257_239;CHNEPMP_WQX-258_003;CHNEPMP_WQX-258_007;CHNEPMP_WQX-258_011;CHNEPMP_WQX-258_012;CHNEPMP_WQX-258_013;CHNEPMP_WQX-258_024;CHNEPMP_WQX-258_031;CHNEPMP_WQX-258_039;CHNEPMP_WQX-258_043;CHNEPMP_WQX-258_049;CHNEPMP_WQX-258_055;CHNEPMP_WQX-258_105;CHNEPMP_WQX-258_107;CHNEPMP_WQX-258_108;CHNEPMP_WQX-258_110;CHNEPMP_WQX-258_118;CHNEPMP_WQX-258_124;CHNEPMP_WQX-258_127;CHNEPMP_WQX-258_139;CHNEPMP_WQX-258_152;CHNEPMP_WQX-258_181;CHNEPMP_WQX-258_185;CHNEPMP_WQX-258_188;CHNEPMP_WQX-258_204;CHNEPMP_WQX-258_205;CHNEPMP_WQX-258_207;CHNEPMP_WQX-258_210;CHNEPMP_WQX-258_227;CHNEPMP_WQX-258_229;CHNEPMP_WQX-258_234;CHNEPMP_WQX-258_235;CHNEPMP_WQX-258_243;CHNEPMP_WQX-258_248;CHNEPMP_WQX-258_248FD;CHNEPMP_WQX-258_251;CHNEPMP_WQX-258_252;CHNEPMP_WQX-268_001;CHNEPMP_WQX-269_026;CHNEPMP_WQX-280_140;CHNEPMP_WQX-290_135;CHNEPTCR-427;CHNEPTCR-434;NARS_WQX-FLSS-1107;NARS_WQX-NWC_FL-10630;USGS-02293214;USGS-02293216;USGS-02293261;USGS-02293264;USGS-02293343;USGS-02293345;USGS-02293346;USGS-02293347;USGS-263444081575002;USGS-263633082002701;USGS-263720081573101;USGS-263748081582801;USGS-263800082040000;USGS-263800082040201;USGS-263812082002801;USGS-263813081552801;USGS-263813081552802;USGS-263813082005801;USGS-263814082020701;USGS-263818082020901;USGS-263819081585801;USGS-263819081585802;USGS-263822082033300;USGS-263825082035600;USGS-263830082032200;USGS-263834082005301;USGS-263856082035200;USGS-263901082033400;USGS-263903081550401;USGS-263905081572801;USGS-263907081552401;USGS-263907081592701;USGS-263921082041100;USGS-263929082033000;USGS-263935082052501;USGS-263948082035000;USGS-264002081554901;USGS-264002082012801;USGS-264002082012802;USGS-264002082031100;USGS-264005081555101;USGS-264015082034400;USGS-264053081563001;USGS-264053081563201;USGS-264053081572501;USGS-264054081592601;USGS-264055081572701;USGS-264055081583101;USGS-264113082040600;USGS-264120082022101;USGS-264130081563001;USGS-264144081582601;USGS-264146081592301;USGS-264147081551201;USGS-264147081562701;USGS-264147082043400;USGS-264153082022301;USGS-264154082035100;USGS-264156082040700;USGS-264201081553701;USGS-264217082043600;USGS-264241081582401;USGS-264313082022001;USGS-264426081554801;USGS-264459081551601;USGS-264517082022101;USGS-264517082022102,/home/kdd1/jliu/Water_Hub/Water_quality_data/wqp_result_zips/US_12/FL_lee_county_US_12_071_inorganics_major_metals_wqp_results.zip;/home/kdd1/jliu/Water_Hub/Water_quality_data/wqp_result_zips/US_12/FL_lee_county_US_12_071_physical_wqp_results.zip,nearest WQP station with priority analytes within 10 km
FL,MARTIN,North WTP,27.242412508234,-80.2614557943925,South Martin Regional Utility,none,Nanofiltration,Drinking water,0.41,2012,Sewer discharge,Groundwater,"hardness, color",none,0.41,none,none,none,yes,none,none,none,none,none,none,none,none,none,none,none,none,FLORIDA FACILIITIES,24,matched,nearest_priority_station,1.087454,USGS-271400080160001,Martin North SA Well 4 AAH8184,Well,NWIS,085,/home/kdd1/jliu/Water_Hub/Water_quality_data/wqp_result_zips/US_12/FL_martin_county_US_12_085_inorganics_major_metals_wqp_results.zip;/home/kdd1/jliu/Water_Hub/Water_quality_data/wqp_result_zips/US_12/FL_martin_county_US_12_085_physical_wqp_results.zip,/home/kdd1/jliu/Water_Hub/Water_quality_data/wqp_station_zips/US_12/FL_martin_county_US_12_085_inorganics_major_metals_wqp_stations.zip;/home/kdd1/jliu/Water_Hub/Water_quality_data/wqp_station_zips/US_12/FL_martin_county_US_12_085_physical_wqp_stations.zip,-80.26783330,27.23444444,,,341,0.866793,21FLBRA-3211-A;21FLBRA-3211-B;21FLBRA-3211-C;21FLCPSL-BLACKWELL PS;21FLFMRI-FLE200514;21FLFMRI-FLE200629;21FLFMRI-IRS200322;21FLFMRI-IRS200323;21FLFMRI-IRS200324;21FLFMRI-IRS200325;21FLFMRI-IRS200326;21FLFMRI-IRS200327;21FLFMRI-LKW200028;21FLGW_WQX-26010;21FLGW_WQX-27055;21FLGW_WQX-27060;21FLGW_WQX-27213;21FLGW_WQX-27217;21FLGW_WQX-27218;21FLGW_WQX-40083;21FLGW_WQX-40084;21FLGW_WQX-40086;21FLGW_WQX-40881;21FLGW_WQX-40882;21FLGW_WQX-40884;21FLGW_WQX-42395;21FLGW_WQX-42397;21FLGW_WQX-42401;21FLGW_WQX-42406;21FLGW_WQX-42527;21FLGW_WQX-44246;21FLGW_WQX-44247;21FLGW_WQX-44253;21FLGW_WQX-44401;21FLGW_WQX-45705;21FLGW_WQX-45710;21FLGW_WQX-45712;21FLGW_WQX-45715;21FLGW_WQX-45800;21FLGW_WQX-47621;21FLGW_WQX-47625;21FLGW_WQX-48100;21FLGW_WQX-49603;21FLGW_WQX-49881;21FLGW_WQX-51482;21FLGW_WQX-51487;21FLGW_WQX-51881;21FLGW_WQX-5299;21FLGW_WQX-53954;21FLGW_WQX-53968;21FLGW_WQX-54122;21FLGW_WQX-56320;21FLGW_WQX-56338;21FLGW_WQX-56343;21FLGW_WQX-56348;21FLGW_WQX-56350;21FLGW_WQX-57883;21FLGW_WQX-57930;21FLGW_WQX-58888;21FLGW_WQX-58891;21FLGW_WQX-59094;21FLGW_WQX-60701;21FLGW_WQX-60707;21FLGW_WQX-60712;21FLGW_WQX-60713;21FLGW_WQX-60993;21FLGW_WQX-62601;21FLGW_WQX-62770;21FLGW_WQX-64842;21FLGW_WQX-65054;21FLMRC-IR3760;21FLMRC-IR3770;21FLMRC-IR3775;21FLMRC-IR3850;21FLMRC-IR3870;21FLMRC-IRL260;21FLMRC-SL0000;21FLMRC-SL0100;21FLMRC-SL0300;21FLMRC-SLN010;21FLMRC-SLR050;21FLMRC_WQX-IR3760;21FLMRC_WQX-IR3764;21FLMRC_WQX-IR3770;21FLMRC_WQX-IR3775;21FLMRC_WQX-IR3850;21FLMRC_WQX-IR3870;21FLMRC_WQX-IRL260;21FLMRC_WQX-SL0000;21FLMRC_WQX-SL0070;21FLMRC_WQX-SL0100;21FLMRC_WQX-SL0300;21FLMRC_WQX-SLN010;21FLMRC_WQX-SLR050;21FLSFWM-BMD-0.5;21FLSFWM-BMD-1.5;21FLSFWM-BMD-2.5;21FLSFWM-BMS;21FLSFWM-C23S48;21FLSFWM-HR1S;21FLSFWM-SE 01;21FLSFWM-SFD-0.5;21FLSFWM-SFD-1.0;21FLSFWM-SFD-1.5;21FLSFWM-SFS;21FLSFWM-SLLTSW;21FLSFWM-SLPDS3;21FLSFWM-SLPDSW;21FLSFWM-SLT-28;21FLSFWM-SLT-29;21FLSFWM-SLT-30;21FLSFWM-SLT-31;21FLSFWM-SLT-32;21FLSFWM-SLT-33;21FLSFWM-SLT-34;21FLSFWM-SLT-34A;21FLSFWM-SLT-37;21FLSFWM-SLT-37A;21FLSFWM-SLT-38;21FLSFWM-SLT-6;21FLSFWM-SLT-7;21FLSFWM-SLT-8;21FLSFWM-SLT-9;21FLSFWM_WQX-18442;21FLSFWM_WQX-18443;21FLSFWM_WQX-18444;21FLSFWM_WQX-18450;21FLSFWM_WQX-18948;21FLSFWM_WQX-18951;21FLSFWM_WQX-18958;21FLSFWM_WQX-18959;21FLSFWM_WQX-18968;21FLSFWM_WQX-18969;21FLSFWM_WQX-18971;21FLSFWM_WQX-28220;21FLSFWM_WQX-35318;21FLSFWM_WQX-35989;21FLSFWM_WQX-35990;21FLSFWM_WQX-36690;21FLSFWM_WQX-4199;21FLSFWM_WQX-9954;21FLSFWM_WQX-C23S48;21FLSFWM_WQX-SE 01;21FLSFWM_WQX-SE 02;21FLSFWM_WQX-SE 03;21FLSFWM_WQX-SE 08B;21FLSFWM_WQX-SLT-29;21FLSFWM_WQX-SLT-30A;21FLSFWM_WQX-SLT-31;21FLSFWM_WQX-SLT-34A;21FLSFWM_WQX-SLT-37A;21FLSFWM_WQX-SLT-38;21FLSFWM_WQX-SLT-38A;21FLSFWM_WQX-SLT-6;21FLSFWM_WQX-SLT-7;21FLSFWM_WQX-SLT-9;21FLWPB_WQX-28010014;21FLWPB_WQX-28010015;21FLWPB_WQX-28010016;21FLWPB_WQX-28010020;21FLWPB_WQX-28010037;21FLWPB_WQX-28010047;21FLWPB_WQX-28010075;21FLWPB_WQX-28010090;21FLWPB_WQX-28010120;21FLWPB_WQX-28010176;21FLWPB_WQX-28010212;21FLWPB_WQX-28010214;21FLWPB_WQX-28010226;21FLWPB_WQX-28010229;21FLWPB_WQX-28010256;21FLWPB_WQX-28010257;21FLWPB_WQX-28010273;21FLWPB_WQX-28010305;21FLWPB_WQX-28010326;21FLWPB_WQX-28010349;21FLWPB_WQX-28010354;21FLWPB_WQX-28010357;21FLWPB_WQX-28010360;21FLWPB_WQX-28010364;21FLWPB_WQX-28010365;21FLWPB_WQX-28010401;21FLWPB_WQX-28010406;21FLWPB_WQX-28010407;21FLWPB_WQX-28010408;21FLWPB_WQX-28010454;21FLWPB_WQX-28010455;21FLWPB_WQX-28010457;21FLWPB_WQX-28010458;21FLWPB_WQX-28010459;21FLWPB_WQX-28010461;21FLWPB_WQX-28010570;21FLWPB_WQX-28010571;21FLWPB_WQX-28010606;21FLWPB_WQX-28010660;21FLWPB_WQX-28010663;21FLWPB_WQX-28010665;21FLWPB_WQX-28010666;21FLWPB_WQX-28010667;21FLWPB_WQX-28010668;21FLWPB_WQX-28010709;21FLWPB_WQX-28010795;21FLWPB_WQX-28010959;21FLWPB_WQX-28010961;21FLWPB_WQX-28010987;21FLWPB_WQX-28010989;21FLWPB_WQX-28010991;21FLWPB_WQX-28042351;21FLWPB_WQX-28043351;21FLWPB_WQX-G2SE0010;21FLWPB_WQX-G2SE0013;21FLWPB_WQX-G2SE0017;21FLWPB_WQX-G2SE0018;21FLWPB_WQX-G2SE0031;21FLWPB_WQX-G2SE0032;21FLWPB_WQX-G2SE0034;21FLWPB_WQX-G2SE0037;21FLWPB_WQX-G2SE0038;21FLWPB_WQX-G2SE0044;21FLWPB_WQX-G2SE0046;21FLWPB_WQX-G2SE0048;21FLWPB_WQX-G2SE0050;21FLWPB_WQX-G2SE0051;21FLWPB_WQX-G2SE0054;21FLWPB_WQX-G2SE0055;21FLWPB_WQX-G2SE0059;21FLWPB_WQX-G2SE0060;21FLWPB_WQX-G2SE0066;21FLWPB_WQX-G2SE0067;21FLWPB_WQX-G2SE0068;21FLWPB_WQX-G2SE0069;21FLWPB_WQX-SEHAB0107;21FLWPB_WQX-SEHAB0108;21FLWPB_WQX-SEHAB0109;21FLWPB_WQX-SEHAB0113;21FLWPB_WQX-SEHAB0114;21FLWPB_WQX-SEHAB0115;21FLWPB_WQX-SEHAB0120;21FLWPB_WQX-SEHAB0121;21FLWPB_WQX-SEHAB0128;21FLWPB_WQX-SEHAB0129;21FLWQA_WQX-BLOOM319;21FLWQA_WQX-BLOOM320;21FLWQA_WQX-BLOOM322;21FLWQA_WQX-BLOOM323;21FLWQA_WQX-R7;21FLWQSP_WQX-C23-4;21FLWQSP_WQX-MRT721US;21FLWQSP_WQX-STL718NL;NALMS-F293352;NARS_WQX-FLE05-0014;NARS_WQX-FLE06-0029;NARS_WQX-NCA_FL-10270;NARS_WQX-NCCA10-1175;STF_WQX-FPS02;USGS-02253800;USGS-02276802;USGS-02277107;USGS-02277110;USGS-270929080154800;USGS-270938080142501;USGS-270943080145701;USGS-270943080145702;USGS-270948080153202;USGS-270952080135201;USGS-270952080135202;USGS-270959080141301;USGS-270959080142302;USGS-270959080142303;USGS-270959080142304;USGS-271001080141301;USGS-271005080142101;USGS-271005080142102;USGS-271006080142101;USGS-271007080142101;USGS-271007080142102;USGS-271007080142103;USGS-271009080142202;USGS-271010080122201;USGS-271010080141301;USGS-271010080141302;USGS-271010080142301;USGS-271012080122401;USGS-271012080122402;USGS-271017080123501;USGS-271018080125101;USGS-271018080125102;USGS-271018080125103;USGS-271019080155101;USGS-271020080153300;USGS-271021080124300;USGS-271029080141401;USGS-271029080141402;USGS-271030080141901;USGS-271030080142601;USGS-271030080142602;USGS-271031080150901;USGS-271031080150902;USGS-271032080141901;USGS-271032080141902;USGS-271032080141903;USGS-271051080153801;USGS-271055080183701;USGS-271109080125501;USGS-271109080125502;USGS-271118080143301;USGS-271122080143101;USGS-271123080135101;USGS-271127080144701;USGS-271146080145402;USGS-271146080150201;USGS-271146080150202;USGS-271147080163901;USGS-271147080173001;USGS-271148080141201;USGS-271148080141202;USGS-271148080150504;USGS-271148080152700;USGS-271156080141201;USGS-271156080162500;USGS-271202080132501;USGS-271208080162000;USGS-271230080140000;USGS-271236080163700;USGS-271300080180001;USGS-271303080160000;USGS-271311080131001;USGS-271315080132601;USGS-271322080143501;USGS-271327080160601;USGS-271336080124701;USGS-271358080160101;USGS-271400080160001;USGS-271401080164801;USGS-271441080162101;USGS-271442080141801;USGS-271444080141101;USGS-271444080141102;USGS-271519080143400;USGS-271536080170001;USGS-271543080140001,/home/kdd1/jliu/Water_Hub/Water_quality_data/wqp_result_zips/US_12/FL_martin_county_US_12_085_inorganics_major_metals_wqp_results.zip;/home/kdd1/jliu/Water_Hub/Water_quality_data/wqp_result_zips/US_12/FL_martin_county_US_12_085_physical_wqp_results.zip,nearest WQP station with priority analytes within 10 km; closer station STF_WQX-FPS02 at 0.87 km lacks the priority analytes
FL,MIAMI-DADE,City of Hialeah RO WTP,25.8285232665208,-80.2861456122363,City of Hialeah Water and Sewer Department,Hialeah,Reverse osmosis,Drinking water,7.5,2013,Deep well injection,Groundwater,none,none,7.5,none,none,none,no,3200-3520 mg/L TDS equivalent,"acid, antiscalant, cartridge filters",180-194,80,none,none,none,none,"lime, caustic, chlorine",on original membranes,Deep well injection,none,FLORIDA FACILIITIES,18,matched,nearest_priority_station,0.057801,USGS-254942080170901,VS- 12  HIALEAH,Well,NWIS,086,/home/kdd1/jliu/Water_Hub/Water_quality_data/wqp_result_zips/US_12/FL_miami_dade_county_US_12_086_inorganics_major_metals_wqp_results.zip;/home/kdd1/jliu/Water_Hub/Water_quality_data/wqp_result_zips/US_12/FL_miami_dade_county_US_12_086_physical_wqp_results.zip,/home/kdd1/jliu/Water_Hub/Water_quality_data/wqp_station_zips/US_12/FL_miami_dade_county_US_12_086_inorganics_major_metals_wqp_stations.zip;/home/kdd1/jliu/Water_Hub/Water_quality_data/wqp_station_zips/US_12/FL_miami_dade_county_US_12_086_physical_wqp_stations.zip,-80.28560600,25.82870847,,,673,0.057801,21FLBBAP_WQX-LR05;21FLBBAP_WQX-LR06;21FLBBAP_WQX-LRNSP;21FLBBAP_WQX-LRSP;21FLBBAP_WQX-LRUP;21FLBBAP_WQX-MRDC;21FLBBAP_WQX-MRSC;21FLBRA-3288A-A;21FLBRA-3288A-B;21FLBRA-3288A-C;21FLBRA-3288A-D;21FLDADE-CG05;21FLDADE-LR05;21FLDADE-LR06;21FLDADE-LR08;21FLDADE-LR09;21FLDADE-LR10;21FLDADE-MR03;21FLDADE-MR04;21FLDADE-MR05;21FLDADE-MR06;21FLDADE-MR07;21FLDADE-MR08;21FLDADE-MR09;21FLDADE-MR10;21FLDADE-TM02;21FLDADE-TM03;21FLDADE-TM05;21FLDADE-WC02;21FLDADE-WC03;21FLDADE-WC04;21FLDADE_WQX-BS09;21FLDADE_WQX-CG09;21FLDADE_WQX-CM02;21FLDADE_WQX-CM04;21FLDADE_WQX-DDC1;21FLDADE_WQX-DDC2;21FLDADE_WQX-LR05;21FLDADE_WQX-LR06;21FLDADE_WQX-LR07;21FLDADE_WQX-LR08;21FLDADE_WQX-LR10;21FLDADE_WQX-MR03;21FLDADE_WQX-MR04;21FLDADE_WQX-MR05;21FLDADE_WQX-MR06;21FLDADE_WQX-MR07;21FLDADE_WQX-MR08;21FLDADE_WQX-MR11;21FLDADE_WQX-MR12;21FLDADE_WQX-OC01;21FLDADE_WQX-OSC1;21FLDADE_WQX-OSC2;21FLDADE_WQX-OSC3;21FLDADE_WQX-TM02;21FLDADE_WQX-TM03;21FLDADE_WQX-TM03A;21FLDADE_WQX-TM05;21FLDADE_WQX-TM06;21FLDADE_WQX-WC02;21FLDADE_WQX-WC03;21FLDADE_WQX-WC04;21FLGW_WQX-18837;21FLGW_WQX-20106;21FLGW_WQX-2989;21FLGW_WQX-32960;21FLGW_WQX-32962;21FLGW_WQX-32974;21FLGW_WQX-32987;21FLGW_WQX-33082;21FLGW_WQX-34113;21FLGW_WQX-34131;21FLGW_WQX-3572;21FLGW_WQX-43477;21FLGW_WQX-44244;21FLGW_WQX-44746;21FLGW_WQX-46829;21FLGW_WQX-49599;21FLGW_WQX-52181;21FLGW_WQX-57115;21FLGW_WQX-57879;21FLGW_WQX-59687;21FLGW_WQX-59786;21FLGW_WQX-61132;21FLGW_WQX-61614;21FLGW_WQX-63291;21FLGW_WQX-63298;21FLGW_WQX-65759;21FLMWK_WQX-LR2;21FLMWK_WQX-LRD;21FLMWK_WQX-LRPH;21FLMWK_WQX-LRSP;21FLMWK_WQX-LRUP;21FLMWK_WQX-LRW;21FLMWK_WQX-MRBR;21FLMWK_WQX-MRSC;21FLMWK_WQX-MRUP;21FLSFWM-DV-01D;21FLSFWM-DV-02;21FLSFWM-DV-03;21FLSFWM-DV-04;21FLSFWM-M-7A;21FLSFWM-M-8A;21FLSFWM_WQX-CM02;21FLSFWM_WQX-LR10;21FLSFWM_WQX-MR03;21FLSFWM_WQX-MR05;21FLSFWM_WQX-MR06;21FLSFWM_WQX-MR07;21FLSFWM_WQX-MR08;21FLSFWM_WQX-TM02;21FLSFWM_WQX-TM03A;21FLSFWM_WQX-WC03;21FLSFWM_WQX-WC04;21FLWPB_WQX-28040062;21FLWPB_WQX-28040067;21FLWPB_WQX-28040069;21FLWPB_WQX-28040070;21FLWPB_WQX-28040074;21FLWPB_WQX-28040185;21FLWPB_WQX-28040387;21FLWPB_WQX-28040389;21FLWPB_WQX-28040391;21FLWPB_WQX-28040396;21FLWPB_WQX-28040445;21FLWPB_WQX-28040446;21FLWPB_WQX-42009022;21FLWPB_WQX-42009023;21FLWPB_WQX-42009024;21FLWPB_WQX-42009025;21FLWPB_WQX-42009026;21FLWPB_WQX-42009027;21FLWPB_WQX-42009028;21FLWPB_WQX-G4SE0024;21FLWPB_WQX-G4SE0096;21FLWPB_WQX-G4SE0111;21FLWPB_WQX-G4SE0117;21FLWPB_WQX-G4SE0118;21FLWPB_WQX-G4SELR06;21FLWPB_WQX-G4SELR08;21FLWPB_WQX-G4SELR10;21FLWPB_WQX-G4SEWC02;21FLWPB_WQX-SEHAB0087;21FLWPB_WQX-SEHAB0106;21FLWQSP_WQX-C4-3;21FLWQSP_WQX-C6-2;21FLWQSP_WQX-C6-3;21FLWQSP_WQX-DAD824CA;21FLWQSP_WQX-DAD826CA;NARS_WQX-NCA_FL-10218;NARS_WQX-NCCA10-1640;USGS-02286320;USGS-02286348;USGS-02286350;USGS-02286366;USGS-02288100;USGS-02288200;USGS-02288500;USGS-02288600;USGS-02288601;USGS-02289500;USGS-02289600;USGS-02290500;USGS-02290510;USGS-02290520;USGS-02290527;USGS-254424080162301;USGS-254438080195001;USGS-254440080184800;USGS-254444080162201;USGS-254444080184800;USGS-254447080164301;USGS-254454080154401;USGS-254455080144101;USGS-254456080151801;USGS-254457080160301;USGS-254458080144401;USGS-254500080162801;USGS-254501080144201;USGS-254504080141801;USGS-254508080153101;USGS-254513080162701;USGS-254515080141901;USGS-254516080141801;USGS-254518080143701;USGS-254518080144801;USGS-254525080141201;USGS-254526080133801;USGS-254527080152301;USGS-254528080133001;USGS-254531080141801;USGS-254534080135801;USGS-254534080140401;USGS-254534080141801;USGS-254538080140001;USGS-254538080140002;USGS-254538080140003;USGS-254538080140004;USGS-254539080144201;USGS-254542080145901;USGS-254542080145902;USGS-254542080145903;USGS-254543080191200;USGS-254543080194201;USGS-254543080194202;USGS-254551080135101;USGS-254552080141901;USGS-254554080142001;USGS-254600080173701;USGS-254600080173702;USGS-254600080173703;USGS-254600080173704;USGS-254600080173705;USGS-254601080150301;USGS-254601080150302;USGS-254602080173801;USGS-254604080132201;USGS-254605080130001;USGS-254609080150101;USGS-254609080184001;USGS-254611080140101;USGS-254611080192501;USGS-254612080184500;USGS-254612080184501;USGS-254617080125301;USGS-254617080142001;USGS-254617080183300;USGS-254617080183301;USGS-254618080172701;USGS-254619080152101;USGS-254620080131000;USGS-254620080133401;USGS-254621080132301;USGS-254624080133401;USGS-254624080134201;USGS-254627080133701;USGS-254627080134201;USGS-254628080132601;USGS-254629080132901;USGS-254629080143101;USGS-254630080134201;USGS-254630080141701;USGS-254630080151701;USGS-254632080135301;USGS-254633080133701;USGS-254642080122000;USGS-254643080145701;USGS-254644080135701;USGS-254647080121201;USGS-254649080135101;USGS-254650080125501;USGS-254651080120801;USGS-254651080120802;USGS-254654080153501;USGS-254656080125400;USGS-254657080144401;USGS-254658080142200;USGS-254658080142201;USGS-254702080182600;USGS-254703080124501;USGS-254703080124502;USGS-254703080124503;USGS-254703080124504;USGS-254703080124505;USGS-254705080122901;USGS-254705080124500;USGS-254707080135201;USGS-254707080155801;USGS-254708080132200;USGS-254708080145400;USGS-254710080121901;USGS-254710080132501;USGS-254710080153001;USGS-254710080153002;USGS-254710080160201;USGS-254710080160202;USGS-254711080121901;USGS-254711080161700;USGS-254712080175901;USGS-254713080122101;USGS-254713080122102;USGS-254714080122801;USGS-254716080122901;USGS-254716080142201;USGS-254717080161200;USGS-254717080161201;USGS-254717080161202;USGS-254717080161203;USGS-254717080161204;USGS-254717080161205;USGS-254718080123401;USGS-254718080161200;USGS-254718080161201;USGS-254719080181300;USGS-254720080120601;USGS-254720080122000;USGS-254720080122001;USGS-254720080161700;USGS-254722080124001;USGS-254722080131601;USGS-254722080152201;USGS-254723080123201;USGS-254725080161001;USGS-254725080222501;USGS-254725080222502;USGS-254726080143601;USGS-254728080123201;USGS-254731080121900;USGS-254731080121901;USGS-254731080143601;USGS-254732080150801;USGS-254733080220200;USGS-254733080220202;USGS-254733080220203;USGS-254733080220204;USGS-254733080220205;USGS-254735080154800;USGS-254735080155100;USGS-254735080155101;USGS-254735080155200;USGS-254736080123001;USGS-254736080123002;USGS-254736080133301;USGS-254736080135101;USGS-254738080161401;USGS-254739080124401;USGS-254740080144100;USGS-254743080113901;USGS-254744080122501;USGS-254744080122502;USGS-254745080124701;USGS-254745080155600;USGS-254745080155601;USGS-254747080220800;USGS-254747080220801;USGS-254747080220802;USGS-254747080220900;USGS-254748080121701;USGS-254749080124801;USGS-254750080124601;USGS-254752080125901;USGS-254752080181501;USGS-254755080120101;USGS-254755080194501;USGS-254756080113901;USGS-254803080141801;USGS-254804080114401;USGS-254804080153801;USGS-254804080153802;USGS-254805080131901;USGS-254805080132701;USGS-254805080153501;USGS-254807080114401;USGS-254807080114402;USGS-254807080133801;USGS-254807080153701;USGS-254808080121801;USGS-254810080123001;USGS-254811080121501;USGS-254811080121801;USGS-254811080152801;USGS-254812080155601;USGS-254812080182000;USGS-254813080115101;USGS-254813080115102;USGS-254813080120502;USGS-254813080120601;USGS-254813080161501;USGS-254813080170001;USGS-254815080113701;USGS-254816080155301;USGS-254818080160100;USGS-254821080112901;USGS-254821080113101;USGS-254821080134201;USGS-254821080134601;USGS-254822080125501;USGS-254824080155301;USGS-254824080160901;USGS-254825080120701;USGS-254825080160901;USGS-254825080161801;USGS-254826080161801;USGS-254827080160501;USGS-254827080161801;USGS-254828080141901;USGS-254828080155201;USGS-254828080160801;USGS-254828080161501;USGS-254828080161502;USGS-254829080154301;USGS-254829080154302;USGS-254829080154402;USGS-254829080172401;USGS-254831080120501;USGS-254832080114501;USGS-254832080132601;USGS-254832080132801;USGS-254832080175001;USGS-254833080124701;USGS-254833080125901;USGS-254833080152801;USGS-254833080155801;USGS-254834080122301;USGS-254834080160701;USGS-254834080160801;USGS-254834080162801;USGS-254835080113701;USGS-254836080154301;USGS-254836080165201;USGS-254837080114301;USGS-254837080114701;USGS-254837080115701;USGS-254837080132801;USGS-254837080163001;USGS-254839080162301;USGS-254840080164501;USGS-254840080173601;USGS-254841080164401;USGS-254842080134301;USGS-254842080161502;USGS-254842080164101;USGS-254843080112801;USGS-254844080160601;USGS-254845080114501;USGS-254845080161201;USGS-254845080162501;USGS-254846080211301;USGS-254847080160801;USGS-254847080161301;USGS-254847080194701;USGS-254848080175001;USGS-254849080154802;USGS-254849080161301;USGS-254849080161601;USGS-254850080160800;USGS-254850080164201;USGS-254850080174801;USGS-254851080151101;USGS-254852080161901;USGS-254853080174202;USGS-254854080134001;USGS-254855080125001;USGS-254855080163701;USGS-254856080162401;USGS-254856080173301;USGS-254857080171101;USGS-254857080171102;USGS-254859080162501;USGS-254900080162401;USGS-254900080171001;USGS-254902080170701;USGS-254903080160901;USGS-254903080160902;USGS-254907080164400;USGS-254908080125201;USGS-254908080163701;USGS-254909080134101;USGS-254910080171801;USGS-254912080164501;USGS-254912080164502;USGS-254912080172701;USGS-254918080170100;USGS-254920080165100;USGS-254923080113701;USGS-254923080120201;USGS-254925080124101;USGS-254925080125001;USGS-254930080163801;USGS-254933080164501;USGS-254935080012501;USGS-254935080123001;USGS-254935080201701;USGS-254936080173601;USGS-254938080170902;USGS-254939080165301;USGS-254939080170901;USGS-254940080115701;USGS-254940080152801;USGS-254940080172001;USGS-254940080172002;USGS-254940080172003;USGS-254940080172004;USGS-254940080172005;USGS-254940080172006;USGS-254940080172007;USGS-254941080171701;USGS-254941080172001;USGS-254941080172003;USGS-254941080172004;USGS-254941080172005;USGS-254941080172006;USGS-254941080172007;USGS-254941080172008;USGS-254941080172009;USGS-254942080112601;USGS-254942080114601;USGS-254942080170901;USGS-254943080121501;USGS-254944080171801;USGS-254945080172700;USGS-254946080113100;USGS-254946080172601;USGS-254947080112101;USGS-254948080111301;USGS-254948080212301;USGS-254948080212302;USGS-254948080212303;USGS-254948080212304;USGS-254948080212305;USGS-254948080221301;USGS-254948080221302;USGS-254948080221303;USGS-254948080221304;USGS-254948080221305;USGS-254950080113501;USGS-254950080171201;USGS-254950080195001;USGS-254950080195002;USGS-254950080195003;USGS-254950080195004;USGS-254950080195005;USGS-254950080201201;USGS-254950080201202;USGS-254950080201203;USGS-254950080201204;USGS-254950080201205;USGS-254950080202501;USGS-254950080202502;USGS-254950080202503;USGS-254950080202504;USGS-254950080202505;USGS-254951080165401;USGS-254957080135401;USGS-254958080115501;USGS-254958080130701;USGS-254958080171001;USGS-254958080182000;USGS-254958080182801;USGS-254958080182802;USGS-254958080182803;USGS-254958080182804;USGS-254958080182805;USGS-254958080182806;USGS-254958080182807;USGS-254958080182808;USGS-254958080182809;USGS-254958080182901;USGS-254958080182902;USGS-254958080182903;USGS-254958080183501;USGS-254958080184201;USGS-254959080174400;USGS-254959080174401;USGS-254959080174402;USGS-254959080174403;USGS-254959080174404;USGS-254959080174405;USGS-254959080174406;USGS-254959080174407;USGS-254959080174408;USGS-254959080174409;USGS-254959080174501;USGS-254959080174502;USGS-254959080174503;USGS-255000080165301;USGS-255000080204701;USGS-255000080204702;USGS-255000080204703;USGS-255000080204704;USGS-255000080204705;USGS-255004080113901;USGS-255006080172500;USGS-255006080172501;USGS-255006080172502;USGS-255006080172503;USGS-255006080172504;USGS-255006080172505;USGS-255006080172506;USGS-255006080173001;USGS-255006080173002;USGS-255006080173003;USGS-255006080173004;USGS-255006080173005;USGS-255006080173006;USGS-255011080124501;USGS-255012080164101;USGS-255012080225601;USGS-255013080190701;USGS-255013080190702;USGS-255013080190703;USGS-255013080190704;USGS-255013080190705;USGS-255015080124101;USGS-255015080230701;USGS-255016080113502;USGS-255017080184401;USGS-255017080184402;USGS-255017080184403;USGS-255018080170801;USGS-255018080170802;USGS-255019080170701;USGS-255019080170702;USGS-255019080170703;USGS-255019080170704;USGS-255019080170705;USGS-255020080184501;USGS-255020080184502;USGS-255020080185001;USGS-255020080185002;USGS-255020080230501;USGS-255022080181400;USGS-255025080121001;USGS-255027080221602;USGS-255027080225802;USGS-255034080124801;USGS-255035080123301;USGS-255035080124901;USGS-255036080124801;USGS-255040080132501;USGS-255042080163001;USGS-255042080163002;USGS-255042080163003;USGS-255042080163004;USGS-255042080163005;USGS-255043080113503;USGS-255044080145801;USGS-255044080152001;USGS-255045080123701;USGS-255045080132301;USGS-255045080154001;USGS-255046080125001;USGS-255048080123701;USGS-255050080113500;USGS-255054080180201;USGS-255054080181701;USGS-255055080113601;USGS-255055080113602;USGS-255109080120701;USGS-255113080123700;USGS-255116080120601;USGS-255119080133101;USGS-255122080133201;USGS-255123080135001;USGS-255132080113401;USGS-255138080132500;USGS-255140080150401;USGS-255157080171501;USGS-255200080145901;USGS-255211080160300;USGS-255215080172900;USGS-255222080123001;USGS-255228080155901;USGS-255228080160001;USGS-255229080155801;USGS-255250080220100;USGS-255250080220200;USGS-255250080220201;USGS-255250080220202;USGS-255250080220203;USGS-255258080214600;USGS-255300080214600;USGS-255300080215001;USGS-255304080131601;USGS-255307080130001;USGS-255347080160401;USGS-255350080154501;USGS-255351080143500;USGS-255404080153301;USGS-255405080145201;USGS-255405080154301;USGS-255418080152301;USGS-255452080160700,/home/kdd1/jliu/Water_Hub/Water_quality_data/wqp_result_zips/US_12/FL_miami_dade_county_US_12_086_inorganics_major_metals_wqp_results.zip;/home/kdd1/jliu/Water_Hub/Water_quality_data/wqp_result_zips/US_12/FL_miami_dade_county_US_12_086_physical_wqp_results.zip,nearest WQP station with priority analytes within 10 km
FL,PALM BEACH,Hood Road Membrane WP,26.8635301413717,-80.0999665021716,Seacoast Utilities Authority,none,Nanofiltration,Drinking water,26,2015,blend with wastewater treatment plant effluent for irrigation; when not possible --> Deep well injection,Groundwater,replace lime softening,none,26,both an NF and RO plant; varies with demand; at higher demand NF portion is greater; typical = 17.5,29.5 (26 MF + 3.5 RO),varies with demand,no,512 mg/L TDS equivalent,"sand filter, antiscalant, cartridge filter, acid (sulfuric)",95,80,350 µS/cm,NAP,NAP,NAP,"degasification, disinfection (chloramination), pH adjustment (caustic), corrosion inhibitor (phosphate)",on original membranes,sewer,none,FLORIDA FACILIITIES,13,matched,nearest_priority_station,0.779347,USGS-265131080054001,URLUPB-27 CABANA COLONY PARK,Well,NWIS,099,/home/kdd1/jliu/Water_Hub/Water_quality_data/wqp_result_zips/US_12/FL_palm_beach_county_US_12_099_inorganics_major_metals_wqp_results.zip;/home/kdd1/jliu/Water_Hub/Water_quality_data/wqp_result_zips/US_12/FL_palm_beach_county_US_12_099_physical_wqp_results.zip,/home/kdd1/jliu/Water_Hub/Water_quality_data/wqp_station_zips/US_12/FL_palm_beach_county_US_12_099_inorganics_major_metals_wqp_stations.zip;/home/kdd1/jliu/Water_Hub/Water_quality_data/wqp_station_zips/US_12/FL_palm_beach_county_US_12_099_physical_wqp_stations.zip,-80.09452780,26.85847220,,,381,0.779347,21FLCRCP_WQX-JUP120;21FLCRCP_WQX-JUP121;21FLCRCP_WQX-JUP122;21FLCRCP_WQX-JUP123;21FLFMRI-FLE200649;21FLFMRI-LKW200004;21FLFMRI-LKW200005;21FLFMRI-LKW200006;21FLFMRI-LKW200007;21FLFMRI-LKW200029;21FLGW_WQX-17402;21FLGW_WQX-24108;21FLGW_WQX-26013;21FLGW_WQX-26017;21FLGW_WQX-26026;21FLGW_WQX-29481;21FLGW_WQX-29511;21FLGW_WQX-29514;21FLGW_WQX-3330;21FLGW_WQX-3398;21FLGW_WQX-41355;21FLGW_WQX-41362;21FLGW_WQX-46824;21FLGW_WQX-49266;21FLGW_WQX-50409;21FLGW_WQX-52180;21FLKWAT_WQX-PAL-JL-LAKE-1;21FLKWAT_WQX-PAL-LO-RIVER-10;21FLKWAT_WQX-PAL-LO-RIVER-72;21FLLOX-10;21FLLOX-30;21FLLOX-32;21FLLOX-35;21FLLOX-40;21FLLOX-42;21FLLOX-71;21FLLOX-72;21FLLOX-73;21FLLOX-81;21FLLOX-83;21FLLOX-85;21FLLOX-92;21FLLOX_WQX-10;21FLLOX_WQX-208C;21FLLOX_WQX-30;21FLLOX_WQX-32;21FLLOX_WQX-35;21FLLOX_WQX-40;21FLLOX_WQX-42;21FLLOX_WQX-71;21FLLOX_WQX-72;21FLLOX_WQX-73;21FLLOX_WQX-735;21FLLOX_WQX-74;21FLLOX_WQX-74DW;21FLLOX_WQX-75;21FLLOX_WQX-78;21FLLOX_WQX-81;21FLLOX_WQX-83;21FLLOX_WQX-85;21FLLOX_WQX-86;21FLLOX_WQX-87;21FLLOX_WQX-92;21FLLOX_WQX-BSN;21FLLOX_WQX-CALC;21FLLOX_WQX-CALW;21FLLOX_WQX-CANB;21FLLOX_WQX-CANC;21FLLOX_WQX-CAR;21FLLOX_WQX-CARW;21FLLOX_WQX-CPW;21FLLOX_WQX-DEL;21FLLOX_WQX-DELM;21FLLOX_WQX-DUB;21FLLOX_WQX-IC;21FLLOX_WQX-ICL;21FLLOX_WQX-ICP;21FLLOX_WQX-JBR;21FLLOX_WQX-JCS;21FLLOX_WQX-JCU;21FLLOX_WQX-JHS;21FLLOX_WQX-JV;21FLLOX_WQX-JVL;21FLLOX_WQX-LCE;21FLLOX_WQX-LCN;21FLLOX_WQX-LCW;21FLLOX_WQX-MIC;21FLLOX_WQX-NPBH;21FLLOX_WQX-OW;21FLLOX_WQX-PLE;21FLLOX_WQX-RDP;21FLLOX_WQX-SBP;21FLLOX_WQX-SCE;21FLLOX_WQX-SCW;21FLLOX_WQX-SKL;21FLLOX_WQX-TPJ;21FLLOX_WQX-TPS;21FLLOX_WQX-WCS 6;21FLLOX_WQX-WCS6;21FLMRC-LR10V;21FLMRC-LR35V;21FLMRC-LR40V;21FLMRC-LRD010;21FLMRC-LRD035;21FLMRC-LRD040;21FLMRC-LRD045;21FLMRC-LRD051;21FLMRC-LRD074;21FLMRC-LRD075;21FLMRC-LRD10V;21FLMRC-LRD51V;21FLMRC-LRD70V;21FLMRC-LRD71V;21FLMRC-LRD72V;21FLMRC-LRD75V;21FLMRC_WQX-LR10V;21FLMRC_WQX-LR35V;21FLMRC_WQX-LR40V;21FLMRC_WQX-LR72V;21FLMRC_WQX-LRD010;21FLMRC_WQX-LRD035;21FLMRC_WQX-LRD040;21FLMRC_WQX-LRD045;21FLMRC_WQX-LRD051;21FLMRC_WQX-LRD074;21FLMRC_WQX-LRD075;21FLMRC_WQX-LRD10V;21FLMRC_WQX-LRD51V;21FLMRC_WQX-LRD70V;21FLMRC_WQX-LRD71V;21FLMRC_WQX-LRD72V;21FLMRC_WQX-LRD75V;21FLPBCH-10;21FLPBCH-11;21FLPBCH-12;21FLPBCH-13;21FLPBCH-15;21FLPBCH-7;21FLPBCH-G92;21FLPBCH_WQX-11;21FLPBCH_WQX-13;21FLPBCH_WQX-15;21FLPBCH_WQX-C17S44;21FLSFWM-C17S44;21FLSFWM-C181.9;21FLSFWM-C18G92;21FLSFWM-C18S46;21FLSFWM-G-92;21FLSFWM-G161;21FLSFWM-JF-7;21FLSFWM-PB-1099A;21FLSFWM-PBMT-01S;21FLSFWM_WQX-29266;21FLSFWM_WQX-29267;21FLSFWM_WQX-29269;21FLSFWM_WQX-C17S44;21FLSFWM_WQX-C18G92;21FLSFWM_WQX-C18S46;21FLSFWM_WQX-G161;21FLSFWM_WQX-LWL-1;21FLSFWM_WQX-LWL-2;21FLSFWM_WQX-LWL-4;21FLWPB_WQX-28010135;21FLWPB_WQX-28010274;21FLWPB_WQX-28010359;21FLWPB_WQX-28010361;21FLWPB_WQX-28010363;21FLWPB_WQX-28010502;21FLWPB_WQX-28010599;21FLWPB_WQX-28010615;21FLWPB_WQX-28010630;21FLWPB_WQX-28010717;21FLWPB_WQX-28010718;21FLWPB_WQX-28010720;21FLWPB_WQX-28010722;21FLWPB_WQX-28010723;21FLWPB_WQX-28010724;21FLWPB_WQX-28010725;21FLWPB_WQX-28010726;21FLWPB_WQX-28010727;21FLWPB_WQX-28010775;21FLWPB_WQX-28042362;21FLWPB_WQX-28042363;21FLWPB_WQX-28042364;21FLWPB_WQX-28042366;21FLWPB_WQX-28042382;21FLWPB_WQX-28042383;21FLWPB_WQX-28042384;21FLWPB_WQX-28042460;21FLWPB_WQX-28042461;21FLWPB_WQX-28042462;21FLWPB_WQX-32008001;21FLWPB_WQX-32013015;21FLWPB_WQX-32013016;21FLWPB_WQX-32013017;21FLWPB_WQX-G2SE0023;21FLWPB_WQX-G2SE0073;21FLWPB_WQX-G2SE0074;21FLWPB_WQX-G2SE0075;21FLWPB_WQX-G2SE0083;21FLWPB_WQX-G3SE0056;21FLWPB_WQX-G3SE0078;21FLWPB_WQX-SEHAB0088;21FLWPB_WQX-SEHAB0136;21FLWQSP_WQX-C17-1;21FLWQSP_WQX-C17-2;21FLWQSP_WQX-C17-3;21FLWQSP_WQX-C18-1;21FLWQSP_WQX-C18-2;21FLWQSP_WQX-C18-3;21FLWQSP_WQX-C18-4;21FLWQSP_WQX-PAL726CA;21FLWQSP_WQX-PAL728US;NALMS-F294063;NALMS-F294313;NARS_WQX-FLE06-0049;USEPA-264822080051501;USGS-02277700;USGS-02277950;USGS-264627080052301;USGS-264639080073901;USGS-264639080073902;USGS-264641080061801;USGS-264641080073100;USGS-264643080070002;USGS-264643080074001;USGS-264643080074002;USGS-264643080074003;USGS-264649080074201;USGS-264649080074202;USGS-264651080075701;USGS-264653080063701;USGS-264656080035701;USGS-264656080035702;USGS-264657080052901;USGS-264658080041101;USGS-264659080035101;USGS-264659080035102;USGS-264700080075901;USGS-264701080072600;USGS-264701080072801;USGS-264701080072802;USGS-264704080073900;USGS-264704080073901;USGS-264704080073902;USGS-264704080073903;USGS-264712080073801;USGS-264712080073802;USGS-264714080075600;USGS-264715080075500;USGS-264716080082300;USGS-264717080033501;USGS-264723080084001;USGS-264731080035501;USGS-264745080035401;USGS-264750080041501;USGS-264801080043801;USGS-264803080025200;USGS-264805080062001;USGS-264814080043801;USGS-264829080050900;USGS-264830080030700;USGS-264833080075001;USGS-264835080092801;USGS-264858080044801;USGS-264908080043301;USGS-264921080021700;USGS-264952080033700;USGS-264952080035101;USGS-265000080041201;USGS-265018080075801;USGS-265022080100100;USGS-265036080032800;USGS-265131080054001;USGS-265138080074301;USGS-265145080030001;USGS-265153080031401;USGS-265200080031201;USGS-265200080032002;USGS-265202080103401;USGS-265208080032001;USGS-265209080032301;USGS-265215080031301;USGS-265232080032001;USGS-265233080054001;USGS-265233080054002;USGS-265241080040501;USGS-265241080040801;USGS-265248080103802;USGS-265250080103601;USGS-265258080054001;USGS-265258080074301;USGS-265300080070702;USGS-265323080032401;USGS-265332080033401;USGS-265350080071401;USGS-265412080092701;USGS-265415080093900;USGS-265417080082200;USGS-265418080082901;USGS-265418080082902;USGS-265434080103300;USGS-265437080103200;USGS-265439080084000;USGS-265439080102100;USGS-265439080102901;USGS-265439080102902;USGS-265439080102903;USGS-265439080102904;USGS-265440080084101;USGS-265443080103400;USGS-265508080083301;USGS-265510080083401;USGS-265513080103300;USGS-265514080082200;USGS-265518080080600;USGS-265522080080501;USGS-265522080080503;USGS-265522080080504;USGS-265522080080505;USGS-265522080080507;USGS-265522080080508;USGS-265522080092401;USGS-265525080081500;USGS-265533080080701;USGS-265533080080702;USGS-265534080082701;USGS-265535080060501;USGS-265535080060503;USGS-265535080060504;USGS-265535080060505;USGS-265535080060506;USGS-265535080075101;USGS-265537080090200;USGS-265538080073101;USGS-265550080070701;USGS-265550080071801;USGS-265552080085000;USGS-265554080055701;USGS-265600080080201;USGS-265602080050300;USGS-265602080064800;USGS-265603080073200;USGS-265603080085301;USGS-265604080082601;USGS-265604080082800;USGS-265605080082800;USGS-265611080080201;USGS-265611080081201;USGS-265614080081100;USGS-265623080075400;USGS-265627080082500;USGS-265634080073000;USGS-265635080071900;USGS-265637080062701;USGS-265637080070100;USGS-265638080052200;USGS-265640080042800;USGS-265642080043800;USGS-265643080052500;USGS-265643080064800;USGS-265644080045200;USGS-265645080044700;USGS-265648080050600;USGS-265648080052300;USGS-265650080063700;USGS-265651080044800;USGS-265651080052600;USGS-265652080053400;USGS-265653080045503;USGS-265654080060800;USGS-265655080060300;USGS-265657080044700;USGS-265657080055400;USGS-265657080055500;USGS-265657080060800;USGS-265705080062100;USGS-265706080051701;USGS-265707080050701;USGS-265707080063500;USGS-265722080045400,/home/kdd1/jliu/Water_Hub/Water_quality_data/wqp_result_zips/US_12/FL_palm_beach_county_US_12_099_inorganics_major_metals_wqp_results.zip;/home/kdd1/jliu/Water_Hub/Water_quality_data/wqp_result_zips/US_12/FL_palm_beach_county_US_12_099_physical_wqp_results.zip,nearest WQP station with priority analytes within 10 km
FL,PALM BEACH,Hood Road Membrane WP,26.8635301413717,-80.0999665021716,Seacoast Utilities Authority,none,Reverse osmosis,Drinking water,3.5,2015,Deep well injection,Groundwater,total dissolved solids,none,3.5,both an NF and RO plant; varies with demand; at higher demand NF portion is greater; typical = 17.5,29.5 (26 MF + 3.5 RO),varies with demand,no,3840 mg/L TDS equivalent,"antiscalant, cartridge filter, acid (sulfuric)",240,75,NAV,NAP,NAP,NAP,"degassing, disinfection (chloramination), pH adjustment (caustic), corrosion inhibitor (phosphate)",on original membranes,sewer,none,FLORIDA FACILIITIES,16,matched,nearest_priority_station,0.779347,USGS-265131080054001,URLUPB-27 CABANA COLONY PARK,Well,NWIS,099,/home/kdd1/jliu/Water_Hub/Water_quality_data/wqp_result_zips/US_12/FL_palm_beach_county_US_12_099_inorganics_major_metals_wqp_results.zip;/home/kdd1/jliu/Water_Hub/Water_quality_data/wqp_result_zips/US_12/FL_palm_beach_county_US_12_099_physical_wqp_results.zip,/home/kdd1/jliu/Water_Hub/Water_quality_data/wqp_station_zips/US_12/FL_palm_beach_county_US_12_099_inorganics_major_metals_wqp_stations.zip;/home/kdd1/jliu/Water_Hub/Water_quality_data/wqp_station_zips/US_12/FL_palm_beach_county_US_12_099_physical_wqp_stations.zip,-80.09452780,26.85847220,,,381,0.779347,21FLCRCP_WQX-JUP120;21FLCRCP_WQX-JUP121;21FLCRCP_WQX-JUP122;21FLCRCP_WQX-JUP123;21FLFMRI-FLE200649;21FLFMRI-LKW200004;21FLFMRI-LKW200005;21FLFMRI-LKW200006;21FLFMRI-LKW200007;21FLFMRI-LKW200029;21FLGW_WQX-17402;21FLGW_WQX-24108;21FLGW_WQX-26013;21FLGW_WQX-26017;21FLGW_WQX-26026;21FLGW_WQX-29481;21FLGW_WQX-29511;21FLGW_WQX-29514;21FLGW_WQX-3330;21FLGW_WQX-3398;21FLGW_WQX-41355;21FLGW_WQX-41362;21FLGW_WQX-46824;21FLGW_WQX-49266;21FLGW_WQX-50409;21FLGW_WQX-52180;21FLKWAT_WQX-PAL-JL-LAKE-1;21FLKWAT_WQX-PAL-LO-RIVER-10;21FLKWAT_WQX-PAL-LO-RIVER-72;21FLLOX-10;21FLLOX-30;21FLLOX-32;21FLLOX-35;21FLLOX-40;21FLLOX-42;21FLLOX-71;21FLLOX-72;21FLLOX-73;21FLLOX-81;21FLLOX-83;21FLLOX-85;21FLLOX-92;21FLLOX_WQX-10;21FLLOX_WQX-208C;21FLLOX_WQX-30;21FLLOX_WQX-32;21FLLOX_WQX-35;21FLLOX_WQX-40;21FLLOX_WQX-42;21FLLOX_WQX-71;21FLLOX_WQX-72;21FLLOX_WQX-73;21FLLOX_WQX-735;21FLLOX_WQX-74;21FLLOX_WQX-74DW;21FLLOX_WQX-75;21FLLOX_WQX-78;21FLLOX_WQX-81;21FLLOX_WQX-83;21FLLOX_WQX-85;21FLLOX_WQX-86;21FLLOX_WQX-87;21FLLOX_WQX-92;21FLLOX_WQX-BSN;21FLLOX_WQX-CALC;21FLLOX_WQX-CALW;21FLLOX_WQX-CANB;21FLLOX_WQX-CANC;21FLLOX_WQX-CAR;21FLLOX_WQX-CARW;21FLLOX_WQX-CPW;21FLLOX_WQX-DEL;21FLLOX_WQX-DELM;21FLLOX_WQX-DUB;21FLLOX_WQX-IC;21FLLOX_WQX-ICL;21FLLOX_WQX-ICP;21FLLOX_WQX-JBR;21FLLOX_WQX-JCS;21FLLOX_WQX-JCU;21FLLOX_WQX-JHS;21FLLOX_WQX-JV;21FLLOX_WQX-JVL;21FLLOX_WQX-LCE;21FLLOX_WQX-LCN;21FLLOX_WQX-LCW;21FLLOX_WQX-MIC;21FLLOX_WQX-NPBH;21FLLOX_WQX-OW;21FLLOX_WQX-PLE;21FLLOX_WQX-RDP;21FLLOX_WQX-SBP;21FLLOX_WQX-SCE;21FLLOX_WQX-SCW;21FLLOX_WQX-SKL;21FLLOX_WQX-TPJ;21FLLOX_WQX-TPS;21FLLOX_WQX-WCS 6;21FLLOX_WQX-WCS6;21FLMRC-LR10V;21FLMRC-LR35V;21FLMRC-LR40V;21FLMRC-LRD010;21FLMRC-LRD035;21FLMRC-LRD040;21FLMRC-LRD045;21FLMRC-LRD051;21FLMRC-LRD074;21FLMRC-LRD075;21FLMRC-LRD10V;21FLMRC-LRD51V;21FLMRC-LRD70V;21FLMRC-LRD71V;21FLMRC-LRD72V;21FLMRC-LRD75V;21FLMRC_WQX-LR10V;21FLMRC_WQX-LR35V;21FLMRC_WQX-LR40V;21FLMRC_WQX-LR72V;21FLMRC_WQX-LRD010;21FLMRC_WQX-LRD035;21FLMRC_WQX-LRD040;21FLMRC_WQX-LRD045;21FLMRC_WQX-LRD051;21FLMRC_WQX-LRD074;21FLMRC_WQX-LRD075;21FLMRC_WQX-LRD10V;21FLMRC_WQX-LRD51V;21FLMRC_WQX-LRD70V;21FLMRC_WQX-LRD71V;21FLMRC_WQX-LRD72V;21FLMRC_WQX-LRD75V;21FLPBCH-10;21FLPBCH-11;21FLPBCH-12;21FLPBCH-13;21FLPBCH-15;21FLPBCH-7;21FLPBCH-G92;21FLPBCH_WQX-11;21FLPBCH_WQX-13;21FLPBCH_WQX-15;21FLPBCH_WQX-C17S44;21FLSFWM-C17S44;21FLSFWM-C181.9;21FLSFWM-C18G92;21FLSFWM-C18S46;21FLSFWM-G-92;21FLSFWM-G161;21FLSFWM-JF-7;21FLSFWM-PB-1099A;21FLSFWM-PBMT-01S;21FLSFWM_WQX-29266;21FLSFWM_WQX-29267;21FLSFWM_WQX-29269;21FLSFWM_WQX-C17S44;21FLSFWM_WQX-C18G92;21FLSFWM_WQX-C18S46;21FLSFWM_WQX-G161;21FLSFWM_WQX-LWL-1;21FLSFWM_WQX-LWL-2;21FLSFWM_WQX-LWL-4;21FLWPB_WQX-28010135;21FLWPB_WQX-28010274;21FLWPB_WQX-28010359;21FLWPB_WQX-28010361;21FLWPB_WQX-28010363;21FLWPB_WQX-28010502;21FLWPB_WQX-28010599;21FLWPB_WQX-28010615;21FLWPB_WQX-28010630;21FLWPB_WQX-28010717;21FLWPB_WQX-28010718;21FLWPB_WQX-28010720;21FLWPB_WQX-28010722;21FLWPB_WQX-28010723;21FLWPB_WQX-28010724;21FLWPB_WQX-28010725;21FLWPB_WQX-28010726;21FLWPB_WQX-28010727;21FLWPB_WQX-28010775;21FLWPB_WQX-28042362;21FLWPB_WQX-28042363;21FLWPB_WQX-28042364;21FLWPB_WQX-28042366;21FLWPB_WQX-28042382;21FLWPB_WQX-28042383;21FLWPB_WQX-28042384;21FLWPB_WQX-28042460;21FLWPB_WQX-28042461;21FLWPB_WQX-28042462;21FLWPB_WQX-32008001;21FLWPB_WQX-32013015;21FLWPB_WQX-32013016;21FLWPB_WQX-32013017;21FLWPB_WQX-G2SE0023;21FLWPB_WQX-G2SE0073;21FLWPB_WQX-G2SE0074;21FLWPB_WQX-G2SE0075;21FLWPB_WQX-G2SE0083;21FLWPB_WQX-G3SE0056;21FLWPB_WQX-G3SE0078;21FLWPB_WQX-SEHAB0088;21FLWPB_WQX-SEHAB0136;21FLWQSP_WQX-C17-1;21FLWQSP_WQX-C17-2;21FLWQSP_WQX-C17-3;21FLWQSP_WQX-C18-1;21FLWQSP_WQX-C18-2;21FLWQSP_WQX-C18-3;21FLWQSP_WQX-C18-4;21FLWQSP_WQX-PAL726CA;21FLWQSP_WQX-PAL728US;NALMS-F294063;NALMS-F294313;NARS_WQX-FLE06-0049;USEPA-264822080051501;USGS-02277700;USGS-02277950;USGS-264627080052301;USGS-264639080073901;USGS-264639080073902;USGS-264641080061801;USGS-264641080073100;USGS-264643080070002;USGS-264643080074001;USGS-264643080074002;USGS-264643080074003;USGS-264649080074201;USGS-264649080074202;USGS-264651080075701;USGS-264653080063701;USGS-264656080035701;USGS-264656080035702;USGS-264657080052901;USGS-264658080041101;USGS-264659080035101;USGS-264659080035102;USGS-264700080075901;USGS-264701080072600;USGS-264701080072801;USGS-264701080072802;USGS-264704080073900;USGS-264704080073901;USGS-264704080073902;USGS-264704080073903;USGS-264712080073801;USGS-264712080073802;USGS-264714080075600;USGS-264715080075500;USGS-264716080082300;USGS-264717080033501;USGS-264723080084001;USGS-264731080035501;USGS-264745080035401;USGS-264750080041501;USGS-264801080043801;USGS-264803080025200;USGS-264805080062001;USGS-264814080043801;USGS-264829080050900;USGS-264830080030700;USGS-264833080075001;USGS-264835080092801;USGS-264858080044801;USGS-264908080043301;USGS-264921080021700;USGS-264952080033700;USGS-264952080035101;USGS-265000080041201;USGS-265018080075801;USGS-265022080100100;USGS-265036080032800;USGS-265131080054001;USGS-265138080074301;USGS-265145080030001;USGS-265153080031401;USGS-265200080031201;USGS-265200080032002;USGS-265202080103401;USGS-265208080032001;USGS-265209080032301;USGS-265215080031301;USGS-265232080032001;USGS-265233080054001;USGS-265233080054002;USGS-265241080040501;USGS-265241080040801;USGS-265248080103802;USGS-265250080103601;USGS-265258080054001;USGS-265258080074301;USGS-265300080070702;USGS-265323080032401;USGS-265332080033401;USGS-265350080071401;USGS-265412080092701;USGS-265415080093900;USGS-265417080082200;USGS-265418080082901;USGS-265418080082902;USGS-265434080103300;USGS-265437080103200;USGS-265439080084000;USGS-265439080102100;USGS-265439080102901;USGS-265439080102902;USGS-265439080102903;USGS-265439080102904;USGS-265440080084101;USGS-265443080103400;USGS-265508080083301;USGS-265510080083401;USGS-265513080103300;USGS-265514080082200;USGS-265518080080600;USGS-265522080080501;USGS-265522080080503;USGS-265522080080504;USGS-265522080080505;USGS-265522080080507;USGS-265522080080508;USGS-265522080092401;USGS-265525080081500;USGS-265533080080701;USGS-265533080080702;USGS-265534080082701;USGS-265535080060501;USGS-265535080060503;USGS-265535080060504;USGS-265535080060505;USGS-265535080060506;USGS-265535080075101;USGS-265537080090200;USGS-265538080073101;USGS-265550080070701;USGS-265550080071801;USGS-265552080085000;USGS-265554080055701;USGS-265600080080201;USGS-265602080050300;USGS-265602080064800;USGS-265603080073200;USGS-265603080085301;USGS-265604080082601;USGS-265604080082800;USGS-265605080082800;USGS-265611080080201;USGS-265611080081201;USGS-265614080081100;USGS-265623080075400;USGS-265627080082500;USGS-265634080073000;USGS-265635080071900;USGS-265637080062701;USGS-265637080070100;USGS-265638080052200;USGS-265640080042800;USGS-265642080043800;USGS-265643080052500;USGS-265643080064800;USGS-265644080045200;USGS-265645080044700;USGS-265648080050600;USGS-265648080052300;USGS-265650080063700;USGS-265651080044800;USGS-265651080052600;USGS-265652080053400;USGS-265653080045503;USGS-265654080060800;USGS-265655080060300;USGS-265657080044700;USGS-265657080055400;USGS-265657080055500;USGS-265657080060800;USGS-265705080062100;USGS-265706080051701;USGS-265707080050701;USGS-265707080063500;USGS-265722080045400,/home/kdd1/jliu/Water_Hub/Water_quality_data/wqp_result_zips/US_12/FL_palm_beach_county_US_12_099_inorganics_major_metals_wqp_results.zip;/home/kdd1/jliu/Water_Hub/Water_quality_data/wqp_result_zips/US_12/FL_palm_beach_county_US_12_099_physical_wqp_results.zip,nearest WQP station with priority analytes within 10 km
FL,PALM BEACH,City of Lake Worth Lake Worth RO WTP,27.2423865884938,-80.2614562795292,City of Lake Worth,Lake Worth,Reverse osmosis,Drinking water,4.5,2011,Deep well injection,Groundwater,total dissolved solids; needed new water source,none,4.5,2.7,17.4 (4.5 for RO; 12.9 for lime softening),~5.5,yes,3000-4000 mg/L TDS equivalent,"antiscalant, acid, cartridge filters",200 stage 1; 230 stage 2,75,none,none,currently 2.5 : 3.0,lime softened water,"aeration, chloramination",on original membranes,none,none,FLORIDA FACILIITIES,25,no_match,nearest_station_too_far,31.523300,USGS-265950080060401,"WELL 6MI 126 CAMP MURPHY, FLA.",Well,NWIS,099,/home/kdd1/jliu/Water_Hub/Water_quality_data/wqp_result_zips/US_12/FL_palm_beach_county_US_12_099_physical_wqp_results.zip,/home/kdd1/jliu/Water_Hub/Water_quality_data/wqp_station_zips/US_12/FL_palm_beach_county_US_12_099_physical_wqp_stations.zip,-80.10087550,26.99755600,,,,,,,nearest WQP monitoring location is farther than max distance 10 km
FL,PINELLAS,Tarpon Springs RO Facility,28.1671167611011,-82.764598169574,City of Tarpon Springs,Tarpon Springs,Reverse osmosis,Drinking water,6.4,2015,Deep well injection,Groundwater,total dissolved solids,none,6.4,2.5,none,none,yes,11520-12800 mg/L TDS equivalent,"acid, antiscalant, cartridge filters",350 (to 1st stage); 450 (to 2nd stage),72,297 µS/cm,none,presently only 5 gpm bypass,bypass,"pH adjustment (CO2), alkalinity and hardness (lime and caustic), disinfection (hypochlorite), fluoride",on original membranes,Deep well injection (haven't cleaned yet),none,FLORIDA FACILIITIES,14,matched,nearest_priority_station,1.306632,21FLSWFD_WQX-22782,ANCLOTE RIVER AT ALT US 19,River/Stream,STORET,103,/home/kdd1/jliu/Water_Hub/Water_quality_data/wqp_result_zips/US_12/FL_pinellas_county_US_12_103_inorganics_major_metals_wqp_results.zip;/home/kdd1/jliu/Water_Hub/Water_quality_data/wqp_result_zips/US_12/FL_pinellas_county_US_12_103_physical_wqp_results.zip,/home/kdd1/jliu/Water_Hub/Water_quality_data/wqp_station_zips/US_12/FL_pinellas_county_US_12_103_inorganics_major_metals_wqp_stations.zip;/home/kdd1/jliu/Water_Hub/Water_quality_data/wqp_station_zips/US_12/FL_pinellas_county_US_12_103_physical_wqp_stations.zip,-82.75648800,28.15779160,,,1562,0.763809,21FLFMRI-WCC200320;21FLFMRI-WCC200321;21FLFMRI-WCC200322;21FLFMRI-WCC200323;21FLGW_WQX-18858;21FLGW_WQX-20085;21FLGW_WQX-22087;21FLGW_WQX-22550;21FLGW_WQX-22551;21FLGW_WQX-22556;21FLGW_WQX-22559;21FLGW_WQX-22560;21FLGW_WQX-22565;21FLGW_WQX-22567;21FLGW_WQX-22568;21FLGW_WQX-22573;21FLGW_WQX-22575;21FLGW_WQX-22579;21FLGW_WQX-35643;21FLGW_WQX-38925;21FLGW_WQX-39475;21FLGW_WQX-41629;21FLGW_WQX-42524;21FLGW_WQX-45445;21FLGW_WQX-49671;21FLGW_WQX-56182;21FLGW_WQX-5773;21FLGW_WQX-5781;21FLGW_WQX-57924;21FLGW_WQX-58839;21FLGW_WQX-60613;21FLGW_WQX-60616;21FLGW_WQX-62013;21FLGW_WQX-62022;21FLGW_WQX-62826;21FLGW_WQX-8821;21FLGW_WQX-8824;21FLGW_WQX-8832;21FLKWAT_WQX-PIN-AUTUMN-1;21FLKWAT_WQX-PIN-CHAUTAU2-1;21FLKWAT_WQX-PIN-MEADOWW-1;21FLPCSW-ST1149000429900;21FLPCSW-ST1149000430000;21FLPDEM-01-01;21FLPDEM-02-07;21FLPDEM-02-09;21FLPDEM-AMB 01-1;21FLPDEM-AMB 01-4;21FLPDEM-AMB 01-5;21FLPDEM-AMB 01-6;21FLPDEM-AMB 02-1;21FLPDEM-AMB 02-2;21FLPDEM-AMB 02-5;21FLPDEM-AMB 02-6;21FLPDEM-AMB 02-7;21FLPDEM-AMB 03-16;21FLPDEM-AMB 03-22;21FLPDEM-AMB 03-29;21FLPDEM-AMB 03-38;21FLPDEM-AMB 03-44;21FLPDEM-AMB 03-45;21FLPDEM-AMB 07-1;21FLPDEM-AMB 07-4;21FLPDEM-LT-A-03-01;21FLPDEM-LT-A-03-02;21FLPDEM-LT-A-03-03;21FLPDEM-LT-A-03-04;21FLPDEM-LT-A-03-05;21FLPDEM-LT-A-03-06;21FLPDEM-LT-A-03-08;21FLPDEM-LT-A-03-09;21FLPDEM-LT-A-04-01;21FLPDEM-LT-A-04-02;21FLPDEM-LT-A-04-04;21FLPDEM-LT-A-04-05;21FLPDEM-LT-A-04-06;21FLPDEM-LT-A-04-07;21FLPDEM-LT-A-04-08;21FLPDEM-LT-A-05-01;21FLPDEM-LT-A-05-02;21FLPDEM-LT-A-05-03;21FLPDEM-LT-A-05-04;21FLPDEM-LT-A-05-05;21FLPDEM-LT-A-05-06;21FLPDEM-LT-A-05-07;21FLPDEM-LT-A-05-08;21FLPDEM-LT-A-05-09;21FLPDEM-LT-A-06-02;21FLPDEM-LT-A-06-03;21FLPDEM-LT-A-06-04;21FLPDEM-LT-A-06-05;21FLPDEM-LT-A-06-06;21FLPDEM-LT-A-06-07;21FLPDEM-LT-A-06-09;21FLPDEM-LT-A-07-01;21FLPDEM-LT-A-07-04;21FLPDEM-LT-A-07-05;21FLPDEM-LT-A-07-06;21FLPDEM-LT-A-07-08;21FLPDEM-LT-A-07-09;21FLPDEM-LT-A-08-01;21FLPDEM-LT-A-08-02;21FLPDEM-LT-A-08-03;21FLPDEM-LT-A-08-04;21FLPDEM-LT-A-08-05;21FLPDEM-LT-A-08-06;21FLPDEM-LT-A-08-07;21FLPDEM-LT-A-08-08;21FLPDEM-LT-A-09-01;21FLPDEM-LT-A-09-02;21FLPDEM-LT-A-09-03;21FLPDEM-LT-A-09-04;21FLPDEM-LT-A-09-05;21FLPDEM-LT-A2-06-08;21FLPDEM-LT-B-03-01;21FLPDEM-LT-B-03-02;21FLPDEM-LT-B-03-03;21FLPDEM-LT-B-03-04;21FLPDEM-LT-B-03-05;21FLPDEM-LT-B-03-06;21FLPDEM-LT-B-03-07;21FLPDEM-LT-B-03-09;21FLPDEM-LT-B-04-01;21FLPDEM-LT-B-04-02;21FLPDEM-LT-B-04-03;21FLPDEM-LT-B-04-04;21FLPDEM-LT-B-04-05;21FLPDEM-LT-B-04-06;21FLPDEM-LT-B-04-07;21FLPDEM-LT-B-04-09;21FLPDEM-LT-B-05-01;21FLPDEM-LT-B-05-02;21FLPDEM-LT-B-05-03;21FLPDEM-LT-B-05-04;21FLPDEM-LT-B-05-05;21FLPDEM-LT-B-05-06;21FLPDEM-LT-B-05-08;21FLPDEM-LT-B-06-01;21FLPDEM-LT-B-06-02;21FLPDEM-LT-B-06-05;21FLPDEM-LT-B-06-06;21FLPDEM-LT-B-06-07;21FLPDEM-LT-B-06-08;21FLPDEM-LT-B-06-09;21FLPDEM-LT-B-07-01;21FLPDEM-LT-B-07-02;21FLPDEM-LT-B-07-03;21FLPDEM-LT-B-07-04;21FLPDEM-LT-B-07-05;21FLPDEM-LT-B-07-06;21FLPDEM-LT-B-07-07;21FLPDEM-LT-B-07-08;21FLPDEM-LT-B-07-09;21FLPDEM-LT-B-08-02;21FLPDEM-LT-B-08-03;21FLPDEM-LT-B-08-04;21FLPDEM-LT-B-08-05;21FLPDEM-LT-B-08-07;21FLPDEM-LT-B-08-08;21FLPDEM-LT-B-09-01;21FLPDEM-LT-B-09-02;21FLPDEM-LT-B-09-03;21FLPDEM-LT-C-03-01;21FLPDEM-LT-C-03-02;21FLPDEM-LT-C-03-03;21FLPDEM-LT-C-03-04;21FLPDEM-LT-C-03-05;21FLPDEM-LT-C-03-06;21FLPDEM-LT-C-03-07;21FLPDEM-LT-C-03-08;21FLPDEM-LT-C-03-09;21FLPDEM-LT-C-04-01;21FLPDEM-LT-C-04-02;21FLPDEM-LT-C-04-03;21FLPDEM-LT-C-04-04;21FLPDEM-LT-C-04-05;21FLPDEM-LT-C-04-06;21FLPDEM-LT-C-04-07;21FLPDEM-LT-C-04-09;21FLPDEM-LT-C-05-01;21FLPDEM-LT-C-05-02;21FLPDEM-LT-C-05-03;21FLPDEM-LT-C-05-04;21FLPDEM-LT-C-05-06;21FLPDEM-LT-C-05-07;21FLPDEM-LT-C-05-08;21FLPDEM-LT-C-05-09;21FLPDEM-LT-C-06-01;21FLPDEM-LT-C-06-02;21FLPDEM-LT-C-06-03;21FLPDEM-LT-C-06-04;21FLPDEM-LT-C-06-05;21FLPDEM-LT-C-06-06;21FLPDEM-LT-C-06-07;21FLPDEM-LT-C-06-08;21FLPDEM-LT-C-06-09;21FLPDEM-LT-C-07-01;21FLPDEM-LT-C-07-02;21FLPDEM-LT-C-07-03;21FLPDEM-LT-C-07-04;21FLPDEM-LT-C-07-05;21FLPDEM-LT-C-07-06;21FLPDEM-LT-C-07-07;21FLPDEM-LT-C-07-08;21FLPDEM-LT-C-07-09;21FLPDEM-LT-C-08-01;21FLPDEM-LT-C-08-02;21FLPDEM-LT-C-08-03;21FLPDEM-LT-C-08-04;21FLPDEM-LT-C-08-05;21FLPDEM-LT-C-08-06;21FLPDEM-LT-C-08-07;21FLPDEM-LT-C-08-08;21FLPDEM-LT-C-09-01;21FLPDEM-LT-C-09-02;21FLPDEM-LT-C-09-03;21FLPDEM-LT-C-09-04;21FLPDEM-LT-C-09-05;21FLPDEM-LT-C2-04-08;21FLPDEM-LT-D-03-01;21FLPDEM-LT-D-03-02;21FLPDEM-LT-D-03-03;21FLPDEM-LT-D-03-04;21FLPDEM-LT-D-03-05;21FLPDEM-LT-D-03-06;21FLPDEM-LT-D-03-07;21FLPDEM-LT-D-03-09;21FLPDEM-LT-D-04-01;21FLPDEM-LT-D-04-02;21FLPDEM-LT-D-04-04;21FLPDEM-LT-D-04-05;21FLPDEM-LT-D-04-06;21FLPDEM-LT-D-04-07;21FLPDEM-LT-D-04-09;21FLPDEM-LT-D-05-03;21FLPDEM-LT-D-05-04;21FLPDEM-LT-D-05-05;21FLPDEM-LT-D-05-06;21FLPDEM-LT-D-05-08;21FLPDEM-LT-D-05-09;21FLPDEM-LT-D-06-01;21FLPDEM-LT-D-06-02;21FLPDEM-LT-D-06-04;21FLPDEM-LT-D-06-05;21FLPDEM-LT-D-06-06;21FLPDEM-LT-D-06-07;21FLPDEM-LT-D-06-09;21FLPDEM-LT-D-07-01;21FLPDEM-LT-D-07-02;21FLPDEM-LT-D-07-03;21FLPDEM-LT-D-07-04;21FLPDEM-LT-D-07-05;21FLPDEM-LT-D-07-06;21FLPDEM-LT-D-07-07;21FLPDEM-LT-D-07-08;21FLPDEM-LT-D-07-09;21FLPDEM-LT-D-08-01;21FLPDEM-LT-D-08-02;21FLPDEM-LT-D-08-04;21FLPDEM-LT-D-08-06;21FLPDEM-LT-D-08-07;21FLPDEM-LT-D-09-01;21FLPDEM-LT-D-09-02;21FLPDEM-LT-D-09-03;21FLPDEM-LT-D-09-04;21FLPDEM-LT-D-09-05;21FLPDEM-LT-D1-06-03;21FLPDEM-W1-A-03-01;21FLPDEM-W1-A-03-03;21FLPDEM-W1-A-03-04;21FLPDEM-W1-A-03-05;21FLPDEM-W1-A-03-06;21FLPDEM-W1-A-03-07;21FLPDEM-W1-A-03-08;21FLPDEM-W1-A-04-01;21FLPDEM-W1-A-04-02;21FLPDEM-W1-A-04-03;21FLPDEM-W1-A-04-04;21FLPDEM-W1-A-04-05;21FLPDEM-W1-A-04-06;21FLPDEM-W1-A-04-08;21FLPDEM-W1-A-04-09;21FLPDEM-W1-A-05-01;21FLPDEM-W1-A-05-03;21FLPDEM-W1-A-05-04;21FLPDEM-W1-A-05-05;21FLPDEM-W1-A-05-06;21FLPDEM-W1-A-05-08;21FLPDEM-W1-A-06-01;21FLPDEM-W1-A-06-02;21FLPDEM-W1-A-06-03;21FLPDEM-W1-A-06-05;21FLPDEM-W1-A-06-08;21FLPDEM-W1-A-07-01;21FLPDEM-W1-A-07-03;21FLPDEM-W1-A-07-04;21FLPDEM-W1-A-07-05;21FLPDEM-W1-A-07-06;21FLPDEM-W1-A-07-07;21FLPDEM-W1-A-07-09;21FLPDEM-W1-A-08-01;21FLPDEM-W1-A-08-03;21FLPDEM-W1-A-08-04;21FLPDEM-W1-A-08-06;21FLPDEM-W1-A-08-08;21FLPDEM-W1-A-09-02;21FLPDEM-W1-A-09-03;21FLPDEM-W1-A-09-04;21FLPDEM-W1-A-09-05;21FLPDEM-W1-A1-05-07;21FLPDEM-W1-A3-04-07;21FLPDEM-W1-B-03-02;21FLPDEM-W1-B-03-04;21FLPDEM-W1-B-03-05;21FLPDEM-W1-B-03-08;21FLPDEM-W1-B-03-09;21FLPDEM-W1-B-04-01;21FLPDEM-W1-B-04-02;21FLPDEM-W1-B-04-03;21FLPDEM-W1-B-04-04;21FLPDEM-W1-B-04-08;21FLPDEM-W1-B-04-09;21FLPDEM-W1-B-05-01;21FLPDEM-W1-B-05-04;21FLPDEM-W1-B-05-05;21FLPDEM-W1-B-05-07;21FLPDEM-W1-B-05-08;21FLPDEM-W1-B-05-09;21FLPDEM-W1-B-06-02;21FLPDEM-W1-B-06-03;21FLPDEM-W1-B-06-04;21FLPDEM-W1-B-06-05;21FLPDEM-W1-B-06-07;21FLPDEM-W1-B-06-08;21FLPDEM-W1-B-07-03;21FLPDEM-W1-B-07-04;21FLPDEM-W1-B-07-05;21FLPDEM-W1-B-07-08;21FLPDEM-W1-B-07-09;21FLPDEM-W1-B-08-01;21FLPDEM-W1-B-08-03;21FLPDEM-W1-B-08-04;21FLPDEM-W1-B-08-08;21FLPDEM-W1-B-09-01;21FLPDEM-W1-B-09-02;21FLPDEM-W1-B-09-03;21FLPDEM-W1-B-09-05;21FLPDEM-W1-B1-03-06;21FLPDEM-W1-B1-06-01;21FLPDEM-W1-B1-06-06;21FLPDEM-W1-B2-04-07;21FLPDEM-W1-B5-06-09;21FLPDEM-W1-C-03-01;21FLPDEM-W1-C-03-02;21FLPDEM-W1-C-03-03;21FLPDEM-W1-C-03-04;21FLPDEM-W1-C-03-06;21FLPDEM-W1-C-03-07;21FLPDEM-W1-C-03-08;21FLPDEM-W1-C-03-09;21FLPDEM-W1-C-04-01;21FLPDEM-W1-C-04-02;21FLPDEM-W1-C-04-04;21FLPDEM-W1-C-04-06;21FLPDEM-W1-C-04-07;21FLPDEM-W1-C-04-09;21FLPDEM-W1-C-05-03;21FLPDEM-W1-C-05-04;21FLPDEM-W1-C-05-05;21FLPDEM-W1-C-05-08;21FLPDEM-W1-C-05-09;21FLPDEM-W1-C-06-01;21FLPDEM-W1-C-06-02;21FLPDEM-W1-C-06-03;21FLPDEM-W1-C-06-05;21FLPDEM-W1-C-06-06;21FLPDEM-W1-C-06-07;21FLPDEM-W1-C-06-08;21FLPDEM-W1-C-06-09;21FLPDEM-W1-C-07-01;21FLPDEM-W1-C-07-03;21FLPDEM-W1-C-07-05;21FLPDEM-W1-C-07-06;21FLPDEM-W1-C-07-07;21FLPDEM-W1-C-07-08;21FLPDEM-W1-C-07-09;21FLPDEM-W1-C-08-02;21FLPDEM-W1-C-08-03;21FLPDEM-W1-C-08-06;21FLPDEM-W1-C-08-07;21FLPDEM-W1-C-08-08;21FLPDEM-W1-C-09-01;21FLPDEM-W1-C-09-04;21FLPDEM-W1-C-09-05;21FLPDEM-W1-D-03-02;21FLPDEM-W1-D-03-05;21FLPDEM-W1-D-03-08;21FLPDEM-W1-D-03-09;21FLPDEM-W1-D-04-02;21FLPDEM-W1-D-04-03;21FLPDEM-W1-D-04-04;21FLPDEM-W1-D-04-07;21FLPDEM-W1-D-04-08;21FLPDEM-W1-D-04-09;21FLPDEM-W1-D-05-01;21FLPDEM-W1-D-05-02;21FLPDEM-W1-D-05-07;21FLPDEM-W1-D-05-08;21FLPDEM-W1-D-05-09;21FLPDEM-W1-D-06-01;21FLPDEM-W1-D-06-03;21FLPDEM-W1-D-06-04;21FLPDEM-W1-D-06-05;21FLPDEM-W1-D-06-06;21FLPDEM-W1-D-06-07;21FLPDEM-W1-D-06-09;21FLPDEM-W1-D-07-02;21FLPDEM-W1-D-07-04;21FLPDEM-W1-D-07-05;21FLPDEM-W1-D-07-06;21FLPDEM-W1-D-07-07;21FLPDEM-W1-D-07-09;21FLPDEM-W1-D-08-01;21FLPDEM-W1-D-08-02;21FLPDEM-W1-D-08-03;21FLPDEM-W1-D-08-04;21FLPDEM-W1-D-08-05;21FLPDEM-W1-D-08-06;21FLPDEM-W1-D-08-07;21FLPDEM-W1-D-08-08;21FLPDEM-W1-D-09-01;21FLPDEM-W1-D-09-03;21FLPDEM-W1-D1-05-04;21FLPDEM-W1-D3-03-06;21FLPDEM_WQX-01-01;21FLPDEM_WQX-01-09;21FLPDEM_WQX-01-10;21FLPDEM_WQX-01-11;21FLPDEM_WQX-01-12;21FLPDEM_WQX-01-31;21FLPDEM_WQX-01-32;21FLPDEM_WQX-01-33;21FLPDEM_WQX-01-34;21FLPDEM_WQX-01-35;21FLPDEM_WQX-02-02;21FLPDEM_WQX-02-09;21FLPDEM_WQX-53-05;21FLPDEM_WQX-53-06;21FLPDEM_WQX-LT-A-09-06;21FLPDEM_WQX-LT-A-09-07;21FLPDEM_WQX-LT-A-10-01;21FLPDEM_WQX-LT-A-10-02;21FLPDEM_WQX-LT-A-10-03;21FLPDEM_WQX-LT-A-10-04;21FLPDEM_WQX-LT-A-10-05;21FLPDEM_WQX-LT-A-10-06;21FLPDEM_WQX-LT-A-10-08;21FLPDEM_WQX-LT-A-11-01;21FLPDEM_WQX-LT-A-11-02;21FLPDEM_WQX-LT-A-11-03;21FLPDEM_WQX-LT-A-11-04;21FLPDEM_WQX-LT-A-11-06;21FLPDEM_WQX-LT-A-11-07;21FLPDEM_WQX-LT-A-11-08;21FLPDEM_WQX-LT-A-12-01;21FLPDEM_WQX-LT-A-12-02;21FLPDEM_WQX-LT-A-12-03;21FLPDEM_WQX-LT-A-12-04;21FLPDEM_WQX-LT-A-12-05;21FLPDEM_WQX-LT-A-12-06;21FLPDEM_WQX-LT-A-12-07;21FLPDEM_WQX-LT-A-12-08;21FLPDEM_WQX-LT-A-13-01;21FLPDEM_WQX-LT-A-13-02;21FLPDEM_WQX-LT-A-13-03;21FLPDEM_WQX-LT-A-13-04;21FLPDEM_WQX-LT-A-13-05;21FLPDEM_WQX-LT-A-13-06;21FLPDEM_WQX-LT-A-13-07;21FLPDEM_WQX-LT-A-13-08;21FLPDEM_WQX-LT-A-14-01;21FLPDEM_WQX-LT-A-14-02;21FLPDEM_WQX-LT-A-14-03;21FLPDEM_WQX-LT-A-14-04;21FLPDEM_WQX-LT-A-14-06;21FLPDEM_WQX-LT-A-14-07;21FLPDEM_WQX-LT-A-14-08;21FLPDEM_WQX-LT-A-15-01;21FLPDEM_WQX-LT-A-15-02;21FLPDEM_WQX-LT-A-15-03;21FLPDEM_WQX-LT-A-15-04;21FLPDEM_WQX-LT-A-15-05;21FLPDEM_WQX-LT-A-15-06;21FLPDEM_WQX-LT-A-15-07;21FLPDEM_WQX-LT-A-15-08;21FLPDEM_WQX-LT-A-16-01;21FLPDEM_WQX-LT-A-16-02;21FLPDEM_WQX-LT-A-16-03;21FLPDEM_WQX-LT-A-16-05;21FLPDEM_WQX-LT-A-16-06;21FLPDEM_WQX-LT-A-16-07;21FLPDEM_WQX-LT-A-16-08;21FLPDEM_WQX-LT-A-17-01;21FLPDEM_WQX-LT-A-17-02;21FLPDEM_WQX-LT-A-17-03;21FLPDEM_WQX-LT-A-17-04;21FLPDEM_WQX-LT-A-17-05;21FLPDEM_WQX-LT-A-17-06;21FLPDEM_WQX-LT-A-17-07;21FLPDEM_WQX-LT-A-17-08;21FLPDEM_WQX-LT-A-18-01;21FLPDEM_WQX-LT-A-18-02;21FLPDEM_WQX-LT-A-18-03;21FLPDEM_WQX-LT-A-18-04;21FLPDEM_WQX-LT-A-18-05;21FLPDEM_WQX-LT-A-18-06;21FLPDEM_WQX-LT-A-18-07;21FLPDEM_WQX-LT-A-18-08;21FLPDEM_WQX-LT-A-19-01;21FLPDEM_WQX-LT-A-19-02;21FLPDEM_WQX-LT-A-19-03;21FLPDEM_WQX-LT-A-19-04;21FLPDEM_WQX-LT-A-19-05;21FLPDEM_WQX-LT-A-19-06;21FLPDEM_WQX-LT-A-19-07;21FLPDEM_WQX-LT-A-19-08;21FLPDEM_WQX-LT-A-20-01;21FLPDEM_WQX-LT-A-20-02;21FLPDEM_WQX-LT-A-20-03;21FLPDEM_WQX-LT-A-20-04;21FLPDEM_WQX-LT-A-20-05;21FLPDEM_WQX-LT-A-20-06;21FLPDEM_WQX-LT-A-20-07;21FLPDEM_WQX-LT-A-20-08;21FLPDEM_WQX-LT-A-21-01;21FLPDEM_WQX-LT-A-21-02;21FLPDEM_WQX-LT-A-21-03;21FLPDEM_WQX-LT-A-21-04;21FLPDEM_WQX-LT-A-21-05;21FLPDEM_WQX-LT-A-21-06;21FLPDEM_WQX-LT-A-21-07;21FLPDEM_WQX-LT-A-21-08;21FLPDEM_WQX-LT-A-22-01;21FLPDEM_WQX-LT-A-22-02;21FLPDEM_WQX-LT-A-22-03;21FLPDEM_WQX-LT-A-22-04;21FLPDEM_WQX-LT-A-22-05;21FLPDEM_WQX-LT-A-22-06;21FLPDEM_WQX-LT-A-22-07;21FLPDEM_WQX-LT-A-22-08;21FLPDEM_WQX-LT-A-23-01;21FLPDEM_WQX-LT-A-23-02;21FLPDEM_WQX-LT-A-23-03;21FLPDEM_WQX-LT-A-23-04;21FLPDEM_WQX-LT-A-23-05;21FLPDEM_WQX-LT-A-23-06;21FLPDEM_WQX-LT-A-23-07;21FLPDEM_WQX-LT-A-23-08;21FLPDEM_WQX-LT-A-24-02;21FLPDEM_WQX-LT-A-24-03;21FLPDEM_WQX-LT-A-24-04;21FLPDEM_WQX-LT-A-24-05;21FLPDEM_WQX-LT-A-24-06;21FLPDEM_WQX-LT-A-24-07;21FLPDEM_WQX-LT-A-24-08;21FLPDEM_WQX-LT-A-25-01;21FLPDEM_WQX-LT-A1-14-05;21FLPDEM_WQX-LT-B-09-06;21FLPDEM_WQX-LT-B-09-07;21FLPDEM_WQX-LT-B-09-08;21FLPDEM_WQX-LT-B-10-01;21FLPDEM_WQX-LT-B-10-02;21FLPDEM_WQX-LT-B-10-03;21FLPDEM_WQX-LT-B-10-04;21FLPDEM_WQX-LT-B-10-05;21FLPDEM_WQX-LT-B-10-06;21FLPDEM_WQX-LT-B-10-07;21FLPDEM_WQX-LT-B-10-08;21FLPDEM_WQX-LT-B-11-01;21FLPDEM_WQX-LT-B-11-03;21FLPDEM_WQX-LT-B-11-04;21FLPDEM_WQX-LT-B-11-05;21FLPDEM_WQX-LT-B-11-06;21FLPDEM_WQX-LT-B-11-08;21FLPDEM_WQX-LT-B-12-01;21FLPDEM_WQX-LT-B-12-02;21FLPDEM_WQX-LT-B-12-03;21FLPDEM_WQX-LT-B-12-05;21FLPDEM_WQX-LT-B-12-06;21FLPDEM_WQX-LT-B-12-07;21FLPDEM_WQX-LT-B-12-08;21FLPDEM_WQX-LT-B-13-01;21FLPDEM_WQX-LT-B-13-02;21FLPDEM_WQX-LT-B-13-03;21FLPDEM_WQX-LT-B-13-05;21FLPDEM_WQX-LT-B-13-06;21FLPDEM_WQX-LT-B-13-07;21FLPDEM_WQX-LT-B-13-08;21FLPDEM_WQX-LT-B-14-01;21FLPDEM_WQX-LT-B-14-02;21FLPDEM_WQX-LT-B-14-03;21FLPDEM_WQX-LT-B-14-04;21FLPDEM_WQX-LT-B-14-05;21FLPDEM_WQX-LT-B-14-06;21FLPDEM_WQX-LT-B-14-08;21FLPDEM_WQX-LT-B-15-01;21FLPDEM_WQX-LT-B-15-02;21FLPDEM_WQX-LT-B-15-03;21FLPDEM_WQX-LT-B-15-04;21FLPDEM_WQX-LT-B-15-05;21FLPDEM_WQX-LT-B-15-06;21FLPDEM_WQX-LT-B-15-08;21FLPDEM_WQX-LT-B-16-01;21FLPDEM_WQX-LT-B-16-02;21FLPDEM_WQX-LT-B-16-03;21FLPDEM_WQX-LT-B-16-04;21FLPDEM_WQX-LT-B-16-06;21FLPDEM_WQX-LT-B-16-07;21FLPDEM_WQX-LT-B-16-08;21FLPDEM_WQX-LT-B-17-03;21FLPDEM_WQX-LT-B-17-04;21FLPDEM_WQX-LT-B-17-05;21FLPDEM_WQX-LT-B-17-06;21FLPDEM_WQX-LT-B-17-07;21FLPDEM_WQX-LT-B-17-08;21FLPDEM_WQX-LT-B-18-01;21FLPDEM_WQX-LT-B-18-02;21FLPDEM_WQX-LT-B-18-03;21FLPDEM_WQX-LT-B-18-04;21FLPDEM_WQX-LT-B-18-05;21FLPDEM_WQX-LT-B-18-06;21FLPDEM_WQX-LT-B-18-07;21FLPDEM_WQX-LT-B-18-08;21FLPDEM_WQX-LT-B-19-01;21FLPDEM_WQX-LT-B-19-02;21FLPDEM_WQX-LT-B-19-03;21FLPDEM_WQX-LT-B-19-04;21FLPDEM_WQX-LT-B-19-05;21FLPDEM_WQX-LT-B-19-06;21FLPDEM_WQX-LT-B-19-07;21FLPDEM_WQX-LT-B-19-08;21FLPDEM_WQX-LT-B-20-01;21FLPDEM_WQX-LT-B-20-02;21FLPDEM_WQX-LT-B-20-03;21FLPDEM_WQX-LT-B-20-04;21FLPDEM_WQX-LT-B-20-05;21FLPDEM_WQX-LT-B-20-06;21FLPDEM_WQX-LT-B-20-07;21FLPDEM_WQX-LT-B-20-08;21FLPDEM_WQX-LT-B-21-01;21FLPDEM_WQX-LT-B-21-02;21FLPDEM_WQX-LT-B-21-04;21FLPDEM_WQX-LT-B-21-05;21FLPDEM_WQX-LT-B-21-06;21FLPDEM_WQX-LT-B-21-07;21FLPDEM_WQX-LT-B-21-08;21FLPDEM_WQX-LT-B-22-01;21FLPDEM_WQX-LT-B-22-02;21FLPDEM_WQX-LT-B-22-03;21FLPDEM_WQX-LT-B-22-04;21FLPDEM_WQX-LT-B-22-05;21FLPDEM_WQX-LT-B-22-06;21FLPDEM_WQX-LT-B-22-07;21FLPDEM_WQX-LT-B-22-08;21FLPDEM_WQX-LT-B-23-01;21FLPDEM_WQX-LT-B-23-02;21FLPDEM_WQX-LT-B-23-03;21FLPDEM_WQX-LT-B-23-04;21FLPDEM_WQX-LT-B-23-06;21FLPDEM_WQX-LT-B-23-07;21FLPDEM_WQX-LT-B-23-08;21FLPDEM_WQX-LT-B-24-02;21FLPDEM_WQX-LT-B-24-03;21FLPDEM_WQX-LT-B-24-04;21FLPDEM_WQX-LT-B-24-05;21FLPDEM_WQX-LT-B-24-06;21FLPDEM_WQX-LT-B-24-07;21FLPDEM_WQX-LT-B-24-08;21FLPDEM_WQX-LT-B-25-01;21FLPDEM_WQX-LT-B1-12-04;21FLPDEM_WQX-LT-C-09-06;21FLPDEM_WQX-LT-C-09-07;21FLPDEM_WQX-LT-C-09-08;21FLPDEM_WQX-LT-C-10-01;21FLPDEM_WQX-LT-C-10-02;21FLPDEM_WQX-LT-C-10-04;21FLPDEM_WQX-LT-C-10-05;21FLPDEM_WQX-LT-C-10-06;21FLPDEM_WQX-LT-C-10-08;21FLPDEM_WQX-LT-C-11-01;21FLPDEM_WQX-LT-C-11-02;21FLPDEM_WQX-LT-C-11-03;21FLPDEM_WQX-LT-C-11-04;21FLPDEM_WQX-LT-C-11-05;21FLPDEM_WQX-LT-C-11-06;21FLPDEM_WQX-LT-C-11-07;21FLPDEM_WQX-LT-C-11-08;21FLPDEM_WQX-LT-C-12-01;21FLPDEM_WQX-LT-C-12-03;21FLPDEM_WQX-LT-C-12-04;21FLPDEM_WQX-LT-C-12-05;21FLPDEM_WQX-LT-C-12-06;21FLPDEM_WQX-LT-C-12-07;21FLPDEM_WQX-LT-C-12-08;21FLPDEM_WQX-LT-C-13-01;21FLPDEM_WQX-LT-C-13-02;21FLPDEM_WQX-LT-C-13-04;21FLPDEM_WQX-LT-C-13-05;21FLPDEM_WQX-LT-C-13-06;21FLPDEM_WQX-LT-C-13-07;21FLPDEM_WQX-LT-C-13-08;21FLPDEM_WQX-LT-C-14-01;21FLPDEM_WQX-LT-C-14-02;21FLPDEM_WQX-LT-C-14-03;21FLPDEM_WQX-LT-C-14-04;21FLPDEM_WQX-LT-C-14-05;21FLPDEM_WQX-LT-C-14-06;21FLPDEM_WQX-LT-C-14-07;21FLPDEM_WQX-LT-C-14-08;21FLPDEM_WQX-LT-C-15-02;21FLPDEM_WQX-LT-C-15-03;21FLPDEM_WQX-LT-C-15-04;21FLPDEM_WQX-LT-C-15-05;21FLPDEM_WQX-LT-C-15-06;21FLPDEM_WQX-LT-C-15-07;21FLPDEM_WQX-LT-C-15-08;21FLPDEM_WQX-LT-C-16-01;21FLPDEM_WQX-LT-C-16-03;21FLPDEM_WQX-LT-C-16-04;21FLPDEM_WQX-LT-C-16-05;21FLPDEM_WQX-LT-C-16-06;21FLPDEM_WQX-LT-C-16-08;21FLPDEM_WQX-LT-C-17-01;21FLPDEM_WQX-LT-C-17-02;21FLPDEM_WQX-LT-C-17-04;21FLPDEM_WQX-LT-C-17-05;21FLPDEM_WQX-LT-C-17-06;21FLPDEM_WQX-LT-C-17-07;21FLPDEM_WQX-LT-C-17-08;21FLPDEM_WQX-LT-C-18-02;21FLPDEM_WQX-LT-C-18-03;21FLPDEM_WQX-LT-C-18-04;21FLPDEM_WQX-LT-C-18-05;21FLPDEM_WQX-LT-C-18-06;21FLPDEM_WQX-LT-C-18-07;21FLPDEM_WQX-LT-C-18-08;21FLPDEM_WQX-LT-C-19-01;21FLPDEM_WQX-LT-C-19-04;21FLPDEM_WQX-LT-C-19-05;21FLPDEM_WQX-LT-C-19-06;21FLPDEM_WQX-LT-C-19-08;21FLPDEM_WQX-LT-C-20-01;21FLPDEM_WQX-LT-C-20-03;21FLPDEM_WQX-LT-C-20-04;21FLPDEM_WQX-LT-C-20-05;21FLPDEM_WQX-LT-C-20-06;21FLPDEM_WQX-LT-C-20-07;21FLPDEM_WQX-LT-C-20-08;21FLPDEM_WQX-LT-C-21-02;21FLPDEM_WQX-LT-C-21-03;21FLPDEM_WQX-LT-C-21-04;21FLPDEM_WQX-LT-C-21-05;21FLPDEM_WQX-LT-C-21-06;21FLPDEM_WQX-LT-C-21-07;21FLPDEM_WQX-LT-C-21-08;21FLPDEM_WQX-LT-C-22-01;21FLPDEM_WQX-LT-C-22-03;21FLPDEM_WQX-LT-C-22-04;21FLPDEM_WQX-LT-C-22-06;21FLPDEM_WQX-LT-C-22-07;21FLPDEM_WQX-LT-C-22-08;21FLPDEM_WQX-LT-C-23-01;21FLPDEM_WQX-LT-C-23-02;21FLPDEM_WQX-LT-C-23-03;21FLPDEM_WQX-LT-C-23-04;21FLPDEM_WQX-LT-C-23-06;21FLPDEM_WQX-LT-C-23-07;21FLPDEM_WQX-LT-C-23-08;21FLPDEM_WQX-LT-C-24-01;21FLPDEM_WQX-LT-C-24-03;21FLPDEM_WQX-LT-C-24-04;21FLPDEM_WQX-LT-C-24-05;21FLPDEM_WQX-LT-C-24-06;21FLPDEM_WQX-LT-C-24-07;21FLPDEM_WQX-LT-C-24-08;21FLPDEM_WQX-LT-C-25-01;21FLPDEM_WQX-LT-D-09-06;21FLPDEM_WQX-LT-D-09-08;21FLPDEM_WQX-LT-D-10-01;21FLPDEM_WQX-LT-D-10-02;21FLPDEM_WQX-LT-D-10-03;21FLPDEM_WQX-LT-D-10-04;21FLPDEM_WQX-LT-D-10-05;21FLPDEM_WQX-LT-D-10-06;21FLPDEM_WQX-LT-D-10-07;21FLPDEM_WQX-LT-D-10-08;21FLPDEM_WQX-LT-D-11-02;21FLPDEM_WQX-LT-D-11-03;21FLPDEM_WQX-LT-D-11-04;21FLPDEM_WQX-LT-D-11-05;21FLPDEM_WQX-LT-D-11-06;21FLPDEM_WQX-LT-D-11-08;21FLPDEM_WQX-LT-D-12-01;21FLPDEM_WQX-LT-D-12-02;21FLPDEM_WQX-LT-D-12-03;21FLPDEM_WQX-LT-D-12-04;21FLPDEM_WQX-LT-D-12-05;21FLPDEM_WQX-LT-D-12-07;21FLPDEM_WQX-LT-D-12-08;21FLPDEM_WQX-LT-D-13-01;21FLPDEM_WQX-LT-D-13-02;21FLPDEM_WQX-LT-D-13-04;21FLPDEM_WQX-LT-D-13-05;21FLPDEM_WQX-LT-D-13-06;21FLPDEM_WQX-LT-D-13-07;21FLPDEM_WQX-LT-D-13-08;21FLPDEM_WQX-LT-D-14-02;21FLPDEM_WQX-LT-D-14-03;21FLPDEM_WQX-LT-D-14-04;21FLPDEM_WQX-LT-D-14-05;21FLPDEM_WQX-LT-D-14-06;21FLPDEM_WQX-LT-D-14-07;21FLPDEM_WQX-LT-D-14-08;21FLPDEM_WQX-LT-D-15-01;21FLPDEM_WQX-LT-D-15-02;21FLPDEM_WQX-LT-D-15-03;21FLPDEM_WQX-LT-D-15-04;21FLPDEM_WQX-LT-D-15-05;21FLPDEM_WQX-LT-D-15-06;21FLPDEM_WQX-LT-D-15-07;21FLPDEM_WQX-LT-D-15-08;21FLPDEM_WQX-LT-D-16-01;21FLPDEM_WQX-LT-D-16-02;21FLPDEM_WQX-LT-D-16-03;21FLPDEM_WQX-LT-D-16-04;21FLPDEM_WQX-LT-D-16-05;21FLPDEM_WQX-LT-D-16-06;21FLPDEM_WQX-LT-D-16-07;21FLPDEM_WQX-LT-D-16-08;21FLPDEM_WQX-LT-D-17-01;21FLPDEM_WQX-LT-D-17-02;21FLPDEM_WQX-LT-D-17-03;21FLPDEM_WQX-LT-D-17-04;21FLPDEM_WQX-LT-D-17-05;21FLPDEM_WQX-LT-D-17-06;21FLPDEM_WQX-LT-D-17-07;21FLPDEM_WQX-LT-D-17-08;21FLPDEM_WQX-LT-D-18-01;21FLPDEM_WQX-LT-D-18-02;21FLPDEM_WQX-LT-D-18-03;21FLPDEM_WQX-LT-D-18-04;21FLPDEM_WQX-LT-D-18-05;21FLPDEM_WQX-LT-D-18-06;21FLPDEM_WQX-LT-D-19-01;21FLPDEM_WQX-LT-D-19-02;21FLPDEM_WQX-LT-D-19-03;21FLPDEM_WQX-LT-D-19-04;21FLPDEM_WQX-LT-D-19-05;21FLPDEM_WQX-LT-D-19-06;21FLPDEM_WQX-LT-D-19-07;21FLPDEM_WQX-LT-D-19-08;21FLPDEM_WQX-LT-D-20-02;21FLPDEM_WQX-LT-D-20-03;21FLPDEM_WQX-LT-D-20-06;21FLPDEM_WQX-LT-D-20-07;21FLPDEM_WQX-LT-D-20-08;21FLPDEM_WQX-LT-D-21-01;21FLPDEM_WQX-LT-D-21-02;21FLPDEM_WQX-LT-D-21-03;21FLPDEM_WQX-LT-D-21-04;21FLPDEM_WQX-LT-D-21-05;21FLPDEM_WQX-LT-D-21-07;21FLPDEM_WQX-LT-D-21-08;21FLPDEM_WQX-LT-D-22-02;21FLPDEM_WQX-LT-D-22-03;21FLPDEM_WQX-LT-D-22-04;21FLPDEM_WQX-LT-D-22-05;21FLPDEM_WQX-LT-D-22-06;21FLPDEM_WQX-LT-D-22-07;21FLPDEM_WQX-LT-D-22-08;21FLPDEM_WQX-LT-D-23-01;21FLPDEM_WQX-LT-D-23-02;21FLPDEM_WQX-LT-D-23-03;21FLPDEM_WQX-LT-D-23-05;21FLPDEM_WQX-LT-D-23-06;21FLPDEM_WQX-LT-D-23-07;21FLPDEM_WQX-LT-D-23-08;21FLPDEM_WQX-LT-D-24-02;21FLPDEM_WQX-LT-D-24-03;21FLPDEM_WQX-LT-D-24-04;21FLPDEM_WQX-LT-D-24-05;21FLPDEM_WQX-LT-D-24-06;21FLPDEM_WQX-LT-D-24-07;21FLPDEM_WQX-LT-D-24-08;21FLPDEM_WQX-LT-D-25-01;21FLPDEM_WQX-LT-D1-11-07;21FLPDEM_WQX-W1-A-09-06;21FLPDEM_WQX-W1-A-09-08;21FLPDEM_WQX-W1-A-10-02;21FLPDEM_WQX-W1-A-10-03;21FLPDEM_WQX-W1-A-10-04;21FLPDEM_WQX-W1-A-10-06;21FLPDEM_WQX-W1-A-10-07;21FLPDEM_WQX-W1-A-11-01;21FLPDEM_WQX-W1-A-11-02;21FLPDEM_WQX-W1-A-11-03;21FLPDEM_WQX-W1-A-11-06;21FLPDEM_WQX-W1-A-11-08;21FLPDEM_WQX-W1-A-12-01;21FLPDEM_WQX-W1-A-12-02;21FLPDEM_WQX-W1-A-12-03;21FLPDEM_WQX-W1-A-12-04;21FLPDEM_WQX-W1-A-12-05;21FLPDEM_WQX-W1-A-12-07;21FLPDEM_WQX-W1-A-12-08;21FLPDEM_WQX-W1-A-13-01;21FLPDEM_WQX-W1-A-13-02;21FLPDEM_WQX-W1-A-13-04;21FLPDEM_WQX-W1-A-13-05;21FLPDEM_WQX-W1-A-13-07;21FLPDEM_WQX-W1-A-13-08;21FLPDEM_WQX-W1-A-14-06;21FLPDEM_WQX-W1-A-14-08;21FLPDEM_WQX-W1-A-15-01;21FLPDEM_WQX-W1-A-15-02;21FLPDEM_WQX-W1-A-15-04;21FLPDEM_WQX-W1-A-15-05;21FLPDEM_WQX-W1-A-15-07;21FLPDEM_WQX-W1-A-15-08;21FLPDEM_WQX-W1-A-16-01;21FLPDEM_WQX-W1-A-16-02;21FLPDEM_WQX-W1-A-16-03;21FLPDEM_WQX-W1-A-16-05;21FLPDEM_WQX-W1-A-16-06;21FLPDEM_WQX-W1-A-16-07;21FLPDEM_WQX-W1-A-16-08;21FLPDEM_WQX-W1-A-17-01;21FLPDEM_WQX-W1-A-17-02;21FLPDEM_WQX-W1-A-17-03;21FLPDEM_WQX-W1-A-17-06;21FLPDEM_WQX-W1-A-17-07;21FLPDEM_WQX-W1-A-17-08;21FLPDEM_WQX-W1-A-18-01;21FLPDEM_WQX-W1-A-18-02;21FLPDEM_WQX-W1-A-18-03;21FLPDEM_WQX-W1-A-18-04;21FLPDEM_WQX-W1-A-18-05;21FLPDEM_WQX-W1-A-18-06;21FLPDEM_WQX-W1-A-18-07;21FLPDEM_WQX-W1-A-19-01;21FLPDEM_WQX-W1-A-19-03;21FLPDEM_WQX-W1-A-19-05;21FLPDEM_WQX-W1-A-20-01;21FLPDEM_WQX-W1-A-20-03;21FLPDEM_WQX-W1-A-20-04;21FLPDEM_WQX-W1-A-20-05;21FLPDEM_WQX-W1-A-20-07;21FLPDEM_WQX-W1-A-20-08;21FLPDEM_WQX-W1-A-21-01;21FLPDEM_WQX-W1-A-21-02;21FLPDEM_WQX-W1-A-21-05;21FLPDEM_WQX-W1-A-21-06;21FLPDEM_WQX-W1-A-21-07;21FLPDEM_WQX-W1-A-21-08;21FLPDEM_WQX-W1-A-22-01;21FLPDEM_WQX-W1-A-22-02;21FLPDEM_WQX-W1-A-22-03;21FLPDEM_WQX-W1-A-22-04;21FLPDEM_WQX-W1-A-22-06;21FLPDEM_WQX-W1-A-22-07;21FLPDEM_WQX-W1-A-22-08;21FLPDEM_WQX-W1-A-23-01;21FLPDEM_WQX-W1-A-23-02;21FLPDEM_WQX-W1-A-23-05;21FLPDEM_WQX-W1-A-23-07;21FLPDEM_WQX-W1-A-23-08;21FLPDEM_WQX-W1-A-24-02;21FLPDEM_WQX-W1-A-24-03;21FLPDEM_WQX-W1-A-24-04;21FLPDEM_WQX-W1-A-24-05;21FLPDEM_WQX-W1-A-24-06;21FLPDEM_WQX-W1-A-24-07;21FLPDEM_WQX-W1-A-24-08;21FLPDEM_WQX-W1-A-25-01;21FLPDEM_WQX-W1-A1-11-07;21FLPDEM_WQX-W1-A1-13-03;21FLPDEM_WQX-W1-A3-11-04;21FLPDEM_WQX-W1-B-10-01;21FLPDEM_WQX-W1-B-10-03;21FLPDEM_WQX-W1-B-10-04;21FLPDEM_WQX-W1-B-10-05;21FLPDEM_WQX-W1-B-10-06;21FLPDEM_WQX-W1-B-11-01;21FLPDEM_WQX-W1-B-11-03;21FLPDEM_WQX-W1-B-11-04;21FLPDEM_WQX-W1-B-11-05;21FLPDEM_WQX-W1-B-11-07;21FLPDEM_WQX-W1-B-12-02;21FLPDEM_WQX-W1-B-12-03;21FLPDEM_WQX-W1-B-12-04;21FLPDEM_WQX-W1-B-12-05;21FLPDEM_WQX-W1-B-12-06;21FLPDEM_WQX-W1-B-12-08;21FLPDEM_WQX-W1-B-13-01;21FLPDEM_WQX-W1-B-13-02;21FLPDEM_WQX-W1-B-13-03;21FLPDEM_WQX-W1-B-13-04;21FLPDEM_WQX-W1-B-13-05;21FLPDEM_WQX-W1-B-13-06;21FLPDEM_WQX-W1-B-13-08;21FLPDEM_WQX-W1-B-14-01;21FLPDEM_WQX-W1-B-14-02;21FLPDEM_WQX-W1-B-14-04;21FLPDEM_WQX-W1-B-14-05;21FLPDEM_WQX-W1-B-14-08;21FLPDEM_WQX-W1-B-15-01;21FLPDEM_WQX-W1-B-15-03;21FLPDEM_WQX-W1-B-15-05;21FLPDEM_WQX-W1-B-15-06;21FLPDEM_WQX-W1-B-15-08;21FLPDEM_WQX-W1-B-16-01;21FLPDEM_WQX-W1-B-16-02;21FLPDEM_WQX-W1-B-16-03;21FLPDEM_WQX-W1-B-16-04;21FLPDEM_WQX-W1-B-16-05;21FLPDEM_WQX-W1-B-16-06;21FLPDEM_WQX-W1-B-16-08;21FLPDEM_WQX-W1-B-17-01;21FLPDEM_WQX-W1-B-17-02;21FLPDEM_WQX-W1-B-17-03;21FLPDEM_WQX-W1-B-17-05;21FLPDEM_WQX-W1-B-17-07;21FLPDEM_WQX-W1-B-17-08;21FLPDEM_WQX-W1-B-18-02;21FLPDEM_WQX-W1-B-18-04;21FLPDEM_WQX-W1-B-18-06;21FLPDEM_WQX-W1-B-18-07;21FLPDEM_WQX-W1-B-19-01;21FLPDEM_WQX-W1-B-19-03;21FLPDEM_WQX-W1-B-19-04;21FLPDEM_WQX-W1-B-19-06;21FLPDEM_WQX-W1-B-19-07;21FLPDEM_WQX-W1-B-19-08;21FLPDEM_WQX-W1-B-20-01;21FLPDEM_WQX-W1-B-20-03;21FLPDEM_WQX-W1-B-20-04;21FLPDEM_WQX-W1-B-20-07;21FLPDEM_WQX-W1-B-20-08;21FLPDEM_WQX-W1-B-21-01;21FLPDEM_WQX-W1-B-21-02;21FLPDEM_WQX-W1-B-21-03;21FLPDEM_WQX-W1-B-21-06;21FLPDEM_WQX-W1-B-21-08;21FLPDEM_WQX-W1-B-22-01;21FLPDEM_WQX-W1-B-22-02;21FLPDEM_WQX-W1-B-22-03;21FLPDEM_WQX-W1-B-22-04;21FLPDEM_WQX-W1-B-22-06;21FLPDEM_WQX-W1-B-22-07;21FLPDEM_WQX-W1-B-22-08;21FLPDEM_WQX-W1-B-23-01;21FLPDEM_WQX-W1-B-23-03;21FLPDEM_WQX-W1-B-23-04;21FLPDEM_WQX-W1-B-23-06;21FLPDEM_WQX-W1-B-24-01;21FLPDEM_WQX-W1-B-24-03;21FLPDEM_WQX-W1-B-24-05;21FLPDEM_WQX-W1-B-24-06;21FLPDEM_WQX-W1-B-24-08;21FLPDEM_WQX-W1-B-25-01;21FLPDEM_WQX-W1-B1-09-06;21FLPDEM_WQX-W1-B1-09-08;21FLPDEM_WQX-W1-B2-11-02;21FLPDEM_WQX-W1-C-09-06;21FLPDEM_WQX-W1-C-09-07;21FLPDEM_WQX-W1-C-09-08;21FLPDEM_WQX-W1-C-10-01;21FLPDEM_WQX-W1-C-10-02;21FLPDEM_WQX-W1-C-10-03;21FLPDEM_WQX-W1-C-10-05;21FLPDEM_WQX-W1-C-10-08;21FLPDEM_WQX-W1-C-11-03;21FLPDEM_WQX-W1-C-11-04;21FLPDEM_WQX-W1-C-11-05;21FLPDEM_WQX-W1-C-11-08;21FLPDEM_WQX-W1-C-12-01;21FLPDEM_WQX-W1-C-12-02;21FLPDEM_WQX-W1-C-12-04;21FLPDEM_WQX-W1-C-12-05;21FLPDEM_WQX-W1-C-12-06;21FLPDEM_WQX-W1-C-13-02;21FLPDEM_WQX-W1-C-13-03;21FLPDEM_WQX-W1-C-13-04;21FLPDEM_WQX-W1-C-13-05;21FLPDEM_WQX-W1-C-13-06;21FLPDEM_WQX-W1-C-14-01;21FLPDEM_WQX-W1-C-14-02;21FLPDEM_WQX-W1-C-14-03;21FLPDEM_WQX-W1-C-14-04;21FLPDEM_WQX-W1-C-14-07;21FLPDEM_WQX-W1-C-15-01;21FLPDEM_WQX-W1-C-15-02;21FLPDEM_WQX-W1-C-15-03;21FLPDEM_WQX-W1-C-15-04;21FLPDEM_WQX-W1-C-15-05;21FLPDEM_WQX-W1-C-15-06;21FLPDEM_WQX-W1-C-15-08;21FLPDEM_WQX-W1-C-16-01;21FLPDEM_WQX-W1-C-16-03;21FLPDEM_WQX-W1-C-16-04;21FLPDEM_WQX-W1-C-16-05;21FLPDEM_WQX-W1-C-16-07;21FLPDEM_WQX-W1-C-16-08;21FLPDEM_WQX-W1-C-17-01;21FLPDEM_WQX-W1-C-17-02;21FLPDEM_WQX-W1-C-17-03;21FLPDEM_WQX-W1-C-17-05;21FLPDEM_WQX-W1-C-17-07;21FLPDEM_WQX-W1-C-18-01;21FLPDEM_WQX-W1-C-18-03;21FLPDEM_WQX-W1-C-18-04;21FLPDEM_WQX-W1-C-18-05;21FLPDEM_WQX-W1-C-18-06;21FLPDEM_WQX-W1-C-18-08;21FLPDEM_WQX-W1-C-19-01;21FLPDEM_WQX-W1-C-19-03;21FLPDEM_WQX-W1-C-19-04;21FLPDEM_WQX-W1-C-19-05;21FLPDEM_WQX-W1-C-19-08;21FLPDEM_WQX-W1-C-20-03;21FLPDEM_WQX-W1-C-20-04;21FLPDEM_WQX-W1-C-20-05;21FLPDEM_WQX-W1-C-20-06;21FLPDEM_WQX-W1-C-20-07;21FLPDEM_WQX-W1-C-20-08;21FLPDEM_WQX-W1-C-21-02;21FLPDEM_WQX-W1-C-21-03;21FLPDEM_WQX-W1-C-21-04;21FLPDEM_WQX-W1-C-21-06;21FLPDEM_WQX-W1-C-21-07;21FLPDEM_WQX-W1-C-21-08;21FLPDEM_WQX-W1-C-22-02;21FLPDEM_WQX-W1-C-22-03;21FLPDEM_WQX-W1-C-22-06;21FLPDEM_WQX-W1-C-22-07;21FLPDEM_WQX-W1-C-23-01;21FLPDEM_WQX-W1-C-23-03;21FLPDEM_WQX-W1-C-23-04;21FLPDEM_WQX-W1-C-23-05;21FLPDEM_WQX-W1-C-23-06;21FLPDEM_WQX-W1-C-23-07;21FLPDEM_WQX-W1-C-23-08;21FLPDEM_WQX-W1-C-24-01;21FLPDEM_WQX-W1-C-24-04;21FLPDEM_WQX-W1-C-24-05;21FLPDEM_WQX-W1-C-24-06;21FLPDEM_WQX-W1-C-24-07;21FLPDEM_WQX-W1-C-24-08;21FLPDEM_WQX-W1-C-25-01;21FLPDEM_WQX-W1-D-09-06;21FLPDEM_WQX-W1-D-09-08;21FLPDEM_WQX-W1-D-10-01;21FLPDEM_WQX-W1-D-10-02;21FLPDEM_WQX-W1-D-10-03;21FLPDEM_WQX-W1-D-10-05;21FLPDEM_WQX-W1-D-10-06;21FLPDEM_WQX-W1-D-10-07;21FLPDEM_WQX-W1-D-10-08;21FLPDEM_WQX-W1-D-11-01;21FLPDEM_WQX-W1-D-11-02;21FLPDEM_WQX-W1-D-11-03;21FLPDEM_WQX-W1-D-11-04;21FLPDEM_WQX-W1-D-11-06;21FLPDEM_WQX-W1-D-11-07;21FLPDEM_WQX-W1-D-11-08;21FLPDEM_WQX-W1-D-12-01;21FLPDEM_WQX-W1-D-12-04;21FLPDEM_WQX-W1-D-12-05;21FLPDEM_WQX-W1-D-12-06;21FLPDEM_WQX-W1-D-12-08;21FLPDEM_WQX-W1-D-13-01;21FLPDEM_WQX-W1-D-13-03;21FLPDEM_WQX-W1-D-13-04;21FLPDEM_WQX-W1-D-13-05;21FLPDEM_WQX-W1-D-13-07;21FLPDEM_WQX-W1-D-13-08;21FLPDEM_WQX-W1-D-14-02;21FLPDEM_WQX-W1-D-14-03;21FLPDEM_WQX-W1-D-14-04;21FLPDEM_WQX-W1-D-14-05;21FLPDEM_WQX-W1-D-14-06;21FLPDEM_WQX-W1-D-14-07;21FLPDEM_WQX-W1-D-14-08;21FLPDEM_WQX-W1-D-15-01;21FLPDEM_WQX-W1-D-15-02;21FLPDEM_WQX-W1-D-15-03;21FLPDEM_WQX-W1-D-15-04;21FLPDEM_WQX-W1-D-15-05;21FLPDEM_WQX-W1-D-15-06;21FLPDEM_WQX-W1-D-15-08;21FLPDEM_WQX-W1-D-16-01;21FLPDEM_WQX-W1-D-16-02;21FLPDEM_WQX-W1-D-16-04;21FLPDEM_WQX-W1-D-16-06;21FLPDEM_WQX-W1-D-16-08;21FLPDEM_WQX-W1-D-17-01;21FLPDEM_WQX-W1-D-17-02;21FLPDEM_WQX-W1-D-17-03;21FLPDEM_WQX-W1-D-17-04;21FLPDEM_WQX-W1-D-17-07;21FLPDEM_WQX-W1-D-17-08;21FLPDEM_WQX-W1-D-18-01;21FLPDEM_WQX-W1-D-18-02;21FLPDEM_WQX-W1-D-18-03;21FLPDEM_WQX-W1-D-18-04;21FLPDEM_WQX-W1-D-18-05;21FLPDEM_WQX-W1-D-18-06;21FLPDEM_WQX-W1-D-18-07;21FLPDEM_WQX-W1-D-18-08;21FLPDEM_WQX-W1-D-19-02;21FLPDEM_WQX-W1-D-19-03;21FLPDEM_WQX-W1-D-19-04;21FLPDEM_WQX-W1-D-19-05;21FLPDEM_WQX-W1-D-19-07;21FLPDEM_WQX-W1-D-19-08;21FLPDEM_WQX-W1-D-20-02;21FLPDEM_WQX-W1-D-20-04;21FLPDEM_WQX-W1-D-20-07;21FLPDEM_WQX-W1-D-21-01;21FLPDEM_WQX-W1-D-21-02;21FLPDEM_WQX-W1-D-21-04;21FLPDEM_WQX-W1-D-21-05;21FLPDEM_WQX-W1-D-21-08;21FLPDEM_WQX-W1-D-22-01;21FLPDEM_WQX-W1-D-22-02;21FLPDEM_WQX-W1-D-22-03;21FLPDEM_WQX-W1-D-22-06;21FLPDEM_WQX-W1-D-23-02;21FLPDEM_WQX-W1-D-23-03;21FLPDEM_WQX-W1-D-23-04;21FLPDEM_WQX-W1-D-23-05;21FLPDEM_WQX-W1-D-23-06;21FLPDEM_WQX-W1-D-23-07;21FLPDEM_WQX-W1-D-24-03;21FLPDEM_WQX-W1-D-24-05;21FLPDEM_WQX-W1-D-24-06;21FLPDEM_WQX-W1-D-24-07;21FLPDEM_WQX-W1-D-24-08;21FLPDEM_WQX-W1-D-25-01;21FLSWFD_WQX-21106;21FLSWFD_WQX-21155;21FLSWFD_WQX-21164;21FLSWFD_WQX-22768;21FLSWFD_WQX-22774;21FLSWFD_WQX-22780;21FLSWFD_WQX-22782;21FLSWFD_WQX-22785;21FLSWFD_WQX-22788;21FLSWFD_WQX-977416;21FLTPA_WQX-24040031;21FLTPA_WQX-24040032;21FLTPA_WQX-24040033;21FLTPA_WQX-24040125;21FLTPA_WQX-280613508245044;21FLTPA_WQX-280642108245413;21FLTPA_WQX-280652708245456;21FLTPA_WQX-28065728245513;21FLTPA_WQX-28070228245552;21FLTPA_WQX-28070708246127;21FLTPA_WQX-28071158246059;21FLTPA_WQX-2808270824543;21FLTPA_WQX-2808320824553;21FLTPA_WQX-280845508245483;21FLTPA_WQX-28084578245354;21FLTPA_WQX-28084808245440;21FLTPA_WQX-2808520824616;21FLTPA_WQX-280859708245532;21FLTPA_WQX-2809100824615;21FLTPA_WQX-2809110824557;21FLTPA_WQX-28092808242080;21FLTPA_WQX-280929508245239;21FLTPA_WQX-28093408242240;21FLTPA_WQX-2809430824236;21FLTPA_WQX-28094388242383;21FLTPA_WQX-28094408242050;21FLTPA_WQX-28094608242180;21FLTPA_WQX-280950508244267;21FLTPA_WQX-G5SW0035;21FLTPA_WQX-G5SW0039;21FLTPA_WQX-G5SW0040;21FLTPA_WQX-G5SW0078;21FLTPA_WQX-G5SW0080;21FLTPA_WQX-G5SW0081;21FLTPA_WQX-G5SW0144;21FLTPA_WQX-G5SW0171;21FLTPA_WQX-G5SW0186;21FLTPA_WQX-HAB-SW-0046;21FLTPA_WQX-HAB-SW-0288;21FLTPA_WQX-HAB-SW-0306;21FLUFSW_WQX-PAS-ANC-6;21FLUFSW_WQX-PAS-ANC-7;NALMS-F292049;NARS_WQX-NLA_FL-10008;USGS-02307462;USGS-02307479;USGS-02309494;USGS-02309502;USGS-02310147;USGS-02310150;USGS-02310155;USGS-02310166;USGS-02310200;USGS-280442082463601;USGS-280453082442301;USGS-280455082461901;USGS-280456082461601;USGS-280505082463101;USGS-280513082460701;USGS-280519082464801;USGS-280520082462201;USGS-280522082462101;USGS-280535082464801;USGS-280552082462101;USGS-280554082461401;USGS-280556082432400;USGS-280557082462101;USGS-280601082455301;USGS-280601082455701;USGS-280601082460001;USGS-280601082460301;USGS-280601082460501;USGS-280601082460601;USGS-280601082461301;USGS-280601082461601;USGS-280602082453601;USGS-280603082454601;USGS-280603082455301;USGS-280603082461201;USGS-280604082442301;USGS-280604082461701;USGS-280606082461901;USGS-280607082461101;USGS-280608082461300;USGS-280611082455601;USGS-280611082455602;USGS-280611082461501;USGS-280612082461001;USGS-280613082460501;USGS-280614082462301;USGS-280614082462701;USGS-280616082442501;USGS-280616082452700;USGS-280616082453601;USGS-280616082454501;USGS-280616082455401;USGS-280616082460301;USGS-280616082460302;USGS-280616082460801;USGS-280616082461001;USGS-280617082453801;USGS-280618082454001;USGS-280618082461001;USGS-280618082461401;USGS-280618082462701;USGS-280619082451701;USGS-280619082454301;USGS-280619082454601;USGS-280619082454602;USGS-280619082454603;USGS-280619082455101;USGS-280619082461001;USGS-280620082461701;USGS-280622082454705;USGS-280622082455401;USGS-280622082460205;USGS-280622082460701;USGS-280622082460702;USGS-280623082445801;USGS-280623082454301;USGS-280623082460500;USGS-280623082460501;USGS-280624082453501;USGS-280624082461901;USGS-280625082453801;USGS-280625082453802;USGS-280625082453803;USGS-280625082453804;USGS-280628082445201;USGS-280628082450301;USGS-280628082450701;USGS-280628082452102;USGS-280628082452104;USGS-280628082452105;USGS-280628082460701;USGS-280629082454201;USGS-280629082454202;USGS-280629082454203;USGS-280629082454204;USGS-280629082454205;USGS-280629082454701;USGS-280629082460101;USGS-280630082415401;USGS-280630082454003;USGS-280630082454004;USGS-280630082454300;USGS-280630082455001;USGS-280630082455002;USGS-280630082455003;USGS-280631082454502;USGS-280631082454503;USGS-280631082454504;USGS-280631082454601;USGS-280631082455101;USGS-280631082461001;USGS-280632082450701;USGS-280632082452300;USGS-280632082455001;USGS-280632082455002;USGS-280632082455003;USGS-280633082432604;USGS-280633082452204;USGS-280633082452205;USGS-280633082452603;USGS-280633082452604;USGS-280633082452605;USGS-280633082454001;USGS-280633082454002;USGS-280633082454003;USGS-280633082461101;USGS-280634082453404;USGS-280634082453405;USGS-280634082453500;USGS-280635082450501;USGS-280635082450502;USGS-280635082450503;USGS-280635082452103;USGS-280635082452104;USGS-280635082452702;USGS-280635082452703;USGS-280635082452704;USGS-280635082452705;USGS-280635082453300;USGS-280636082451602;USGS-280636082451603;USGS-280636082451604;USGS-280636082451605;USGS-280636082460601;USGS-280636082460602;USGS-280637082450500;USGS-280637082454404;USGS-280637082461201;USGS-280638082452203;USGS-280638082452204;USGS-280638082452205;USGS-280639082451904;USGS-280639082451905;USGS-280639082452604;USGS-280639082452605;USGS-280639082452801;USGS-280639082454802;USGS-280640082434700;USGS-280640082454101;USGS-280640082454102;USGS-280640082455101;USGS-280641082450401;USGS-280641082452901;USGS-280641082454201;USGS-280641082460101;USGS-280642082450301;USGS-280642082454401;USGS-280642082454601;USGS-280642082454602;USGS-280642082455700;USGS-280642082460201;USGS-280642082462401;USGS-280644082453603;USGS-280645082452900;USGS-280645082452903;USGS-280645082455601;USGS-280646082453303;USGS-280646082453304;USGS-280646082453305;USGS-280647082461401;USGS-280647082461601;USGS-280648082453501;USGS-280649082453300;USGS-280649082461901;USGS-280650082453302;USGS-280650082453303;USGS-280650082453304;USGS-280651082454400;USGS-280652082455401;USGS-280652082455402;USGS-280652082460101;USGS-280652082461901;USGS-280653082460201;USGS-280657082460101;USGS-280659082450602;USGS-280701082450000;USGS-280702082460000;USGS-280703082450001;USGS-280712082414701;USGS-280717082454201;USGS-280720082454101;USGS-280730082431800;USGS-280733082405600;USGS-280734082442101;USGS-280747082452001;USGS-280749082451601;USGS-280753082411101;USGS-280753082411102;USGS-280753082465201;USGS-280754082433100;USGS-280806082435701;USGS-280820082450101;USGS-280825082425200;USGS-280825082440001;USGS-280826082401401;USGS-280827082401501;USGS-280840082413401;USGS-280843082451001;USGS-280846082414301;USGS-280847082414301;USGS-280847082440401;USGS-280847082440409;USGS-280850082401201;USGS-280850082401202;USGS-280850082432500;USGS-280851082401301;USGS-280852082414301;USGS-280859082405301;USGS-280859082455500;USGS-280902082400601;USGS-280904082400301;USGS-280904082400302;USGS-280905082402401;USGS-280905082402409;USGS-280905082402501;USGS-280905082402509;USGS-280907082424801;USGS-280907082424802;USGS-280919082395802;USGS-280924082433601;USGS-280925082461300;USGS-280926082452500;USGS-280927082452400;USGS-280933082445200;USGS-280935082450800;USGS-280938082461200;USGS-280942082411801;USGS-280942082463400;USGS-280947082442600;USGS-280948082415001;USGS-280949082442500;USGS-281001082463401;USGS-281007082434800;USGS-281019082405401;USGS-281020082395701;USGS-281020082405401;USGS-281021082460901;USGS-281022082415701;USGS-281022082420701,/home/kdd1/jliu/Water_Hub/Water_quality_data/wqp_result_zips/US_12/FL_pinellas_county_US_12_103_inorganics_major_metals_wqp_results.zip;/home/kdd1/jliu/Water_Hub/Water_quality_data/wqp_result_zips/US_12/FL_pinellas_county_US_12_103_physical_wqp_results.zip,nearest WQP station with priority analytes within 10 km; closer station USGS-281021082460901 at 0.76 km lacks the priority analytes
FL,PINELLAS,Clearwater #2,27.9617985649379,-82.8012514738256,City of Clearwater,Clearwater,Reverse osmosis,Drinking water,6.25,2015,Deep well injection,Groundwater,"total dissolved solids, iron, hardness",none,6.25,2.5,none,none,yes,2800-4500 (depends on well mix) mg/L TDS equivalent,"antiscalant, cartridge filters",180-190,80,none,none,none,surficial aquifer water,"ozone (for sulfide removal); chloramination, caustic, stabilization",design flaw led to early scaling with damage to some membranes; still using original membranes on the 1 skid that’s operating,sewer,none,FLORIDA FACILIITIES,15,matched,nearest_priority_station,1.015207,21FLTPA_WQX-27525778250447,TP206A-Boca Ciega Bay,Estuary,STORET,103,/home/kdd1/jliu/Water_Hub/Water_quality_data/wqp_result_zips/US_12/FL_pinellas_county_US_12_103_inorganics_major_metals_wqp_results.zip;/home/kdd1/jliu/Water_Hub/Water_quality_data/wqp_result_zips/US_12/FL_pinellas_county_US_12_103_physical_wqp_results.zip,/home/kdd1/jliu/Water_Hub/Water_quality_data/wqp_station_zips/US_12/FL_pinellas_county_US_12_103_inorganics_major_metals_wqp_stations.zip;/home/kdd1/jliu/Water_Hub/Water_quality_data/wqp_station_zips/US_12/FL_pinellas_county_US_12_103_physical_wqp_stations.zip,-82.81097220,27.95869440,,,2345,0.453845,21FLBRA-1574-A;21FLBRA-1574-B;21FLDUNE_WQX-SITE- 10;21FLDUNE_WQX-SITE- 12;21FLDUNE_WQX-SITE- 13;21FLDUNE_WQX-SITE- 2;21FLDUNE_WQX-SITE- 3;21FLDUNE_WQX-SITE- 8;21FLFMRI-WCC200326;21FLFMRI-WCC200327;21FLGW_WQX-18853;21FLGW_WQX-18866;21FLGW_WQX-21853;21FLGW_WQX-22076;21FLGW_WQX-34237;21FLGW_WQX-35423;21FLGW_WQX-35424;21FLGW_WQX-35431;21FLGW_WQX-35434;21FLGW_WQX-35435;21FLGW_WQX-35441;21FLGW_WQX-35443;21FLGW_WQX-35445;21FLGW_WQX-35504;21FLGW_WQX-35507;21FLGW_WQX-35509;21FLGW_WQX-35513;21FLGW_WQX-35620;21FLGW_WQX-35623;21FLGW_WQX-35629;21FLGW_WQX-35635;21FLGW_WQX-35637;21FLGW_WQX-35638;21FLGW_WQX-35645;21FLGW_WQX-37012;21FLGW_WQX-38312;21FLGW_WQX-40200;21FLGW_WQX-40802;21FLGW_WQX-40803;21FLGW_WQX-41619;21FLGW_WQX-41626;21FLGW_WQX-43834;21FLGW_WQX-44207;21FLGW_WQX-48208;21FLGW_WQX-58340;21FLGW_WQX-64638;21FLGW_WQX-65880;21FLGW_WQX-66396;21FLGW_WQX-7713;21FLGW_WQX-8028;21FLGW_WQX-897;21FLGW_WQX-898;21FLGW_WQX-904;21FLGW_WQX-948;21FLKWAT_WQX-PIN-BELLEVUE-1;21FLKWAT_WQX-PIN-CLEARVIEW-1;21FLKWAT_WQX-PIN-CLIFFSTE-1;21FLKWAT_WQX-PIN-SAUNDRA-1;21FLPDEM-09-03;21FLPDEM-14-02;21FLPDEM-14-09;21FLPDEM-14-10;21FLPDEM-14-11;21FLPDEM-14-12;21FLPDEM-15-04;21FLPDEM-17-01;21FLPDEM-17-03;21FLPDEM-18-03;21FLPDEM-18-06;21FLPDEM-19-02;21FLPDEM-19-05;21FLPDEM-19-07;21FLPDEM-19-08;21FLPDEM-19-09;21FLPDEM-19-10;21FLPDEM-19-11;21FLPDEM-22-01;21FLPDEM-22-05;21FLPDEM-22-07;21FLPDEM-22-08;21FLPDEM-22-09;21FLPDEM-22-12;21FLPDEM-22-14;21FLPDEM-22-15;21FLPDEM-25-02;21FLPDEM-27-03;21FLPDEM-27-08;21FLPDEM-27-09;21FLPDEM-27-10;21FLPDEM-AMB 09-1;21FLPDEM-AMB 10-1;21FLPDEM-AMB 14-10;21FLPDEM-AMB 14-2;21FLPDEM-AMB 15-1;21FLPDEM-AMB 17-1;21FLPDEM-AMB 17-2;21FLPDEM-AMB 18-1;21FLPDEM-AMB 19-1;21FLPDEM-AMB 19-2;21FLPDEM-AMB 19-3;21FLPDEM-AMB 19-4;21FLPDEM-AMB 19-5;21FLPDEM-AMB 19-6;21FLPDEM-AMB 21-1;21FLPDEM-AMB 22-5;21FLPDEM-AMB 25-2;21FLPDEM-AMB 26-10;21FLPDEM-AMB 26-7B;21FLPDEM-AMB 26-8;21FLPDEM-AMB 26-9B;21FLPDEM-AMB 27-1;21FLPDEM-AMB 27-2;21FLPDEM-AMB 27-3;21FLPDEM-AMB 27-8;21FLPDEM-AMB 54-1;21FLPDEM-AMB 54-2;21FLPDEM-AMB 54-3;21FLPDEM-AMB 54-4;21FLPDEM-AMB 55-1;21FLPDEM-AMB 55-2;21FLPDEM-AMB 55-3;21FLPDEM-AMB 56-2;21FLPDEM-AMB 63-1;21FLPDEM-E2-A-03-01;21FLPDEM-E2-A-03-02;21FLPDEM-E2-A-03-03;21FLPDEM-E2-A-03-06;21FLPDEM-E2-A-04-01;21FLPDEM-E2-A-04-02;21FLPDEM-E2-A-04-07;21FLPDEM-E2-A-04-08;21FLPDEM-E2-A-05-03;21FLPDEM-E2-A-05-06;21FLPDEM-E2-A-05-07;21FLPDEM-E2-A-05-09;21FLPDEM-E2-A-06-05;21FLPDEM-E2-A-06-06;21FLPDEM-E2-A-07-01;21FLPDEM-E2-A-07-08;21FLPDEM-E2-A-07-09;21FLPDEM-E2-A-08-06;21FLPDEM-E2-A-08-07;21FLPDEM-E2-A-09-01;21FLPDEM-E2-A-09-04;21FLPDEM-E2-A-09-05;21FLPDEM-E2-A1-04-03;21FLPDEM-E2-A1-07-05;21FLPDEM-E2-B-03-01;21FLPDEM-E2-B-03-02;21FLPDEM-E2-B-03-03;21FLPDEM-E2-B-03-05;21FLPDEM-E2-B-03-06;21FLPDEM-E2-B-03-09;21FLPDEM-E2-B-05-03;21FLPDEM-E2-B-05-04;21FLPDEM-E2-B-06-02;21FLPDEM-E2-B-06-03;21FLPDEM-E2-B-06-04;21FLPDEM-E2-B-06-05;21FLPDEM-E2-B-06-09;21FLPDEM-E2-B-07-04;21FLPDEM-E2-B-07-06;21FLPDEM-E2-B-07-07;21FLPDEM-E2-B-07-08;21FLPDEM-E2-B-08-01;21FLPDEM-E2-B-08-02;21FLPDEM-E2-B-08-07;21FLPDEM-E2-B-09-03;21FLPDEM-E2-B-09-04;21FLPDEM-E2-B2-07-02;21FLPDEM-E2-C-03-05;21FLPDEM-E2-C-03-06;21FLPDEM-E2-C-04-05;21FLPDEM-E2-C-04-06;21FLPDEM-E2-C-04-07;21FLPDEM-E2-C-04-09;21FLPDEM-E2-C-05-02;21FLPDEM-E2-C-05-03;21FLPDEM-E2-C-05-05;21FLPDEM-E2-C-05-07;21FLPDEM-E2-C-05-08;21FLPDEM-E2-C-05-09;21FLPDEM-E2-C-06-01;21FLPDEM-E2-C-06-03;21FLPDEM-E2-C-06-05;21FLPDEM-E2-C-06-06;21FLPDEM-E2-C-06-08;21FLPDEM-E2-C-07-03;21FLPDEM-E2-C-07-04;21FLPDEM-E2-C-07-09;21FLPDEM-E2-C-08-04;21FLPDEM-E2-C-08-05;21FLPDEM-E2-C-08-06;21FLPDEM-E2-C-08-08;21FLPDEM-E2-C-09-02;21FLPDEM-E2-C-09-03;21FLPDEM-E2-D-03-05;21FLPDEM-E2-D-03-06;21FLPDEM-E2-D-03-07;21FLPDEM-E2-D-04-02;21FLPDEM-E2-D-04-05;21FLPDEM-E2-D-04-06;21FLPDEM-E2-D-04-08;21FLPDEM-E2-D-05-01;21FLPDEM-E2-D-05-03;21FLPDEM-E2-D-05-06;21FLPDEM-E2-D-05-08;21FLPDEM-E2-D-06-02;21FLPDEM-E2-D-06-04;21FLPDEM-E2-D-07-02;21FLPDEM-E2-D-07-03;21FLPDEM-E2-D-07-05;21FLPDEM-E2-D-07-06;21FLPDEM-E2-D-07-07;21FLPDEM-E2-D-07-08;21FLPDEM-E2-D-08-01;21FLPDEM-E2-D-08-02;21FLPDEM-E2-D-08-04;21FLPDEM-E2-D-08-05;21FLPDEM-E2-D-08-06;21FLPDEM-E2-D-08-07;21FLPDEM-E2-D-08-08;21FLPDEM-E2-D-09-05;21FLPDEM-E2-D1-05-07;21FLPDEM-SA-A-03-01;21FLPDEM-SA-A-03-02;21FLPDEM-SA-A-03-05;21FLPDEM-SA-A-03-06;21FLPDEM-SA-A-03-09;21FLPDEM-SA-A-04-01;21FLPDEM-SA-A-04-02;21FLPDEM-SA-A-04-03;21FLPDEM-SA-A-04-04;21FLPDEM-SA-A-04-05;21FLPDEM-SA-A-04-07;21FLPDEM-SA-A-04-08;21FLPDEM-SA-A-04-09;21FLPDEM-SA-A-05-01;21FLPDEM-SA-A-05-05;21FLPDEM-SA-A-05-08;21FLPDEM-SA-A-06-01;21FLPDEM-SA-A-06-07;21FLPDEM-SA-A-06-09;21FLPDEM-SA-A-07-02;21FLPDEM-SA-A-07-03;21FLPDEM-SA-A-07-04;21FLPDEM-SA-A-07-05;21FLPDEM-SA-A-07-07;21FLPDEM-SA-A-08-01;21FLPDEM-SA-A-08-02;21FLPDEM-SA-A-08-03;21FLPDEM-SA-A-08-06;21FLPDEM-SA-A-08-07;21FLPDEM-SA-A-08-08;21FLPDEM-SA-A-09-01;21FLPDEM-SA-A-09-02;21FLPDEM-SA-A-09-05;21FLPDEM-SA-A1-03-03;21FLPDEM-SA-A1-05-09;21FLPDEM-SA-B-03-01;21FLPDEM-SA-B-03-03;21FLPDEM-SA-B-03-04;21FLPDEM-SA-B-03-06;21FLPDEM-SA-B-03-08;21FLPDEM-SA-B-03-09;21FLPDEM-SA-B-04-01;21FLPDEM-SA-B-04-02;21FLPDEM-SA-B-04-04;21FLPDEM-SA-B-04-06;21FLPDEM-SA-B-04-07;21FLPDEM-SA-B-04-09;21FLPDEM-SA-B-05-01;21FLPDEM-SA-B-05-03;21FLPDEM-SA-B-05-05;21FLPDEM-SA-B-05-06;21FLPDEM-SA-B-05-09;21FLPDEM-SA-B-06-01;21FLPDEM-SA-B-06-07;21FLPDEM-SA-B-06-08;21FLPDEM-SA-B-06-09;21FLPDEM-SA-B-07-02;21FLPDEM-SA-B-07-03;21FLPDEM-SA-B-07-04;21FLPDEM-SA-B-07-05;21FLPDEM-SA-B-07-06;21FLPDEM-SA-B-07-07;21FLPDEM-SA-B-07-08;21FLPDEM-SA-B-08-02;21FLPDEM-SA-B-08-03;21FLPDEM-SA-B-08-04;21FLPDEM-SA-B-08-05;21FLPDEM-SA-B-08-06;21FLPDEM-SA-B-09-01;21FLPDEM-SA-B-09-03;21FLPDEM-SA-B-09-04;21FLPDEM-SA-B-09-05;21FLPDEM-SA-B1-05-02;21FLPDEM-W2-A-03-01;21FLPDEM-W2-A-03-02;21FLPDEM-W2-A-03-03;21FLPDEM-W2-A-03-04;21FLPDEM-W2-A-03-05;21FLPDEM-W2-A-03-06;21FLPDEM-W2-A-03-07;21FLPDEM-W2-A-03-09;21FLPDEM-W2-A-04-01;21FLPDEM-W2-A-04-03;21FLPDEM-W2-A-04-04;21FLPDEM-W2-A-04-05;21FLPDEM-W2-A-04-06;21FLPDEM-W2-A-04-07;21FLPDEM-W2-A-04-08;21FLPDEM-W2-A-04-09;21FLPDEM-W2-A-05-01;21FLPDEM-W2-A-05-02;21FLPDEM-W2-A-05-03;21FLPDEM-W2-A-05-04;21FLPDEM-W2-A-05-05;21FLPDEM-W2-A-05-06;21FLPDEM-W2-A-05-08;21FLPDEM-W2-A-05-09;21FLPDEM-W2-A-06-01;21FLPDEM-W2-A-06-02;21FLPDEM-W2-A-06-03;21FLPDEM-W2-A-06-04;21FLPDEM-W2-A-06-05;21FLPDEM-W2-A-06-06;21FLPDEM-W2-A-06-07;21FLPDEM-W2-A-06-08;21FLPDEM-W2-A-07-01;21FLPDEM-W2-A-07-02;21FLPDEM-W2-A-07-03;21FLPDEM-W2-A-07-04;21FLPDEM-W2-A-07-05;21FLPDEM-W2-A-07-06;21FLPDEM-W2-A-07-07;21FLPDEM-W2-A-07-08;21FLPDEM-W2-A-08-01;21FLPDEM-W2-A-08-03;21FLPDEM-W2-A-08-04;21FLPDEM-W2-A-08-05;21FLPDEM-W2-A-08-06;21FLPDEM-W2-A-08-08;21FLPDEM-W2-A-09-02;21FLPDEM-W2-A-09-03;21FLPDEM-W2-A-09-04;21FLPDEM-W2-A1-04-02;21FLPDEM-W2-A1-06-09;21FLPDEM-W2-A2-05-07;21FLPDEM-W2-A3-07-09;21FLPDEM-W2-B-03-01;21FLPDEM-W2-B-03-02;21FLPDEM-W2-B-03-03;21FLPDEM-W2-B-03-05;21FLPDEM-W2-B-03-06;21FLPDEM-W2-B-03-07;21FLPDEM-W2-B-03-08;21FLPDEM-W2-B-03-09;21FLPDEM-W2-B-04-02;21FLPDEM-W2-B-04-03;21FLPDEM-W2-B-04-04;21FLPDEM-W2-B-04-05;21FLPDEM-W2-B-04-06;21FLPDEM-W2-B-04-07;21FLPDEM-W2-B-04-08;21FLPDEM-W2-B-04-09;21FLPDEM-W2-B-05-01;21FLPDEM-W2-B-05-02;21FLPDEM-W2-B-05-03;21FLPDEM-W2-B-05-04;21FLPDEM-W2-B-05-05;21FLPDEM-W2-B-05-06;21FLPDEM-W2-B-05-07;21FLPDEM-W2-B-05-08;21FLPDEM-W2-B-05-09;21FLPDEM-W2-B-06-01;21FLPDEM-W2-B-06-02;21FLPDEM-W2-B-06-03;21FLPDEM-W2-B-06-04;21FLPDEM-W2-B-06-06;21FLPDEM-W2-B-06-07;21FLPDEM-W2-B-06-08;21FLPDEM-W2-B-06-09;21FLPDEM-W2-B-07-01;21FLPDEM-W2-B-07-02;21FLPDEM-W2-B-07-03;21FLPDEM-W2-B-07-04;21FLPDEM-W2-B-07-05;21FLPDEM-W2-B-07-06;21FLPDEM-W2-B-07-07;21FLPDEM-W2-B-07-08;21FLPDEM-W2-B-08-02;21FLPDEM-W2-B-08-03;21FLPDEM-W2-B-08-04;21FLPDEM-W2-B-08-05;21FLPDEM-W2-B-08-06;21FLPDEM-W2-B-08-07;21FLPDEM-W2-B-08-08;21FLPDEM-W2-B-09-01;21FLPDEM-W2-B-09-02;21FLPDEM-W2-B-09-03;21FLPDEM-W2-B-09-04;21FLPDEM-W2-B-09-05;21FLPDEM-W2-B1-07-09;21FLPDEM-W2-C-03-02;21FLPDEM-W2-C-03-03;21FLPDEM-W2-C-03-04;21FLPDEM-W2-C-03-05;21FLPDEM-W2-C-03-06;21FLPDEM-W2-C-03-07;21FLPDEM-W2-C-03-08;21FLPDEM-W2-C-03-09;21FLPDEM-W2-C-04-01;21FLPDEM-W2-C-04-02;21FLPDEM-W2-C-04-05;21FLPDEM-W2-C-04-06;21FLPDEM-W2-C-04-07;21FLPDEM-W2-C-04-08;21FLPDEM-W2-C-04-09;21FLPDEM-W2-C-05-01;21FLPDEM-W2-C-05-02;21FLPDEM-W2-C-05-03;21FLPDEM-W2-C-05-04;21FLPDEM-W2-C-05-05;21FLPDEM-W2-C-05-06;21FLPDEM-W2-C-05-07;21FLPDEM-W2-C-05-08;21FLPDEM-W2-C-05-09;21FLPDEM-W2-C-06-01;21FLPDEM-W2-C-06-02;21FLPDEM-W2-C-06-03;21FLPDEM-W2-C-06-04;21FLPDEM-W2-C-06-05;21FLPDEM-W2-C-06-06;21FLPDEM-W2-C-06-07;21FLPDEM-W2-C-07-01;21FLPDEM-W2-C-07-02;21FLPDEM-W2-C-07-03;21FLPDEM-W2-C-07-04;21FLPDEM-W2-C-07-05;21FLPDEM-W2-C-07-06;21FLPDEM-W2-C-07-07;21FLPDEM-W2-C-07-08;21FLPDEM-W2-C-07-09;21FLPDEM-W2-C-08-01;21FLPDEM-W2-C-08-02;21FLPDEM-W2-C-08-03;21FLPDEM-W2-C-08-04;21FLPDEM-W2-C-08-05;21FLPDEM-W2-C-08-06;21FLPDEM-W2-C-08-07;21FLPDEM-W2-C-09-01;21FLPDEM-W2-C-09-02;21FLPDEM-W2-C-09-03;21FLPDEM-W2-C-09-04;21FLPDEM-W2-C-09-05;21FLPDEM-W2-D-03-01;21FLPDEM-W2-D-03-02;21FLPDEM-W2-D-03-03;21FLPDEM-W2-D-03-04;21FLPDEM-W2-D-03-06;21FLPDEM-W2-D-03-07;21FLPDEM-W2-D-03-09;21FLPDEM-W2-D-04-01;21FLPDEM-W2-D-04-02;21FLPDEM-W2-D-04-03;21FLPDEM-W2-D-04-04;21FLPDEM-W2-D-04-06;21FLPDEM-W2-D-04-07;21FLPDEM-W2-D-04-08;21FLPDEM-W2-D-04-09;21FLPDEM-W2-D-05-01;21FLPDEM-W2-D-05-02;21FLPDEM-W2-D-05-03;21FLPDEM-W2-D-05-04;21FLPDEM-W2-D-05-05;21FLPDEM-W2-D-05-06;21FLPDEM-W2-D-05-07;21FLPDEM-W2-D-05-08;21FLPDEM-W2-D-05-09;21FLPDEM-W2-D-06-01;21FLPDEM-W2-D-06-02;21FLPDEM-W2-D-06-03;21FLPDEM-W2-D-06-04;21FLPDEM-W2-D-06-05;21FLPDEM-W2-D-06-06;21FLPDEM-W2-D-06-07;21FLPDEM-W2-D-06-08;21FLPDEM-W2-D-07-01;21FLPDEM-W2-D-07-02;21FLPDEM-W2-D-07-03;21FLPDEM-W2-D-07-04;21FLPDEM-W2-D-07-05;21FLPDEM-W2-D-07-06;21FLPDEM-W2-D-07-07;21FLPDEM-W2-D-07-08;21FLPDEM-W2-D-07-09;21FLPDEM-W2-D-08-01;21FLPDEM-W2-D-08-02;21FLPDEM-W2-D-08-03;21FLPDEM-W2-D-08-04;21FLPDEM-W2-D-08-05;21FLPDEM-W2-D-08-06;21FLPDEM-W2-D-08-07;21FLPDEM-W2-D-08-08;21FLPDEM-W2-D-09-02;21FLPDEM-W2-D-09-03;21FLPDEM-W2-D-09-04;21FLPDEM-W2-D-09-05;21FLPDEM-W2-D1-03-05;21FLPDEM-W2-D1-04-05;21FLPDEM-W2-D1-06-09;21FLPDEM-W2-D2-03-08;21FLPDEM-W3-A-03-01;21FLPDEM-W3-A-03-02;21FLPDEM-W3-A-03-03;21FLPDEM-W3-A-03-04;21FLPDEM-W3-A-03-05;21FLPDEM-W3-A-03-06;21FLPDEM-W3-A-03-07;21FLPDEM-W3-A-03-08;21FLPDEM-W3-A-03-09;21FLPDEM-W3-A-04-01;21FLPDEM-W3-A-04-02;21FLPDEM-W3-A-04-03;21FLPDEM-W3-A-04-04;21FLPDEM-W3-A-04-05;21FLPDEM-W3-A-04-06;21FLPDEM-W3-A-04-07;21FLPDEM-W3-A-04-08;21FLPDEM-W3-A-04-09;21FLPDEM-W3-A-05-01;21FLPDEM-W3-A-05-02;21FLPDEM-W3-A-05-03;21FLPDEM-W3-A-05-04;21FLPDEM-W3-A-05-05;21FLPDEM-W3-A-05-06;21FLPDEM-W3-A-05-08;21FLPDEM-W3-A-05-09;21FLPDEM-W3-A-06-01;21FLPDEM-W3-A-06-02;21FLPDEM-W3-A-06-03;21FLPDEM-W3-A-06-04;21FLPDEM-W3-A-06-05;21FLPDEM-W3-A-06-06;21FLPDEM-W3-A-06-07;21FLPDEM-W3-A-06-08;21FLPDEM-W3-A-06-09;21FLPDEM-W3-A-07-01;21FLPDEM-W3-A-07-02;21FLPDEM-W3-A-07-03;21FLPDEM-W3-A-07-04;21FLPDEM-W3-A-07-05;21FLPDEM-W3-A-07-06;21FLPDEM-W3-A-07-07;21FLPDEM-W3-A-07-08;21FLPDEM-W3-A-07-09;21FLPDEM-W3-A-08-01;21FLPDEM-W3-A-08-02;21FLPDEM-W3-A-08-03;21FLPDEM-W3-A-08-04;21FLPDEM-W3-A-08-05;21FLPDEM-W3-A-08-06;21FLPDEM-W3-A-08-07;21FLPDEM-W3-A-08-08;21FLPDEM-W3-A-09-01;21FLPDEM-W3-A-09-02;21FLPDEM-W3-A-09-03;21FLPDEM-W3-A-09-04;21FLPDEM-W3-A1-05-07;21FLPDEM-W3-B-03-01;21FLPDEM-W3-B-03-02;21FLPDEM-W3-B-03-03;21FLPDEM-W3-B-03-04;21FLPDEM-W3-B-03-05;21FLPDEM-W3-B-03-06;21FLPDEM-W3-B-03-07;21FLPDEM-W3-B-03-08;21FLPDEM-W3-B-03-09;21FLPDEM-W3-B-04-01;21FLPDEM-W3-B-04-02;21FLPDEM-W3-B-04-03;21FLPDEM-W3-B-04-04;21FLPDEM-W3-B-04-05;21FLPDEM-W3-B-04-06;21FLPDEM-W3-B-04-07;21FLPDEM-W3-B-04-08;21FLPDEM-W3-B-04-09;21FLPDEM-W3-B-05-01;21FLPDEM-W3-B-05-02;21FLPDEM-W3-B-05-03;21FLPDEM-W3-B-05-04;21FLPDEM-W3-B-05-05;21FLPDEM-W3-B-05-06;21FLPDEM-W3-B-05-07;21FLPDEM-W3-B-05-08;21FLPDEM-W3-B-05-09;21FLPDEM-W3-B-06-01;21FLPDEM-W3-B-06-02;21FLPDEM-W3-B-06-03;21FLPDEM-W3-B-06-04;21FLPDEM-W3-B-06-06;21FLPDEM-W3-B-06-07;21FLPDEM-W3-B-06-08;21FLPDEM-W3-B-06-09;21FLPDEM-W3-B-07-01;21FLPDEM-W3-B-07-02;21FLPDEM-W3-B-07-03;21FLPDEM-W3-B-07-04;21FLPDEM-W3-B-07-05;21FLPDEM-W3-B-07-06;21FLPDEM-W3-B-07-07;21FLPDEM-W3-B-07-08;21FLPDEM-W3-B-07-09;21FLPDEM-W3-B-08-01;21FLPDEM-W3-B-08-02;21FLPDEM-W3-B-08-03;21FLPDEM-W3-B-08-04;21FLPDEM-W3-B-08-05;21FLPDEM-W3-B-08-06;21FLPDEM-W3-B-08-07;21FLPDEM-W3-B-08-08;21FLPDEM-W3-B-09-01;21FLPDEM-W3-B-09-02;21FLPDEM-W3-B-09-03;21FLPDEM-W3-B-09-04;21FLPDEM-W3-B1-09-05;21FLPDEM-W3-C-03-01;21FLPDEM-W3-C-03-02;21FLPDEM-W3-C-03-03;21FLPDEM-W3-C-03-04;21FLPDEM-W3-C-03-06;21FLPDEM-W3-C-03-07;21FLPDEM-W3-C-03-09;21FLPDEM-W3-C-04-01;21FLPDEM-W3-C-04-02;21FLPDEM-W3-C-04-03;21FLPDEM-W3-C-04-04;21FLPDEM-W3-C-04-05;21FLPDEM-W3-C-04-06;21FLPDEM-W3-C-04-07;21FLPDEM-W3-C-04-08;21FLPDEM-W3-C-04-09;21FLPDEM-W3-C-05-01;21FLPDEM-W3-C-05-02;21FLPDEM-W3-C-05-03;21FLPDEM-W3-C-05-04;21FLPDEM-W3-C-05-05;21FLPDEM-W3-C-05-06;21FLPDEM-W3-C-05-07;21FLPDEM-W3-C-05-08;21FLPDEM-W3-C-05-09;21FLPDEM-W3-C-06-01;21FLPDEM-W3-C-06-02;21FLPDEM-W3-C-06-03;21FLPDEM-W3-C-06-04;21FLPDEM-W3-C-06-05;21FLPDEM-W3-C-06-07;21FLPDEM-W3-C-06-08;21FLPDEM-W3-C-06-09;21FLPDEM-W3-C-07-01;21FLPDEM-W3-C-07-02;21FLPDEM-W3-C-07-03;21FLPDEM-W3-C-07-04;21FLPDEM-W3-C-07-05;21FLPDEM-W3-C-07-06;21FLPDEM-W3-C-07-07;21FLPDEM-W3-C-07-08;21FLPDEM-W3-C-07-09;21FLPDEM-W3-C-08-01;21FLPDEM-W3-C-08-02;21FLPDEM-W3-C-08-03;21FLPDEM-W3-C-08-04;21FLPDEM-W3-C-08-05;21FLPDEM-W3-C-08-06;21FLPDEM-W3-C-08-07;21FLPDEM-W3-C-08-08;21FLPDEM-W3-C-09-01;21FLPDEM-W3-C-09-02;21FLPDEM-W3-C-09-03;21FLPDEM-W3-C-09-04;21FLPDEM-W3-C-09-05;21FLPDEM-W3-C1-03-08;21FLPDEM-W3-C1-06-06;21FLPDEM-W3-D-03-01;21FLPDEM-W3-D-03-02;21FLPDEM-W3-D-03-03;21FLPDEM-W3-D-03-04;21FLPDEM-W3-D-03-05;21FLPDEM-W3-D-03-06;21FLPDEM-W3-D-03-07;21FLPDEM-W3-D-03-08;21FLPDEM-W3-D-03-09;21FLPDEM-W3-D-04-01;21FLPDEM-W3-D-04-02;21FLPDEM-W3-D-04-03;21FLPDEM-W3-D-04-04;21FLPDEM-W3-D-04-05;21FLPDEM-W3-D-04-06;21FLPDEM-W3-D-04-07;21FLPDEM-W3-D-04-08;21FLPDEM-W3-D-04-09;21FLPDEM-W3-D-05-01;21FLPDEM-W3-D-05-02;21FLPDEM-W3-D-05-03;21FLPDEM-W3-D-05-04;21FLPDEM-W3-D-05-05;21FLPDEM-W3-D-05-06;21FLPDEM-W3-D-05-07;21FLPDEM-W3-D-05-08;21FLPDEM-W3-D-05-09;21FLPDEM-W3-D-06-01;21FLPDEM-W3-D-06-02;21FLPDEM-W3-D-06-03;21FLPDEM-W3-D-06-04;21FLPDEM-W3-D-06-05;21FLPDEM-W3-D-06-06;21FLPDEM-W3-D-06-07;21FLPDEM-W3-D-06-08;21FLPDEM-W3-D-07-01;21FLPDEM-W3-D-07-02;21FLPDEM-W3-D-07-03;21FLPDEM-W3-D-07-04;21FLPDEM-W3-D-07-05;21FLPDEM-W3-D-07-06;21FLPDEM-W3-D-07-07;21FLPDEM-W3-D-07-08;21FLPDEM-W3-D-07-09;21FLPDEM-W3-D-08-01;21FLPDEM-W3-D-08-02;21FLPDEM-W3-D-08-03;21FLPDEM-W3-D-08-04;21FLPDEM-W3-D-08-05;21FLPDEM-W3-D-08-06;21FLPDEM-W3-D-08-07;21FLPDEM-W3-D-08-08;21FLPDEM-W3-D-09-01;21FLPDEM-W3-D-09-02;21FLPDEM-W3-D-09-03;21FLPDEM-W3-D-09-04;21FLPDEM-W3-D-09-05;21FLPDEM-W3-D1-06-09;21FLPDEM_WQX-09-02;21FLPDEM_WQX-09-03;21FLPDEM_WQX-10-07;21FLPDEM_WQX-10-08;21FLPDEM_WQX-10-10;21FLPDEM_WQX-13-04;21FLPDEM_WQX-14-02;21FLPDEM_WQX-14-09;21FLPDEM_WQX-14-10;21FLPDEM_WQX-14-11;21FLPDEM_WQX-14-12;21FLPDEM_WQX-14-3A-10-00;21FLPDEM_WQX-14-4A-10-00;21FLPDEM_WQX-15-04;21FLPDEM_WQX-17-01;21FLPDEM_WQX-17-03;21FLPDEM_WQX-18-06;21FLPDEM_WQX-19-02;21FLPDEM_WQX-19-07;21FLPDEM_WQX-19-08;21FLPDEM_WQX-19-09;21FLPDEM_WQX-19-10;21FLPDEM_WQX-19-11;21FLPDEM_WQX-19-12;21FLPDEM_WQX-19-13;21FLPDEM_WQX-19-14;21FLPDEM_WQX-19-15;21FLPDEM_WQX-22-01;21FLPDEM_WQX-22-12;21FLPDEM_WQX-22-13;21FLPDEM_WQX-22-14;21FLPDEM_WQX-22-15;21FLPDEM_WQX-22-16;21FLPDEM_WQX-25-02;21FLPDEM_WQX-25-08;21FLPDEM_WQX-27-01;21FLPDEM_WQX-27-03;21FLPDEM_WQX-27-08;21FLPDEM_WQX-27-09;21FLPDEM_WQX-27-10;21FLPDEM_WQX-27-11;21FLPDEM_WQX-27-14;21FLPDEM_WQX-27-15;21FLPDEM_WQX-E2-A-09-06;21FLPDEM_WQX-E2-A-09-07;21FLPDEM_WQX-E2-A-09-08;21FLPDEM_WQX-E2-A-10-02;21FLPDEM_WQX-E2-A-10-03;21FLPDEM_WQX-E2-A-10-04;21FLPDEM_WQX-E2-A-10-05;21FLPDEM_WQX-E2-A-10-07;21FLPDEM_WQX-E2-A-11-01;21FLPDEM_WQX-E2-A-11-02;21FLPDEM_WQX-E2-A-11-03;21FLPDEM_WQX-E2-A-11-04;21FLPDEM_WQX-E2-A-11-05;21FLPDEM_WQX-E2-A-12-01;21FLPDEM_WQX-E2-A-12-04;21FLPDEM_WQX-E2-A-12-08;21FLPDEM_WQX-E2-A-13-02;21FLPDEM_WQX-E2-A-13-05;21FLPDEM_WQX-E2-A-13-06;21FLPDEM_WQX-E2-A-13-07;21FLPDEM_WQX-E2-A-14-01;21FLPDEM_WQX-E2-A-14-02;21FLPDEM_WQX-E2-A-14-05;21FLPDEM_WQX-E2-A-15-01;21FLPDEM_WQX-E2-A-15-03;21FLPDEM_WQX-E2-A-15-06;21FLPDEM_WQX-E2-A-15-08;21FLPDEM_WQX-E2-A-16-01;21FLPDEM_WQX-E2-A-16-02;21FLPDEM_WQX-E2-A-16-04;21FLPDEM_WQX-E2-A-16-05;21FLPDEM_WQX-E2-A-16-06;21FLPDEM_WQX-E2-A-17-01;21FLPDEM_WQX-E2-A-17-02;21FLPDEM_WQX-E2-A-17-04;21FLPDEM_WQX-E2-A-17-06;21FLPDEM_WQX-E2-A-18-03;21FLPDEM_WQX-E2-A-18-07;21FLPDEM_WQX-E2-A-19-01;21FLPDEM_WQX-E2-A-19-04;21FLPDEM_WQX-E2-A-19-05;21FLPDEM_WQX-E2-A-19-06;21FLPDEM_WQX-E2-A-19-07;21FLPDEM_WQX-E2-A-19-08;21FLPDEM_WQX-E2-A-20-02;21FLPDEM_WQX-E2-A-20-07;21FLPDEM_WQX-E2-A-21-02;21FLPDEM_WQX-E2-A-21-05;21FLPDEM_WQX-E2-A-21-07;21FLPDEM_WQX-E2-A-21-08;21FLPDEM_WQX-E2-A-22-01;21FLPDEM_WQX-E2-A-22-04;21FLPDEM_WQX-E2-A-22-05;21FLPDEM_WQX-E2-A-22-06;21FLPDEM_WQX-E2-A-22-07;21FLPDEM_WQX-E2-A-23-02;21FLPDEM_WQX-E2-A-23-03;21FLPDEM_WQX-E2-A-23-07;21FLPDEM_WQX-E2-A-23-08;21FLPDEM_WQX-E2-A-24-07;21FLPDEM_WQX-E2-A-24-08;21FLPDEM_WQX-E2-B-09-07;21FLPDEM_WQX-E2-B-10-01;21FLPDEM_WQX-E2-B-10-03;21FLPDEM_WQX-E2-B-10-07;21FLPDEM_WQX-E2-B-11-03;21FLPDEM_WQX-E2-B-11-04;21FLPDEM_WQX-E2-B-11-07;21FLPDEM_WQX-E2-B-12-05;21FLPDEM_WQX-E2-B-12-07;21FLPDEM_WQX-E2-B-12-08;21FLPDEM_WQX-E2-B-13-02;21FLPDEM_WQX-E2-B-13-04;21FLPDEM_WQX-E2-B-13-07;21FLPDEM_WQX-E2-B-14-02;21FLPDEM_WQX-E2-B-14-03;21FLPDEM_WQX-E2-B-14-04;21FLPDEM_WQX-E2-B-14-05;21FLPDEM_WQX-E2-B-15-01;21FLPDEM_WQX-E2-B-16-02;21FLPDEM_WQX-E2-B-16-03;21FLPDEM_WQX-E2-B-16-05;21FLPDEM_WQX-E2-B-16-06;21FLPDEM_WQX-E2-B-16-08;21FLPDEM_WQX-E2-B-17-04;21FLPDEM_WQX-E2-B-17-05;21FLPDEM_WQX-E2-B-18-01;21FLPDEM_WQX-E2-B-18-03;21FLPDEM_WQX-E2-B-18-08;21FLPDEM_WQX-E2-B-19-02;21FLPDEM_WQX-E2-B-19-04;21FLPDEM_WQX-E2-B-19-06;21FLPDEM_WQX-E2-B-19-07;21FLPDEM_WQX-E2-B-20-01;21FLPDEM_WQX-E2-B-20-04;21FLPDEM_WQX-E2-B-20-05;21FLPDEM_WQX-E2-B-20-06;21FLPDEM_WQX-E2-B-21-03;21FLPDEM_WQX-E2-B-21-04;21FLPDEM_WQX-E2-B-21-06;21FLPDEM_WQX-E2-B-21-07;21FLPDEM_WQX-E2-B-22-01;21FLPDEM_WQX-E2-B-22-02;21FLPDEM_WQX-E2-B-22-03;21FLPDEM_WQX-E2-B-22-04;21FLPDEM_WQX-E2-B-22-07;21FLPDEM_WQX-E2-B-22-08;21FLPDEM_WQX-E2-B-23-01;21FLPDEM_WQX-E2-B-23-02;21FLPDEM_WQX-E2-B-23-03;21FLPDEM_WQX-E2-B-23-07;21FLPDEM_WQX-E2-B-24-01;21FLPDEM_WQX-E2-B-24-03;21FLPDEM_WQX-E2-B-24-04;21FLPDEM_WQX-E2-B-24-05;21FLPDEM_WQX-E2-B-24-06;21FLPDEM_WQX-E2-B-24-08;21FLPDEM_WQX-E2-C-10-02;21FLPDEM_WQX-E2-C-10-03;21FLPDEM_WQX-E2-C-10-04;21FLPDEM_WQX-E2-C-10-06;21FLPDEM_WQX-E2-C-10-08;21FLPDEM_WQX-E2-C-11-02;21FLPDEM_WQX-E2-C-11-08;21FLPDEM_WQX-E2-C-12-03;21FLPDEM_WQX-E2-C-12-06;21FLPDEM_WQX-E2-C-12-08;21FLPDEM_WQX-E2-C-13-03;21FLPDEM_WQX-E2-C-14-01;21FLPDEM_WQX-E2-C-14-03;21FLPDEM_WQX-E2-C-14-08;21FLPDEM_WQX-E2-C-15-01;21FLPDEM_WQX-E2-C-15-02;21FLPDEM_WQX-E2-C-15-03;21FLPDEM_WQX-E2-C-15-04;21FLPDEM_WQX-E2-C-15-08;21FLPDEM_WQX-E2-C-16-05;21FLPDEM_WQX-E2-C-17-01;21FLPDEM_WQX-E2-C-17-02;21FLPDEM_WQX-E2-C-17-04;21FLPDEM_WQX-E2-C-17-05;21FLPDEM_WQX-E2-C-17-06;21FLPDEM_WQX-E2-C-17-07;21FLPDEM_WQX-E2-C-18-04;21FLPDEM_WQX-E2-C-18-05;21FLPDEM_WQX-E2-C-18-06;21FLPDEM_WQX-E2-C-18-08;21FLPDEM_WQX-E2-C-19-01;21FLPDEM_WQX-E2-C-19-03;21FLPDEM_WQX-E2-C-19-05;21FLPDEM_WQX-E2-C-19-08;21FLPDEM_WQX-E2-C-20-01;21FLPDEM_WQX-E2-C-20-02;21FLPDEM_WQX-E2-C-20-04;21FLPDEM_WQX-E2-C-20-07;21FLPDEM_WQX-E2-C-20-08;21FLPDEM_WQX-E2-C-21-03;21FLPDEM_WQX-E2-C-21-04;21FLPDEM_WQX-E2-C-21-05;21FLPDEM_WQX-E2-C-21-07;21FLPDEM_WQX-E2-C-22-02;21FLPDEM_WQX-E2-C-22-04;21FLPDEM_WQX-E2-C-22-05;21FLPDEM_WQX-E2-C-22-08;21FLPDEM_WQX-E2-C-23-01;21FLPDEM_WQX-E2-C-24-02;21FLPDEM_WQX-E2-C-24-03;21FLPDEM_WQX-E2-C-24-05;21FLPDEM_WQX-E2-C-24-06;21FLPDEM_WQX-E2-C-24-07;21FLPDEM_WQX-E2-D-09-08;21FLPDEM_WQX-E2-D-10-04;21FLPDEM_WQX-E2-D-10-05;21FLPDEM_WQX-E2-D-10-07;21FLPDEM_WQX-E2-D-10-08;21FLPDEM_WQX-E2-D-11-08;21FLPDEM_WQX-E2-D-12-02;21FLPDEM_WQX-E2-D-12-03;21FLPDEM_WQX-E2-D-12-04;21FLPDEM_WQX-E2-D-12-08;21FLPDEM_WQX-E2-D-13-01;21FLPDEM_WQX-E2-D-13-02;21FLPDEM_WQX-E2-D-13-07;21FLPDEM_WQX-E2-D-13-08;21FLPDEM_WQX-E2-D-14-01;21FLPDEM_WQX-E2-D-14-06;21FLPDEM_WQX-E2-D-15-01;21FLPDEM_WQX-E2-D-15-04;21FLPDEM_WQX-E2-D-15-06;21FLPDEM_WQX-E2-D-15-08;21FLPDEM_WQX-E2-D-16-02;21FLPDEM_WQX-E2-D-16-03;21FLPDEM_WQX-E2-D-16-07;21FLPDEM_WQX-E2-D-16-08;21FLPDEM_WQX-E2-D-17-03;21FLPDEM_WQX-E2-D-17-05;21FLPDEM_WQX-E2-D-17-06;21FLPDEM_WQX-E2-D-17-07;21FLPDEM_WQX-E2-D-18-01;21FLPDEM_WQX-E2-D-18-04;21FLPDEM_WQX-E2-D-18-07;21FLPDEM_WQX-E2-D-18-08;21FLPDEM_WQX-E2-D-19-03;21FLPDEM_WQX-E2-D-19-07;21FLPDEM_WQX-E2-D-20-02;21FLPDEM_WQX-E2-D-20-05;21FLPDEM_WQX-E2-D-20-06;21FLPDEM_WQX-E2-D-20-07;21FLPDEM_WQX-E2-D-21-02;21FLPDEM_WQX-E2-D-21-03;21FLPDEM_WQX-E2-D-21-04;21FLPDEM_WQX-E2-D-21-06;21FLPDEM_WQX-E2-D-21-07;21FLPDEM_WQX-E2-D-21-08;21FLPDEM_WQX-E2-D-22-05;21FLPDEM_WQX-E2-D-23-01;21FLPDEM_WQX-E2-D-23-02;21FLPDEM_WQX-E2-D-23-04;21FLPDEM_WQX-E2-D-23-05;21FLPDEM_WQX-E2-D-24-03;21FLPDEM_WQX-E2-D-24-04;21FLPDEM_WQX-E2-D-24-05;21FLPDEM_WQX-E2-D-24-07;21FLPDEM_WQX-SA-A-10-01;21FLPDEM_WQX-SA-A-10-02;21FLPDEM_WQX-SA-A-10-04;21FLPDEM_WQX-SA-A-10-05;21FLPDEM_WQX-SA-A-10-06;21FLPDEM_WQX-SA-A-10-07;21FLPDEM_WQX-SA-A-11-01;21FLPDEM_WQX-SA-A-11-02;21FLPDEM_WQX-SA-A-11-03;21FLPDEM_WQX-SA-A-11-04;21FLPDEM_WQX-SA-A-11-07;21FLPDEM_WQX-SA-A-12-03;21FLPDEM_WQX-SA-A-12-04;21FLPDEM_WQX-SA-A-12-05;21FLPDEM_WQX-SA-A-12-07;21FLPDEM_WQX-SA-A-12-08;21FLPDEM_WQX-SA-A-13-01;21FLPDEM_WQX-SA-A-13-02;21FLPDEM_WQX-SA-A-13-04;21FLPDEM_WQX-SA-A-13-05;21FLPDEM_WQX-SA-A-13-06;21FLPDEM_WQX-SA-A-13-08;21FLPDEM_WQX-SA-A-14-01;21FLPDEM_WQX-SA-A-14-02;21FLPDEM_WQX-SA-A-14-03;21FLPDEM_WQX-SA-A-14-05;21FLPDEM_WQX-SA-A-14-06;21FLPDEM_WQX-SA-A-14-07;21FLPDEM_WQX-SA-A-14-08;21FLPDEM_WQX-SA-A-15-02;21FLPDEM_WQX-SA-A-15-03;21FLPDEM_WQX-SA-A-15-04;21FLPDEM_WQX-SA-A-15-06;21FLPDEM_WQX-SA-A-15-07;21FLPDEM_WQX-SA-A-15-08;21FLPDEM_WQX-SA-A-16-02;21FLPDEM_WQX-SA-A-16-03;21FLPDEM_WQX-SA-A-16-05;21FLPDEM_WQX-SA-A-16-06;21FLPDEM_WQX-SA-A-17-01;21FLPDEM_WQX-SA-A-17-03;21FLPDEM_WQX-SA-A-17-04;21FLPDEM_WQX-SA-A-17-05;21FLPDEM_WQX-SA-A-17-06;21FLPDEM_WQX-SA-A-18-01;21FLPDEM_WQX-SA-A-18-03;21FLPDEM_WQX-SA-A-18-04;21FLPDEM_WQX-SA-A-18-05;21FLPDEM_WQX-SA-A-18-06;21FLPDEM_WQX-SA-A-18-07;21FLPDEM_WQX-SA-A-19-01;21FLPDEM_WQX-SA-A-19-03;21FLPDEM_WQX-SA-A-19-04;21FLPDEM_WQX-SA-A-19-05;21FLPDEM_WQX-SA-A-19-06;21FLPDEM_WQX-SA-A-19-07;21FLPDEM_WQX-SA-A-20-01;21FLPDEM_WQX-SA-A-20-02;21FLPDEM_WQX-SA-A-20-04;21FLPDEM_WQX-SA-A-20-06;21FLPDEM_WQX-SA-A-20-07;21FLPDEM_WQX-SA-A-20-08;21FLPDEM_WQX-SA-A-21-01;21FLPDEM_WQX-SA-A-21-02;21FLPDEM_WQX-SA-A-21-03;21FLPDEM_WQX-SA-A-21-05;21FLPDEM_WQX-SA-A-21-06;21FLPDEM_WQX-SA-A-21-08;21FLPDEM_WQX-SA-A-22-01;21FLPDEM_WQX-SA-A-22-03;21FLPDEM_WQX-SA-A-22-04;21FLPDEM_WQX-SA-A-22-06;21FLPDEM_WQX-SA-A-22-07;21FLPDEM_WQX-SA-A-23-01;21FLPDEM_WQX-SA-A-23-03;21FLPDEM_WQX-SA-A-23-04;21FLPDEM_WQX-SA-A-23-05;21FLPDEM_WQX-SA-A-23-06;21FLPDEM_WQX-SA-A-24-02;21FLPDEM_WQX-SA-A-24-05;21FLPDEM_WQX-SA-A-24-06;21FLPDEM_WQX-SA-B-09-06;21FLPDEM_WQX-SA-B-09-07;21FLPDEM_WQX-SA-B-09-08;21FLPDEM_WQX-SA-B-10-02;21FLPDEM_WQX-SA-B-10-03;21FLPDEM_WQX-SA-B-10-04;21FLPDEM_WQX-SA-B-10-05;21FLPDEM_WQX-SA-B-10-06;21FLPDEM_WQX-SA-B-10-07;21FLPDEM_WQX-SA-B-11-02;21FLPDEM_WQX-SA-B-11-03;21FLPDEM_WQX-SA-B-11-04;21FLPDEM_WQX-SA-B-11-07;21FLPDEM_WQX-SA-B-11-08;21FLPDEM_WQX-SA-B-12-01;21FLPDEM_WQX-SA-B-12-03;21FLPDEM_WQX-SA-B-12-06;21FLPDEM_WQX-SA-B-12-07;21FLPDEM_WQX-SA-B-12-08;21FLPDEM_WQX-SA-B-13-02;21FLPDEM_WQX-SA-B-13-04;21FLPDEM_WQX-SA-B-13-06;21FLPDEM_WQX-SA-B-13-07;21FLPDEM_WQX-SA-B-13-08;21FLPDEM_WQX-SA-B-14-01;21FLPDEM_WQX-SA-B-14-04;21FLPDEM_WQX-SA-B-14-05;21FLPDEM_WQX-SA-B-14-06;21FLPDEM_WQX-SA-B-14-08;21FLPDEM_WQX-SA-B-15-01;21FLPDEM_WQX-SA-B-15-02;21FLPDEM_WQX-SA-B-15-03;21FLPDEM_WQX-SA-B-15-04;21FLPDEM_WQX-SA-B-15-07;21FLPDEM_WQX-SA-B-15-08;21FLPDEM_WQX-SA-B-16-01;21FLPDEM_WQX-SA-B-16-02;21FLPDEM_WQX-SA-B-16-03;21FLPDEM_WQX-SA-B-16-06;21FLPDEM_WQX-SA-B-16-08;21FLPDEM_WQX-SA-B-17-01;21FLPDEM_WQX-SA-B-17-03;21FLPDEM_WQX-SA-B-17-04;21FLPDEM_WQX-SA-B-17-05;21FLPDEM_WQX-SA-B-17-06;21FLPDEM_WQX-SA-B-17-08;21FLPDEM_WQX-SA-B-18-01;21FLPDEM_WQX-SA-B-18-02;21FLPDEM_WQX-SA-B-18-03;21FLPDEM_WQX-SA-B-18-04;21FLPDEM_WQX-SA-B-18-06;21FLPDEM_WQX-SA-B-19-03;21FLPDEM_WQX-SA-B-19-04;21FLPDEM_WQX-SA-B-19-05;21FLPDEM_WQX-SA-B-19-06;21FLPDEM_WQX-SA-B-19-07;21FLPDEM_WQX-SA-B-20-01;21FLPDEM_WQX-SA-B-20-02;21FLPDEM_WQX-SA-B-20-04;21FLPDEM_WQX-SA-B-20-07;21FLPDEM_WQX-SA-B-20-08;21FLPDEM_WQX-SA-B-21-02;21FLPDEM_WQX-SA-B-21-03;21FLPDEM_WQX-SA-B-21-04;21FLPDEM_WQX-SA-B-21-07;21FLPDEM_WQX-SA-B-21-08;21FLPDEM_WQX-SA-B-22-01;21FLPDEM_WQX-SA-B-22-03;21FLPDEM_WQX-SA-B-22-04;21FLPDEM_WQX-SA-B-22-05;21FLPDEM_WQX-SA-B-22-08;21FLPDEM_WQX-SA-B-23-01;21FLPDEM_WQX-SA-B-23-03;21FLPDEM_WQX-SA-B-23-04;21FLPDEM_WQX-SA-B-23-05;21FLPDEM_WQX-SA-B-23-06;21FLPDEM_WQX-SA-B-23-08;21FLPDEM_WQX-SA-B-24-01;21FLPDEM_WQX-SA-B-24-03;21FLPDEM_WQX-SA-B-24-04;21FLPDEM_WQX-SA-B-24-06;21FLPDEM_WQX-SA-B-25-01;21FLPDEM_WQX-SB-A-16-04;21FLPDEM_WQX-SB-B-16-04;21FLPDEM_WQX-W2-A-09-06;21FLPDEM_WQX-W2-A-09-07;21FLPDEM_WQX-W2-A-09-08;21FLPDEM_WQX-W2-A-10-01;21FLPDEM_WQX-W2-A-10-02;21FLPDEM_WQX-W2-A-10-03;21FLPDEM_WQX-W2-A-10-04;21FLPDEM_WQX-W2-A-10-05;21FLPDEM_WQX-W2-A-10-06;21FLPDEM_WQX-W2-A-10-07;21FLPDEM_WQX-W2-A-10-08;21FLPDEM_WQX-W2-A-11-01;21FLPDEM_WQX-W2-A-11-02;21FLPDEM_WQX-W2-A-11-03;21FLPDEM_WQX-W2-A-11-04;21FLPDEM_WQX-W2-A-11-05;21FLPDEM_WQX-W2-A-12-01;21FLPDEM_WQX-W2-A-12-02;21FLPDEM_WQX-W2-A-12-03;21FLPDEM_WQX-W2-A-12-04;21FLPDEM_WQX-W2-A-12-05;21FLPDEM_WQX-W2-A-12-06;21FLPDEM_WQX-W2-A-12-07;21FLPDEM_WQX-W2-A-12-08;21FLPDEM_WQX-W2-A-13-01;21FLPDEM_WQX-W2-A-13-02;21FLPDEM_WQX-W2-A-13-03;21FLPDEM_WQX-W2-A-13-04;21FLPDEM_WQX-W2-A-13-05;21FLPDEM_WQX-W2-A-13-06;21FLPDEM_WQX-W2-A-13-07;21FLPDEM_WQX-W2-A-13-08;21FLPDEM_WQX-W2-A-14-01;21FLPDEM_WQX-W2-A-14-02;21FLPDEM_WQX-W2-A-14-03;21FLPDEM_WQX-W2-A-14-05;21FLPDEM_WQX-W2-A-14-06;21FLPDEM_WQX-W2-A-14-07;21FLPDEM_WQX-W2-A-14-08;21FLPDEM_WQX-W2-A-15-01;21FLPDEM_WQX-W2-A-15-02;21FLPDEM_WQX-W2-A-15-04;21FLPDEM_WQX-W2-A-15-06;21FLPDEM_WQX-W2-A-15-07;21FLPDEM_WQX-W2-A-15-08;21FLPDEM_WQX-W2-A-16-01;21FLPDEM_WQX-W2-A-16-02;21FLPDEM_WQX-W2-A-16-03;21FLPDEM_WQX-W2-A-16-04;21FLPDEM_WQX-W2-A-16-05;21FLPDEM_WQX-W2-A-16-06;21FLPDEM_WQX-W2-A-16-07;21FLPDEM_WQX-W2-A-16-08;21FLPDEM_WQX-W2-A-17-01;21FLPDEM_WQX-W2-A-17-02;21FLPDEM_WQX-W2-A-17-03;21FLPDEM_WQX-W2-A-17-04;21FLPDEM_WQX-W2-A-17-05;21FLPDEM_WQX-W2-A-17-06;21FLPDEM_WQX-W2-A-17-07;21FLPDEM_WQX-W2-A-17-08;21FLPDEM_WQX-W2-A-18-01;21FLPDEM_WQX-W2-A-18-02;21FLPDEM_WQX-W2-A-18-03;21FLPDEM_WQX-W2-A-18-04;21FLPDEM_WQX-W2-A-18-05;21FLPDEM_WQX-W2-A-18-07;21FLPDEM_WQX-W2-A-18-08;21FLPDEM_WQX-W2-A-19-01;21FLPDEM_WQX-W2-A-19-02;21FLPDEM_WQX-W2-A-19-03;21FLPDEM_WQX-W2-A-19-04;21FLPDEM_WQX-W2-A-19-05;21FLPDEM_WQX-W2-A-19-06;21FLPDEM_WQX-W2-A-19-08;21FLPDEM_WQX-W2-A-20-01;21FLPDEM_WQX-W2-A-20-02;21FLPDEM_WQX-W2-A-20-03;21FLPDEM_WQX-W2-A-20-04;21FLPDEM_WQX-W2-A-20-05;21FLPDEM_WQX-W2-A-20-06;21FLPDEM_WQX-W2-A-20-07;21FLPDEM_WQX-W2-A-20-08;21FLPDEM_WQX-W2-A-21-01;21FLPDEM_WQX-W2-A-21-02;21FLPDEM_WQX-W2-A-21-03;21FLPDEM_WQX-W2-A-21-04;21FLPDEM_WQX-W2-A-21-05;21FLPDEM_WQX-W2-A-21-06;21FLPDEM_WQX-W2-A-21-07;21FLPDEM_WQX-W2-A-22-01;21FLPDEM_WQX-W2-A-22-02;21FLPDEM_WQX-W2-A-22-04;21FLPDEM_WQX-W2-A-22-05;21FLPDEM_WQX-W2-A-22-06;21FLPDEM_WQX-W2-A-22-07;21FLPDEM_WQX-W2-A-22-08;21FLPDEM_WQX-W2-A-23-01;21FLPDEM_WQX-W2-A-23-02;21FLPDEM_WQX-W2-A-23-03;21FLPDEM_WQX-W2-A-23-04;21FLPDEM_WQX-W2-A-23-05;21FLPDEM_WQX-W2-A-23-06;21FLPDEM_WQX-W2-A-23-07;21FLPDEM_WQX-W2-A-23-08;21FLPDEM_WQX-W2-A-24-01;21FLPDEM_WQX-W2-A-24-02;21FLPDEM_WQX-W2-A-24-03;21FLPDEM_WQX-W2-A-24-04;21FLPDEM_WQX-W2-A-24-06;21FLPDEM_WQX-W2-A-24-07;21FLPDEM_WQX-W2-A-24-08;21FLPDEM_WQX-W2-A1-15-05;21FLPDEM_WQX-W2-A3-11-07;21FLPDEM_WQX-W2-B-09-06;21FLPDEM_WQX-W2-B-09-07;21FLPDEM_WQX-W2-B-09-08;21FLPDEM_WQX-W2-B-10-02;21FLPDEM_WQX-W2-B-10-03;21FLPDEM_WQX-W2-B-10-04;21FLPDEM_WQX-W2-B-10-05;21FLPDEM_WQX-W2-B-10-06;21FLPDEM_WQX-W2-B-10-07;21FLPDEM_WQX-W2-B-10-08;21FLPDEM_WQX-W2-B-11-01;21FLPDEM_WQX-W2-B-11-02;21FLPDEM_WQX-W2-B-11-03;21FLPDEM_WQX-W2-B-11-04;21FLPDEM_WQX-W2-B-11-05;21FLPDEM_WQX-W2-B-11-06;21FLPDEM_WQX-W2-B-11-07;21FLPDEM_WQX-W2-B-11-08;21FLPDEM_WQX-W2-B-12-01;21FLPDEM_WQX-W2-B-12-02;21FLPDEM_WQX-W2-B-12-03;21FLPDEM_WQX-W2-B-12-04;21FLPDEM_WQX-W2-B-12-05;21FLPDEM_WQX-W2-B-12-06;21FLPDEM_WQX-W2-B-12-07;21FLPDEM_WQX-W2-B-12-08;21FLPDEM_WQX-W2-B-13-01;21FLPDEM_WQX-W2-B-13-02;21FLPDEM_WQX-W2-B-13-03;21FLPDEM_WQX-W2-B-13-04;21FLPDEM_WQX-W2-B-13-05;21FLPDEM_WQX-W2-B-13-06;21FLPDEM_WQX-W2-B-13-07;21FLPDEM_WQX-W2-B-13-08;21FLPDEM_WQX-W2-B-14-01;21FLPDEM_WQX-W2-B-14-03;21FLPDEM_WQX-W2-B-14-04;21FLPDEM_WQX-W2-B-14-05;21FLPDEM_WQX-W2-B-14-06;21FLPDEM_WQX-W2-B-14-07;21FLPDEM_WQX-W2-B-15-01;21FLPDEM_WQX-W2-B-15-03;21FLPDEM_WQX-W2-B-15-04;21FLPDEM_WQX-W2-B-15-05;21FLPDEM_WQX-W2-B-15-06;21FLPDEM_WQX-W2-B-15-07;21FLPDEM_WQX-W2-B-15-08;21FLPDEM_WQX-W2-B-16-02;21FLPDEM_WQX-W2-B-16-03;21FLPDEM_WQX-W2-B-16-04;21FLPDEM_WQX-W2-B-16-05;21FLPDEM_WQX-W2-B-16-06;21FLPDEM_WQX-W2-B-16-07;21FLPDEM_WQX-W2-B-17-02;21FLPDEM_WQX-W2-B-17-03;21FLPDEM_WQX-W2-B-17-04;21FLPDEM_WQX-W2-B-17-05;21FLPDEM_WQX-W2-B-17-06;21FLPDEM_WQX-W2-B-17-07;21FLPDEM_WQX-W2-B-17-08;21FLPDEM_WQX-W2-B-18-01;21FLPDEM_WQX-W2-B-18-02;21FLPDEM_WQX-W2-B-18-03;21FLPDEM_WQX-W2-B-18-04;21FLPDEM_WQX-W2-B-18-05;21FLPDEM_WQX-W2-B-18-06;21FLPDEM_WQX-W2-B-18-07;21FLPDEM_WQX-W2-B-18-08;21FLPDEM_WQX-W2-B-19-01;21FLPDEM_WQX-W2-B-19-02;21FLPDEM_WQX-W2-B-19-03;21FLPDEM_WQX-W2-B-19-04;21FLPDEM_WQX-W2-B-19-05;21FLPDEM_WQX-W2-B-19-06;21FLPDEM_WQX-W2-B-19-07;21FLPDEM_WQX-W2-B-20-01;21FLPDEM_WQX-W2-B-20-02;21FLPDEM_WQX-W2-B-20-03;21FLPDEM_WQX-W2-B-20-04;21FLPDEM_WQX-W2-B-20-05;21FLPDEM_WQX-W2-B-20-07;21FLPDEM_WQX-W2-B-20-08;21FLPDEM_WQX-W2-B-21-01;21FLPDEM_WQX-W2-B-21-02;21FLPDEM_WQX-W2-B-21-03;21FLPDEM_WQX-W2-B-21-04;21FLPDEM_WQX-W2-B-21-05;21FLPDEM_WQX-W2-B-21-06;21FLPDEM_WQX-W2-B-21-07;21FLPDEM_WQX-W2-B-21-08;21FLPDEM_WQX-W2-B-22-01;21FLPDEM_WQX-W2-B-22-02;21FLPDEM_WQX-W2-B-22-03;21FLPDEM_WQX-W2-B-22-04;21FLPDEM_WQX-W2-B-22-05;21FLPDEM_WQX-W2-B-22-07;21FLPDEM_WQX-W2-B-22-08;21FLPDEM_WQX-W2-B-23-01;21FLPDEM_WQX-W2-B-23-02;21FLPDEM_WQX-W2-B-23-03;21FLPDEM_WQX-W2-B-23-04;21FLPDEM_WQX-W2-B-23-05;21FLPDEM_WQX-W2-B-23-06;21FLPDEM_WQX-W2-B-23-07;21FLPDEM_WQX-W2-B-23-08;21FLPDEM_WQX-W2-B-24-01;21FLPDEM_WQX-W2-B-24-02;21FLPDEM_WQX-W2-B-24-03;21FLPDEM_WQX-W2-B-24-04;21FLPDEM_WQX-W2-B-24-05;21FLPDEM_WQX-W2-B-24-06;21FLPDEM_WQX-W2-B-24-07;21FLPDEM_WQX-W2-B-25-01;21FLPDEM_WQX-W2-C-09-07;21FLPDEM_WQX-W2-C-09-08;21FLPDEM_WQX-W2-C-10-02;21FLPDEM_WQX-W2-C-10-03;21FLPDEM_WQX-W2-C-10-04;21FLPDEM_WQX-W2-C-10-05;21FLPDEM_WQX-W2-C-10-06;21FLPDEM_WQX-W2-C-10-07;21FLPDEM_WQX-W2-C-10-08;21FLPDEM_WQX-W2-C-11-01;21FLPDEM_WQX-W2-C-11-03;21FLPDEM_WQX-W2-C-11-04;21FLPDEM_WQX-W2-C-11-05;21FLPDEM_WQX-W2-C-11-08;21FLPDEM_WQX-W2-C-12-01;21FLPDEM_WQX-W2-C-12-02;21FLPDEM_WQX-W2-C-12-03;21FLPDEM_WQX-W2-C-12-04;21FLPDEM_WQX-W2-C-12-05;21FLPDEM_WQX-W2-C-12-06;21FLPDEM_WQX-W2-C-12-07;21FLPDEM_WQX-W2-C-12-08;21FLPDEM_WQX-W2-C-13-01;21FLPDEM_WQX-W2-C-13-02;21FLPDEM_WQX-W2-C-13-03;21FLPDEM_WQX-W2-C-13-04;21FLPDEM_WQX-W2-C-13-05;21FLPDEM_WQX-W2-C-13-06;21FLPDEM_WQX-W2-C-13-08;21FLPDEM_WQX-W2-C-14-01;21FLPDEM_WQX-W2-C-14-02;21FLPDEM_WQX-W2-C-14-03;21FLPDEM_WQX-W2-C-14-04;21FLPDEM_WQX-W2-C-14-05;21FLPDEM_WQX-W2-C-14-06;21FLPDEM_WQX-W2-C-14-07;21FLPDEM_WQX-W2-C-14-08;21FLPDEM_WQX-W2-C-15-01;21FLPDEM_WQX-W2-C-15-02;21FLPDEM_WQX-W2-C-15-03;21FLPDEM_WQX-W2-C-15-04;21FLPDEM_WQX-W2-C-15-05;21FLPDEM_WQX-W2-C-15-06;21FLPDEM_WQX-W2-C-15-07;21FLPDEM_WQX-W2-C-15-08;21FLPDEM_WQX-W2-C-16-01;21FLPDEM_WQX-W2-C-16-02;21FLPDEM_WQX-W2-C-16-03;21FLPDEM_WQX-W2-C-16-04;21FLPDEM_WQX-W2-C-16-05;21FLPDEM_WQX-W2-C-16-07;21FLPDEM_WQX-W2-C-16-08;21FLPDEM_WQX-W2-C-17-02;21FLPDEM_WQX-W2-C-17-03;21FLPDEM_WQX-W2-C-17-04;21FLPDEM_WQX-W2-C-17-05;21FLPDEM_WQX-W2-C-17-06;21FLPDEM_WQX-W2-C-17-07;21FLPDEM_WQX-W2-C-17-08;21FLPDEM_WQX-W2-C-18-01;21FLPDEM_WQX-W2-C-18-02;21FLPDEM_WQX-W2-C-18-04;21FLPDEM_WQX-W2-C-18-05;21FLPDEM_WQX-W2-C-18-06;21FLPDEM_WQX-W2-C-18-07;21FLPDEM_WQX-W2-C-18-08;21FLPDEM_WQX-W2-C-19-01;21FLPDEM_WQX-W2-C-19-04;21FLPDEM_WQX-W2-C-19-05;21FLPDEM_WQX-W2-C-19-06;21FLPDEM_WQX-W2-C-19-07;21FLPDEM_WQX-W2-C-19-08;21FLPDEM_WQX-W2-C-20-01;21FLPDEM_WQX-W2-C-20-02;21FLPDEM_WQX-W2-C-20-03;21FLPDEM_WQX-W2-C-20-04;21FLPDEM_WQX-W2-C-20-05;21FLPDEM_WQX-W2-C-20-06;21FLPDEM_WQX-W2-C-20-07;21FLPDEM_WQX-W2-C-20-08;21FLPDEM_WQX-W2-C-21-01;21FLPDEM_WQX-W2-C-21-02;21FLPDEM_WQX-W2-C-21-03;21FLPDEM_WQX-W2-C-21-04;21FLPDEM_WQX-W2-C-21-05;21FLPDEM_WQX-W2-C-21-06;21FLPDEM_WQX-W2-C-21-07;21FLPDEM_WQX-W2-C-22-01;21FLPDEM_WQX-W2-C-22-02;21FLPDEM_WQX-W2-C-22-03;21FLPDEM_WQX-W2-C-22-04;21FLPDEM_WQX-W2-C-22-05;21FLPDEM_WQX-W2-C-22-06;21FLPDEM_WQX-W2-C-22-07;21FLPDEM_WQX-W2-C-22-08;21FLPDEM_WQX-W2-C-23-01;21FLPDEM_WQX-W2-C-23-03;21FLPDEM_WQX-W2-C-23-04;21FLPDEM_WQX-W2-C-23-05;21FLPDEM_WQX-W2-C-23-06;21FLPDEM_WQX-W2-C-23-07;21FLPDEM_WQX-W2-C-23-08;21FLPDEM_WQX-W2-C-24-01;21FLPDEM_WQX-W2-C-24-02;21FLPDEM_WQX-W2-C-24-03;21FLPDEM_WQX-W2-C-24-04;21FLPDEM_WQX-W2-C-24-05;21FLPDEM_WQX-W2-C-24-06;21FLPDEM_WQX-W2-C-24-07;21FLPDEM_WQX-W2-C-24-08;21FLPDEM_WQX-W2-C1-10-01;21FLPDEM_WQX-W2-C1-11-06;21FLPDEM_WQX-W2-C2-09-06;21FLPDEM_WQX-W2-D-09-06;21FLPDEM_WQX-W2-D-09-07;21FLPDEM_WQX-W2-D-10-01;21FLPDEM_WQX-W2-D-10-02;21FLPDEM_WQX-W2-D-10-03;21FLPDEM_WQX-W2-D-10-04;21FLPDEM_WQX-W2-D-10-05;21FLPDEM_WQX-W2-D-10-06;21FLPDEM_WQX-W2-D-10-07;21FLPDEM_WQX-W2-D-10-08;21FLPDEM_WQX-W2-D-11-02;21FLPDEM_WQX-W2-D-11-03;21FLPDEM_WQX-W2-D-11-04;21FLPDEM_WQX-W2-D-11-06;21FLPDEM_WQX-W2-D-11-07;21FLPDEM_WQX-W2-D-11-08;21FLPDEM_WQX-W2-D-12-01;21FLPDEM_WQX-W2-D-12-02;21FLPDEM_WQX-W2-D-12-03;21FLPDEM_WQX-W2-D-12-04;21FLPDEM_WQX-W2-D-12-05;21FLPDEM_WQX-W2-D-12-06;21FLPDEM_WQX-W2-D-12-07;21FLPDEM_WQX-W2-D-12-08;21FLPDEM_WQX-W2-D-13-01;21FLPDEM_WQX-W2-D-13-02;21FLPDEM_WQX-W2-D-13-03;21FLPDEM_WQX-W2-D-13-04;21FLPDEM_WQX-W2-D-13-05;21FLPDEM_WQX-W2-D-13-06;21FLPDEM_WQX-W2-D-13-07;21FLPDEM_WQX-W2-D-13-08;21FLPDEM_WQX-W2-D-14-01;21FLPDEM_WQX-W2-D-14-02;21FLPDEM_WQX-W2-D-14-03;21FLPDEM_WQX-W2-D-14-04;21FLPDEM_WQX-W2-D-14-06;21FLPDEM_WQX-W2-D-14-07;21FLPDEM_WQX-W2-D-14-08;21FLPDEM_WQX-W2-D-15-01;21FLPDEM_WQX-W2-D-15-02;21FLPDEM_WQX-W2-D-15-05;21FLPDEM_WQX-W2-D-15-06;21FLPDEM_WQX-W2-D-15-07;21FLPDEM_WQX-W2-D-15-08;21FLPDEM_WQX-W2-D-16-01;21FLPDEM_WQX-W2-D-16-02;21FLPDEM_WQX-W2-D-16-03;21FLPDEM_WQX-W2-D-16-04;21FLPDEM_WQX-W2-D-16-05;21FLPDEM_WQX-W2-D-16-06;21FLPDEM_WQX-W2-D-16-07;21FLPDEM_WQX-W2-D-16-08;21FLPDEM_WQX-W2-D-17-03;21FLPDEM_WQX-W2-D-17-04;21FLPDEM_WQX-W2-D-17-05;21FLPDEM_WQX-W2-D-17-06;21FLPDEM_WQX-W2-D-17-07;21FLPDEM_WQX-W2-D-17-08;21FLPDEM_WQX-W2-D-18-01;21FLPDEM_WQX-W2-D-18-02;21FLPDEM_WQX-W2-D-18-03;21FLPDEM_WQX-W2-D-18-04;21FLPDEM_WQX-W2-D-18-05;21FLPDEM_WQX-W2-D-18-06;21FLPDEM_WQX-W2-D-18-07;21FLPDEM_WQX-W2-D-18-08;21FLPDEM_WQX-W2-D-19-01;21FLPDEM_WQX-W2-D-19-02;21FLPDEM_WQX-W2-D-19-03;21FLPDEM_WQX-W2-D-19-04;21FLPDEM_WQX-W2-D-19-05;21FLPDEM_WQX-W2-D-19-06;21FLPDEM_WQX-W2-D-19-07;21FLPDEM_WQX-W2-D-19-08;21FLPDEM_WQX-W2-D-20-02;21FLPDEM_WQX-W2-D-20-03;21FLPDEM_WQX-W2-D-20-04;21FLPDEM_WQX-W2-D-20-05;21FLPDEM_WQX-W2-D-20-06;21FLPDEM_WQX-W2-D-20-07;21FLPDEM_WQX-W2-D-21-01;21FLPDEM_WQX-W2-D-21-02;21FLPDEM_WQX-W2-D-21-03;21FLPDEM_WQX-W2-D-21-04;21FLPDEM_WQX-W2-D-21-05;21FLPDEM_WQX-W2-D-21-06;21FLPDEM_WQX-W2-D-21-07;21FLPDEM_WQX-W2-D-21-08;21FLPDEM_WQX-W2-D-22-01;21FLPDEM_WQX-W2-D-22-02;21FLPDEM_WQX-W2-D-22-03;21FLPDEM_WQX-W2-D-22-04;21FLPDEM_WQX-W2-D-22-05;21FLPDEM_WQX-W2-D-22-06;21FLPDEM_WQX-W2-D-22-07;21FLPDEM_WQX-W2-D-22-08;21FLPDEM_WQX-W2-D-23-01;21FLPDEM_WQX-W2-D-23-02;21FLPDEM_WQX-W2-D-23-03;21FLPDEM_WQX-W2-D-23-04;21FLPDEM_WQX-W2-D-23-05;21FLPDEM_WQX-W2-D-23-06;21FLPDEM_WQX-W2-D-23-07;21FLPDEM_WQX-W2-D-24-01;21FLPDEM_WQX-W2-D-24-02;21FLPDEM_WQX-W2-D-24-03;21FLPDEM_WQX-W2-D-24-04;21FLPDEM_WQX-W2-D-24-05;21FLPDEM_WQX-W2-D-24-06;21FLPDEM_WQX-W2-D-24-07;21FLPDEM_WQX-W2-D-24-08;21FLPDEM_WQX-W2-D-25-01;21FLPDEM_WQX-W2-D1-09-08;21FLPDEM_WQX-W2-D1-15-04;21FLPDEM_WQX-W3-A-09-06;21FLPDEM_WQX-W3-A-09-07;21FLPDEM_WQX-W3-A-09-08;21FLPDEM_WQX-W3-A-10-01;21FLPDEM_WQX-W3-A-10-02;21FLPDEM_WQX-W3-A-10-03;21FLPDEM_WQX-W3-A-10-04;21FLPDEM_WQX-W3-A-10-05;21FLPDEM_WQX-W3-A-10-06;21FLPDEM_WQX-W3-A-10-07;21FLPDEM_WQX-W3-A-10-08;21FLPDEM_WQX-W3-A-11-01;21FLPDEM_WQX-W3-A-11-02;21FLPDEM_WQX-W3-A-11-03;21FLPDEM_WQX-W3-A-11-04;21FLPDEM_WQX-W3-A-11-05;21FLPDEM_WQX-W3-A-11-06;21FLPDEM_WQX-W3-A-11-07;21FLPDEM_WQX-W3-A-11-08;21FLPDEM_WQX-W3-A-12-01;21FLPDEM_WQX-W3-A-12-02;21FLPDEM_WQX-W3-A-12-03;21FLPDEM_WQX-W3-A-12-04;21FLPDEM_WQX-W3-A-12-05;21FLPDEM_WQX-W3-A-12-07;21FLPDEM_WQX-W3-A-12-08;21FLPDEM_WQX-W3-A-13-01;21FLPDEM_WQX-W3-A-13-02;21FLPDEM_WQX-W3-A-13-03;21FLPDEM_WQX-W3-A-13-04;21FLPDEM_WQX-W3-A-13-05;21FLPDEM_WQX-W3-A-13-06;21FLPDEM_WQX-W3-A-13-07;21FLPDEM_WQX-W3-A-13-08;21FLPDEM_WQX-W3-A-14-01;21FLPDEM_WQX-W3-A-14-02;21FLPDEM_WQX-W3-A-14-03;21FLPDEM_WQX-W3-A-14-04;21FLPDEM_WQX-W3-A-14-05;21FLPDEM_WQX-W3-A-14-06;21FLPDEM_WQX-W3-A-14-07;21FLPDEM_WQX-W3-A-14-08;21FLPDEM_WQX-W3-A-15-01;21FLPDEM_WQX-W3-A-15-02;21FLPDEM_WQX-W3-A-15-03;21FLPDEM_WQX-W3-A-15-04;21FLPDEM_WQX-W3-A-15-05;21FLPDEM_WQX-W3-A-15-06;21FLPDEM_WQX-W3-A-15-07;21FLPDEM_WQX-W3-A-15-08;21FLPDEM_WQX-W3-A-16-01;21FLPDEM_WQX-W3-A-16-02;21FLPDEM_WQX-W3-A-16-03;21FLPDEM_WQX-W3-A-16-04;21FLPDEM_WQX-W3-A-16-05;21FLPDEM_WQX-W3-A-16-06;21FLPDEM_WQX-W3-A-16-07;21FLPDEM_WQX-W3-A-16-08;21FLPDEM_WQX-W3-A-17-01;21FLPDEM_WQX-W3-A-17-02;21FLPDEM_WQX-W3-A-17-03;21FLPDEM_WQX-W3-A-17-04;21FLPDEM_WQX-W3-A-17-05;21FLPDEM_WQX-W3-A-17-06;21FLPDEM_WQX-W3-A-17-07;21FLPDEM_WQX-W3-A-17-08;21FLPDEM_WQX-W3-A-18-01;21FLPDEM_WQX-W3-A-18-02;21FLPDEM_WQX-W3-A-18-03;21FLPDEM_WQX-W3-A-18-04;21FLPDEM_WQX-W3-A-18-05;21FLPDEM_WQX-W3-A-18-06;21FLPDEM_WQX-W3-A-18-07;21FLPDEM_WQX-W3-A-18-08;21FLPDEM_WQX-W3-A-19-01;21FLPDEM_WQX-W3-A-19-02;21FLPDEM_WQX-W3-A-19-03;21FLPDEM_WQX-W3-A-19-04;21FLPDEM_WQX-W3-A-19-05;21FLPDEM_WQX-W3-A-19-06;21FLPDEM_WQX-W3-A-19-07;21FLPDEM_WQX-W3-A-19-08;21FLPDEM_WQX-W3-A-20-01;21FLPDEM_WQX-W3-A-20-02;21FLPDEM_WQX-W3-A-20-03;21FLPDEM_WQX-W3-A-20-04;21FLPDEM_WQX-W3-A-20-05;21FLPDEM_WQX-W3-A-20-06;21FLPDEM_WQX-W3-A-20-07;21FLPDEM_WQX-W3-A-20-08;21FLPDEM_WQX-W3-A-21-01;21FLPDEM_WQX-W3-A-21-02;21FLPDEM_WQX-W3-A-21-03;21FLPDEM_WQX-W3-A-21-04;21FLPDEM_WQX-W3-A-21-05;21FLPDEM_WQX-W3-A-21-06;21FLPDEM_WQX-W3-A-21-07;21FLPDEM_WQX-W3-A-21-08;21FLPDEM_WQX-W3-A-22-01;21FLPDEM_WQX-W3-A-22-02;21FLPDEM_WQX-W3-A-22-03;21FLPDEM_WQX-W3-A-22-04;21FLPDEM_WQX-W3-A-22-05;21FLPDEM_WQX-W3-A-22-06;21FLPDEM_WQX-W3-A-22-07;21FLPDEM_WQX-W3-A-22-08;21FLPDEM_WQX-W3-A-23-01;21FLPDEM_WQX-W3-A-23-02;21FLPDEM_WQX-W3-A-23-03;21FLPDEM_WQX-W3-A-23-04;21FLPDEM_WQX-W3-A-23-05;21FLPDEM_WQX-W3-A-23-06;21FLPDEM_WQX-W3-A-23-07;21FLPDEM_WQX-W3-A-23-08;21FLPDEM_WQX-W3-A-24-01;21FLPDEM_WQX-W3-A-24-02;21FLPDEM_WQX-W3-A-24-03;21FLPDEM_WQX-W3-A-24-04;21FLPDEM_WQX-W3-A-24-05;21FLPDEM_WQX-W3-A-24-06;21FLPDEM_WQX-W3-A-24-07;21FLPDEM_WQX-W3-A-24-08;21FLPDEM_WQX-W3-A-25-01;21FLPDEM_WQX-W3-A1-12-06;21FLPDEM_WQX-W3-B-09-06;21FLPDEM_WQX-W3-B-09-07;21FLPDEM_WQX-W3-B-09-08;21FLPDEM_WQX-W3-B-10-01;21FLPDEM_WQX-W3-B-10-02;21FLPDEM_WQX-W3-B-10-03;21FLPDEM_WQX-W3-B-10-04;21FLPDEM_WQX-W3-B-10-05;21FLPDEM_WQX-W3-B-10-06;21FLPDEM_WQX-W3-B-10-07;21FLPDEM_WQX-W3-B-10-08;21FLPDEM_WQX-W3-B-11-01;21FLPDEM_WQX-W3-B-11-02;21FLPDEM_WQX-W3-B-11-03;21FLPDEM_WQX-W3-B-11-04;21FLPDEM_WQX-W3-B-11-05;21FLPDEM_WQX-W3-B-11-06;21FLPDEM_WQX-W3-B-11-07;21FLPDEM_WQX-W3-B-11-08;21FLPDEM_WQX-W3-B-12-01;21FLPDEM_WQX-W3-B-12-02;21FLPDEM_WQX-W3-B-12-03;21FLPDEM_WQX-W3-B-12-04;21FLPDEM_WQX-W3-B-12-05;21FLPDEM_WQX-W3-B-12-06;21FLPDEM_WQX-W3-B-12-07;21FLPDEM_WQX-W3-B-12-08;21FLPDEM_WQX-W3-B-13-01;21FLPDEM_WQX-W3-B-13-02;21FLPDEM_WQX-W3-B-13-03;21FLPDEM_WQX-W3-B-13-04;21FLPDEM_WQX-W3-B-13-05;21FLPDEM_WQX-W3-B-13-06;21FLPDEM_WQX-W3-B-13-07;21FLPDEM_WQX-W3-B-13-08;21FLPDEM_WQX-W3-B-14-01;21FLPDEM_WQX-W3-B-14-02;21FLPDEM_WQX-W3-B-14-03;21FLPDEM_WQX-W3-B-14-04;21FLPDEM_WQX-W3-B-14-05;21FLPDEM_WQX-W3-B-14-06;21FLPDEM_WQX-W3-B-14-07;21FLPDEM_WQX-W3-B-14-08;21FLPDEM_WQX-W3-B-15-01;21FLPDEM_WQX-W3-B-15-02;21FLPDEM_WQX-W3-B-15-03;21FLPDEM_WQX-W3-B-15-04;21FLPDEM_WQX-W3-B-15-05;21FLPDEM_WQX-W3-B-15-06;21FLPDEM_WQX-W3-B-15-07;21FLPDEM_WQX-W3-B-15-08;21FLPDEM_WQX-W3-B-16-01;21FLPDEM_WQX-W3-B-16-02;21FLPDEM_WQX-W3-B-16-03;21FLPDEM_WQX-W3-B-16-04;21FLPDEM_WQX-W3-B-16-05;21FLPDEM_WQX-W3-B-16-06;21FLPDEM_WQX-W3-B-16-07;21FLPDEM_WQX-W3-B-16-08;21FLPDEM_WQX-W3-B-17-01;21FLPDEM_WQX-W3-B-17-02;21FLPDEM_WQX-W3-B-17-03;21FLPDEM_WQX-W3-B-17-04;21FLPDEM_WQX-W3-B-17-05;21FLPDEM_WQX-W3-B-17-06;21FLPDEM_WQX-W3-B-17-07;21FLPDEM_WQX-W3-B-17-08;21FLPDEM_WQX-W3-B-18-01;21FLPDEM_WQX-W3-B-18-02;21FLPDEM_WQX-W3-B-18-03;21FLPDEM_WQX-W3-B-18-04;21FLPDEM_WQX-W3-B-18-05;21FLPDEM_WQX-W3-B-18-06;21FLPDEM_WQX-W3-B-18-07;21FLPDEM_WQX-W3-B-18-08;21FLPDEM_WQX-W3-B-19-01;21FLPDEM_WQX-W3-B-19-02;21FLPDEM_WQX-W3-B-19-03;21FLPDEM_WQX-W3-B-19-04;21FLPDEM_WQX-W3-B-19-05;21FLPDEM_WQX-W3-B-19-06;21FLPDEM_WQX-W3-B-19-07;21FLPDEM_WQX-W3-B-19-08;21FLPDEM_WQX-W3-B-20-01;21FLPDEM_WQX-W3-B-20-02;21FLPDEM_WQX-W3-B-20-03;21FLPDEM_WQX-W3-B-20-04;21FLPDEM_WQX-W3-B-20-05;21FLPDEM_WQX-W3-B-20-06;21FLPDEM_WQX-W3-B-20-07;21FLPDEM_WQX-W3-B-20-08;21FLPDEM_WQX-W3-B-21-01;21FLPDEM_WQX-W3-B-21-02;21FLPDEM_WQX-W3-B-21-03;21FLPDEM_WQX-W3-B-21-05;21FLPDEM_WQX-W3-B-21-06;21FLPDEM_WQX-W3-B-21-07;21FLPDEM_WQX-W3-B-21-08;21FLPDEM_WQX-W3-B-22-01;21FLPDEM_WQX-W3-B-22-02;21FLPDEM_WQX-W3-B-22-03;21FLPDEM_WQX-W3-B-22-04;21FLPDEM_WQX-W3-B-22-05;21FLPDEM_WQX-W3-B-22-06;21FLPDEM_WQX-W3-B-22-07;21FLPDEM_WQX-W3-B-22-08;21FLPDEM_WQX-W3-B-23-01;21FLPDEM_WQX-W3-B-23-02;21FLPDEM_WQX-W3-B-23-03;21FLPDEM_WQX-W3-B-23-04;21FLPDEM_WQX-W3-B-23-05;21FLPDEM_WQX-W3-B-23-06;21FLPDEM_WQX-W3-B-23-07;21FLPDEM_WQX-W3-B-23-08;21FLPDEM_WQX-W3-B-24-01;21FLPDEM_WQX-W3-B-24-02;21FLPDEM_WQX-W3-B-24-03;21FLPDEM_WQX-W3-B-24-04;21FLPDEM_WQX-W3-B-24-05;21FLPDEM_WQX-W3-B-24-06;21FLPDEM_WQX-W3-B-24-07;21FLPDEM_WQX-W3-B-24-08;21FLPDEM_WQX-W3-B-25-01;21FLPDEM_WQX-W3-C-09-06;21FLPDEM_WQX-W3-C-09-07;21FLPDEM_WQX-W3-C-09-08;21FLPDEM_WQX-W3-C-10-01;21FLPDEM_WQX-W3-C-10-02;21FLPDEM_WQX-W3-C-10-03;21FLPDEM_WQX-W3-C-10-04;21FLPDEM_WQX-W3-C-10-05;21FLPDEM_WQX-W3-C-10-06;21FLPDEM_WQX-W3-C-10-07;21FLPDEM_WQX-W3-C-10-08;21FLPDEM_WQX-W3-C-11-01;21FLPDEM_WQX-W3-C-11-02;21FLPDEM_WQX-W3-C-11-03;21FLPDEM_WQX-W3-C-11-04;21FLPDEM_WQX-W3-C-11-05;21FLPDEM_WQX-W3-C-11-06;21FLPDEM_WQX-W3-C-11-07;21FLPDEM_WQX-W3-C-11-08;21FLPDEM_WQX-W3-C-12-01;21FLPDEM_WQX-W3-C-12-02;21FLPDEM_WQX-W3-C-12-03;21FLPDEM_WQX-W3-C-12-04;21FLPDEM_WQX-W3-C-12-05;21FLPDEM_WQX-W3-C-12-06;21FLPDEM_WQX-W3-C-12-07;21FLPDEM_WQX-W3-C-12-08;21FLPDEM_WQX-W3-C-13-02;21FLPDEM_WQX-W3-C-13-03;21FLPDEM_WQX-W3-C-13-04;21FLPDEM_WQX-W3-C-13-05;21FLPDEM_WQX-W3-C-13-06;21FLPDEM_WQX-W3-C-13-07;21FLPDEM_WQX-W3-C-13-08;21FLPDEM_WQX-W3-C-14-01;21FLPDEM_WQX-W3-C-14-02;21FLPDEM_WQX-W3-C-14-03;21FLPDEM_WQX-W3-C-14-04;21FLPDEM_WQX-W3-C-14-05;21FLPDEM_WQX-W3-C-14-06;21FLPDEM_WQX-W3-C-14-08;21FLPDEM_WQX-W3-C-15-01;21FLPDEM_WQX-W3-C-15-02;21FLPDEM_WQX-W3-C-15-03;21FLPDEM_WQX-W3-C-15-04;21FLPDEM_WQX-W3-C-15-05;21FLPDEM_WQX-W3-C-15-06;21FLPDEM_WQX-W3-C-15-07;21FLPDEM_WQX-W3-C-15-08;21FLPDEM_WQX-W3-C-16-01;21FLPDEM_WQX-W3-C-16-02;21FLPDEM_WQX-W3-C-16-03;21FLPDEM_WQX-W3-C-16-04;21FLPDEM_WQX-W3-C-16-05;21FLPDEM_WQX-W3-C-16-06;21FLPDEM_WQX-W3-C-16-07;21FLPDEM_WQX-W3-C-16-08;21FLPDEM_WQX-W3-C-17-01;21FLPDEM_WQX-W3-C-17-02;21FLPDEM_WQX-W3-C-17-03;21FLPDEM_WQX-W3-C-17-04;21FLPDEM_WQX-W3-C-17-05;21FLPDEM_WQX-W3-C-17-06;21FLPDEM_WQX-W3-C-17-07;21FLPDEM_WQX-W3-C-17-08;21FLPDEM_WQX-W3-C-18-01;21FLPDEM_WQX-W3-C-18-02;21FLPDEM_WQX-W3-C-18-03;21FLPDEM_WQX-W3-C-18-04;21FLPDEM_WQX-W3-C-18-05;21FLPDEM_WQX-W3-C-18-06;21FLPDEM_WQX-W3-C-18-07;21FLPDEM_WQX-W3-C-18-08;21FLPDEM_WQX-W3-C-19-01;21FLPDEM_WQX-W3-C-19-02;21FLPDEM_WQX-W3-C-19-03;21FLPDEM_WQX-W3-C-19-04;21FLPDEM_WQX-W3-C-19-05;21FLPDEM_WQX-W3-C-19-06;21FLPDEM_WQX-W3-C-19-07;21FLPDEM_WQX-W3-C-19-08;21FLPDEM_WQX-W3-C-20-01;21FLPDEM_WQX-W3-C-20-02;21FLPDEM_WQX-W3-C-20-03;21FLPDEM_WQX-W3-C-20-04;21FLPDEM_WQX-W3-C-20-05;21FLPDEM_WQX-W3-C-20-06;21FLPDEM_WQX-W3-C-20-07;21FLPDEM_WQX-W3-C-20-08;21FLPDEM_WQX-W3-C-21-01;21FLPDEM_WQX-W3-C-21-02;21FLPDEM_WQX-W3-C-21-03;21FLPDEM_WQX-W3-C-21-04;21FLPDEM_WQX-W3-C-21-05;21FLPDEM_WQX-W3-C-21-06;21FLPDEM_WQX-W3-C-21-07;21FLPDEM_WQX-W3-C-21-08;21FLPDEM_WQX-W3-C-22-01;21FLPDEM_WQX-W3-C-22-02;21FLPDEM_WQX-W3-C-22-03;21FLPDEM_WQX-W3-C-22-04;21FLPDEM_WQX-W3-C-22-05;21FLPDEM_WQX-W3-C-22-06;21FLPDEM_WQX-W3-C-22-07;21FLPDEM_WQX-W3-C-22-08;21FLPDEM_WQX-W3-C-23-01;21FLPDEM_WQX-W3-C-23-02;21FLPDEM_WQX-W3-C-23-03;21FLPDEM_WQX-W3-C-23-04;21FLPDEM_WQX-W3-C-23-05;21FLPDEM_WQX-W3-C-23-06;21FLPDEM_WQX-W3-C-23-07;21FLPDEM_WQX-W3-C-23-08;21FLPDEM_WQX-W3-C-24-01;21FLPDEM_WQX-W3-C-24-02;21FLPDEM_WQX-W3-C-24-03;21FLPDEM_WQX-W3-C-24-04;21FLPDEM_WQX-W3-C-24-05;21FLPDEM_WQX-W3-C-24-06;21FLPDEM_WQX-W3-C-24-07;21FLPDEM_WQX-W3-C-24-08;21FLPDEM_WQX-W3-C-25-01;21FLPDEM_WQX-W3-D-09-06;21FLPDEM_WQX-W3-D-09-07;21FLPDEM_WQX-W3-D-09-08;21FLPDEM_WQX-W3-D-10-01;21FLPDEM_WQX-W3-D-10-02;21FLPDEM_WQX-W3-D-10-03;21FLPDEM_WQX-W3-D-10-04;21FLPDEM_WQX-W3-D-10-05;21FLPDEM_WQX-W3-D-10-06;21FLPDEM_WQX-W3-D-10-07;21FLPDEM_WQX-W3-D-10-08;21FLPDEM_WQX-W3-D-11-01;21FLPDEM_WQX-W3-D-11-02;21FLPDEM_WQX-W3-D-11-03;21FLPDEM_WQX-W3-D-11-04;21FLPDEM_WQX-W3-D-11-05;21FLPDEM_WQX-W3-D-11-07;21FLPDEM_WQX-W3-D-11-08;21FLPDEM_WQX-W3-D-12-01;21FLPDEM_WQX-W3-D-12-02;21FLPDEM_WQX-W3-D-12-03;21FLPDEM_WQX-W3-D-12-04;21FLPDEM_WQX-W3-D-12-05;21FLPDEM_WQX-W3-D-12-06;21FLPDEM_WQX-W3-D-12-07;21FLPDEM_WQX-W3-D-13-01;21FLPDEM_WQX-W3-D-13-02;21FLPDEM_WQX-W3-D-13-03;21FLPDEM_WQX-W3-D-13-04;21FLPDEM_WQX-W3-D-13-05;21FLPDEM_WQX-W3-D-13-06;21FLPDEM_WQX-W3-D-13-07;21FLPDEM_WQX-W3-D-13-08;21FLPDEM_WQX-W3-D-14-01;21FLPDEM_WQX-W3-D-14-02;21FLPDEM_WQX-W3-D-14-03;21FLPDEM_WQX-W3-D-14-04;21FLPDEM_WQX-W3-D-14-05;21FLPDEM_WQX-W3-D-14-06;21FLPDEM_WQX-W3-D-14-07;21FLPDEM_WQX-W3-D-14-08;21FLPDEM_WQX-W3-D-15-01;21FLPDEM_WQX-W3-D-15-02;21FLPDEM_WQX-W3-D-15-03;21FLPDEM_WQX-W3-D-15-04;21FLPDEM_WQX-W3-D-15-05;21FLPDEM_WQX-W3-D-15-06;21FLPDEM_WQX-W3-D-15-07;21FLPDEM_WQX-W3-D-15-08;21FLPDEM_WQX-W3-D-16-01;21FLPDEM_WQX-W3-D-16-02;21FLPDEM_WQX-W3-D-16-03;21FLPDEM_WQX-W3-D-16-04;21FLPDEM_WQX-W3-D-16-05;21FLPDEM_WQX-W3-D-16-06;21FLPDEM_WQX-W3-D-16-07;21FLPDEM_WQX-W3-D-16-08;21FLPDEM_WQX-W3-D-17-01;21FLPDEM_WQX-W3-D-17-02;21FLPDEM_WQX-W3-D-17-03;21FLPDEM_WQX-W3-D-17-04;21FLPDEM_WQX-W3-D-17-05;21FLPDEM_WQX-W3-D-17-06;21FLPDEM_WQX-W3-D-17-07;21FLPDEM_WQX-W3-D-17-08;21FLPDEM_WQX-W3-D-18-01;21FLPDEM_WQX-W3-D-18-02;21FLPDEM_WQX-W3-D-18-03;21FLPDEM_WQX-W3-D-18-04;21FLPDEM_WQX-W3-D-18-05;21FLPDEM_WQX-W3-D-18-06;21FLPDEM_WQX-W3-D-18-07;21FLPDEM_WQX-W3-D-18-08;21FLPDEM_WQX-W3-D-19-01;21FLPDEM_WQX-W3-D-19-02;21FLPDEM_WQX-W3-D-19-03;21FLPDEM_WQX-W3-D-19-04;21FLPDEM_WQX-W3-D-19-05;21FLPDEM_WQX-W3-D-19-06;21FLPDEM_WQX-W3-D-19-07;21FLPDEM_WQX-W3-D-19-08;21FLPDEM_WQX-W3-D-20-01;21FLPDEM_WQX-W3-D-20-02;21FLPDEM_WQX-W3-D-20-03;21FLPDEM_WQX-W3-D-20-04;21FLPDEM_WQX-W3-D-20-05;21FLPDEM_WQX-W3-D-20-06;21FLPDEM_WQX-W3-D-20-07;21FLPDEM_WQX-W3-D-20-08;21FLPDEM_WQX-W3-D-21-01;21FLPDEM_WQX-W3-D-21-02;21FLPDEM_WQX-W3-D-21-03;21FLPDEM_WQX-W3-D-21-04;21FLPDEM_WQX-W3-D-21-05;21FLPDEM_WQX-W3-D-21-06;21FLPDEM_WQX-W3-D-21-07;21FLPDEM_WQX-W3-D-21-08;21FLPDEM_WQX-W3-D-22-01;21FLPDEM_WQX-W3-D-22-02;21FLPDEM_WQX-W3-D-22-03;21FLPDEM_WQX-W3-D-22-04;21FLPDEM_WQX-W3-D-22-05;21FLPDEM_WQX-W3-D-22-06;21FLPDEM_WQX-W3-D-22-07;21FLPDEM_WQX-W3-D-22-08;21FLPDEM_WQX-W3-D-23-01;21FLPDEM_WQX-W3-D-23-02;21FLPDEM_WQX-W3-D-23-03;21FLPDEM_WQX-W3-D-23-04;21FLPDEM_WQX-W3-D-23-05;21FLPDEM_WQX-W3-D-23-06;21FLPDEM_WQX-W3-D-23-07;21FLPDEM_WQX-W3-D-23-08;21FLPDEM_WQX-W3-D-24-01;21FLPDEM_WQX-W3-D-24-02;21FLPDEM_WQX-W3-D-24-03;21FLPDEM_WQX-W3-D-24-04;21FLPDEM_WQX-W3-D-24-05;21FLPDEM_WQX-W3-D-24-06;21FLPDEM_WQX-W3-D-24-07;21FLPDEM_WQX-W3-D-24-08;21FLPDEM_WQX-W3-D-25-01;21FLPDEM_WQX-W5-C-13-07;21FLSWFD_WQX-21092;21FLSWFD_WQX-21093;21FLSWFD_WQX-21096;21FLSWFD_WQX-21098;21FLSWFD_WQX-21129;21FLSWFD_WQX-21131;21FLSWFD_WQX-21138;21FLSWFD_WQX-21212;21FLSWFD_WQX-22097;21FLSWFD_WQX-22692;21FLSWFD_WQX-22693;21FLSWFD_WQX-22697;21FLSWFD_WQX-22700;21FLSWFD_WQX-22703;21FLTPA_WQX-24020113;21FLTPA_WQX-24040029;21FLTPA_WQX-24040131;21FLTPA_WQX-27482708247420;21FLTPA_WQX-27494808249140;21FLTPA_WQX-27525378248329;21FLTPA_WQX-27525778250447;21FLTPA_WQX-2753280824930;21FLTPA_WQX-275356708249530;21FLTPA_WQX-27541328249207;21FLTPA_WQX-27542338248020;21FLTPA_WQX-27543408248589;21FLTPA_WQX-275439708244208;21FLTPA_WQX-275442308244165;21FLTPA_WQX-275443208244235;21FLTPA_WQX-275444908244026;21FLTPA_WQX-27544608248480;21FLTPA_WQX-27545608248150;21FLTPA_WQX-27550008248318;21FLTPA_WQX-275510508243111;21FLTPA_WQX-275524908243037;21FLTPA_WQX-275531808242577;21FLTPA_WQX-27554138244454;21FLTPA_WQX-2756187824522;21FLTPA_WQX-27565208249000;21FLTPA_WQX-2756590824330;21FLTPA_WQX-275672824545;21FLTPA_WQX-2757248245144;21FLTPA_WQX-27572518246576;21FLTPA_WQX-2757340824310;21FLTPA_WQX-27573848245352;21FLTPA_WQX-27574548246573;21FLTPA_WQX-27580568246538;21FLTPA_WQX-275826008243109;21FLTPA_WQX-275830108242477;21FLTPA_WQX-27583108248200;21FLTPA_WQX-27584438247015;21FLTPA_WQX-27584478242314;21FLTPA_WQX-275850008244304;21FLTPA_WQX-27585948247171;21FLTPA_WQX-27591358247312;21FLTPA_WQX-27591398247218;21FLTPA_WQX-27592358247432;21FLTPA_WQX-27592448247033;21FLTPA_WQX-27593528246454;21FLTPA_WQX-28013988244251;21FLTPA_WQX-28015968245094;21FLTPA_WQX-28020228246470;21FLTPA_WQX-28020248246185;21FLTPA_WQX-28020248246475;21FLTPA_WQX-28020268246032;21FLTPA_WQX-28020278246543;21FLTPA_WQX-28020288246345;21FLTPA_WQX-28020818246562;21FLTPA_WQX-28020928247076;21FLTPA_WQX-28021558246025;21FLTPA_WQX-28023978246557;21FLTPA_WQX-28024368247030;21FLTPA_WQX-28025058246472;21FLTPA_WQX-28025268246380;21FLTPA_WQX-28585728242259;21FLTPA_WQX-G1SW0057;21FLTPA_WQX-G1SW0062;21FLTPA_WQX-G1SW0068;21FLTPA_WQX-G1SW0096;21FLTPA_WQX-G1SW0097;21FLTPA_WQX-G1SW0098;21FLTPA_WQX-G1SW0107;21FLTPA_WQX-G1SW0126;21FLTPA_WQX-G1SW0127;21FLTPA_WQX-G5SW0001;21FLTPA_WQX-G5SW0002;21FLTPA_WQX-G5SW0047;21FLTPA_WQX-G5SW0048;21FLTPA_WQX-G5SW0049;21FLTPA_WQX-G5SW0050;21FLTPA_WQX-G5SW0117;21FLTPA_WQX-G5SW0126;21FLTPA_WQX-G5SW0128;21FLTPA_WQX-G5SW0129;21FLTPA_WQX-G5SW0130;21FLTPA_WQX-G5SW0140;21FLTPA_WQX-G5SW0145;21FLTPA_WQX-G5SW0147;21FLTPA_WQX-G5SW0151;21FLTPA_WQX-G5SW0152;21FLTPA_WQX-G5SW0162;21FLTPA_WQX-G5SW0163;21FLTPA_WQX-G5SW0164;21FLTPA_WQX-G5SW0165;21FLTPA_WQX-G5SW0173;21FLTPA_WQX-G5SW0184;21FLTPA_WQX-HAB-SW-0043;21FLTPA_WQX-HAB-SW-0325;21FLWQSP_WQX-PIN588US;21FLWQSP_WQX-PIN589US;NALMS-F280347;NALMS-F292853;NARS_WQX-NCA_FL-10254;NARS_WQX-NCCA10-1676;USGS-02307668;USGS-02307670;USGS-02307671;USGS-02307672;USGS-02307673;USGS-02307675;USGS-02307731;USGS-02307769;USGS-02308858;USGS-02309044;USGS-02309059;USGS-02309258;USGS-02309415;USGS-275244082485601;USGS-275245082501301;USGS-275246082482202;USGS-275257082500301;USGS-275257082501301;USGS-275304082502501;USGS-275328082483601;USGS-275331082491201;USGS-275331082491202;USGS-275331082491203;USGS-275340082444601;USGS-275430082431401;USGS-275430082431402;USGS-275458082432301;USGS-275458082464001;USGS-275458082464002;USGS-275458082464003;USGS-275459082463101;USGS-275502082451301;USGS-275502082473401;USGS-275508082451101;USGS-275508082452901;USGS-275509082451101;USGS-275510082452301;USGS-275511082471701;USGS-275513082451501;USGS-275518082451801;USGS-275521082444301;USGS-275535082470201;USGS-275546082444801;USGS-275603082421800;USGS-275603082480409;USGS-275604082481101;USGS-275631082435301;USGS-275633082463201;USGS-275635082463301;USGS-275636082450601;USGS-275636082462901;USGS-275636082462902;USGS-275644082451701;USGS-275644082452601;USGS-275650082450101;USGS-275650082450401;USGS-275651082452101;USGS-275652082451401;USGS-275653082450101;USGS-275653082450102;USGS-275708082465301;USGS-275717082423600;USGS-275720082404200;USGS-275734082423201;USGS-275735082422902;USGS-275735082422903;USGS-275735082423000;USGS-275739082462601;USGS-275748082434801;USGS-275751082433401;USGS-275751082433409;USGS-275753082433701;USGS-275753082433702;USGS-275753082433703;USGS-275753082433704;USGS-275754082471401;USGS-275807082474501;USGS-275819082440501;USGS-275819082464201;USGS-275824082463301;USGS-275825082460201;USGS-275828082424201;USGS-275918082450302;USGS-275922082452001;USGS-275949082442401;USGS-280015082471201;USGS-280022082424901;USGS-280026082430801;USGS-280047082470801;USGS-280054082471801;USGS-280059082431801;USGS-280059082464901;USGS-280104082463001;USGS-280107082433801;USGS-280107082460401;USGS-280111082453501;USGS-280111082464201;USGS-280118082434501;USGS-280122082471101;USGS-280123082454301;USGS-280123082454701;USGS-280123082454709;USGS-280124082454301;USGS-280124082454601;USGS-280129082445501;USGS-280132082452801;USGS-280132082452802;USGS-280214082464201;USGS-280228082465001;USGS-280229082451801;USGS-280254082463601,/home/kdd1/jliu/Water_Hub/Water_quality_data/wqp_result_zips/US_12/FL_pinellas_county_US_12_103_inorganics_major_metals_wqp_results.zip;/home/kdd1/jliu/Water_Hub/Water_quality_data/wqp_result_zips/US_12/FL_pinellas_county_US_12_103_physical_wqp_results.zip,nearest WQP station with priority analytes within 10 km; closer station 21FLPDEM_WQX-W3-A-16-04 at 0.45 km lacks the priority analytes
FL,PINELLAS,Oldsmar WRF,28.0313227129399,-82.6547867110854,City of Oldsmar,Oldsmar,Reverse osmosis,Drinking water,3,2012,Deep well injection,Groundwater,none,none,design = 3; permitted = 2,1,3.3,1.3,yes,1792-2240 mg/L TDS equivalent,"antiscalant, cartridge filters",135-145,75,75-100 mg/l,75,3.7569444444444400,conventional WTP product,"degasification,, CO2/caustic, chlorine, fluoride, corrosion inhibitor",on original membranes,"neutralization, sewer",none,FLORIDA FACILIITIES,21,matched,nearest_priority_station,1.176765,USGS-02307172,"MOCCASIN CR NR OLDSMAR, FL",Stream,NWIS,103,/home/kdd1/jliu/Water_Hub/Water_quality_data/wqp_result_zips/US_12/FL_pinellas_county_US_12_103_inorganics_major_metals_wqp_results.zip;/home/kdd1/jliu/Water_Hub/Water_quality_data/wqp_result_zips/US_12/FL_pinellas_county_US_12_103_physical_wqp_results.zip,/home/kdd1/jliu/Water_Hub/Water_quality_data/wqp_station_zips/US_12/FL_pinellas_county_US_12_103_inorganics_major_metals_wqp_stations.zip;/home/kdd1/jliu/Water_Hub/Water_quality_data/wqp_station_zips/US_12/FL_pinellas_county_US_12_103_physical_wqp_stations.zip,-82.66648800,28.03362910,,,1493,0.450525,21FLBRA-1530-A;21FLBRA-1530-B;21FLBRA-1541A-A;21FLBRA-1541B-A;21FLBRA-1574-A;21FLBRA-1574-B;21FLBRA-1574A-A;21FLBRA-1574A-B;21FLBRA-1575-A;21FLBSG-42;21FLDUNE_WQX-SITE- 3;21FLDUNE_WQX-SITE- 4;21FLFMRI-STR200424;21FLFMRI-TAM200001;21FLGW_WQX-22066;21FLGW_WQX-22551;21FLGW_WQX-22565;21FLGW_WQX-22573;21FLGW_WQX-22576;21FLGW_WQX-35426;21FLGW_WQX-35435;21FLGW_WQX-35441;21FLGW_WQX-37012;21FLGW_WQX-38312;21FLGW_WQX-38380;21FLGW_WQX-39060;21FLGW_WQX-41619;21FLGW_WQX-41626;21FLGW_WQX-44207;21FLGW_WQX-45627;21FLGW_WQX-46641;21FLGW_WQX-48970;21FLGW_WQX-51952;21FLGW_WQX-56585;21FLGW_WQX-58340;21FLGW_WQX-58345;21FLGW_WQX-58990;21FLGW_WQX-8028;21FLGW_WQX-933;21FLGW_WQX-948;21FLHILL_WQX-046;21FLHILL_WQX-064;21FLHILL_WQX-46;21FLHILL_WQX-64;21FLKWAT_WQX-PIN-ALLIGATOR-1;21FLKWAT_WQX-PIN-CLIFFSTE-1;21FLKWAT_WQX-PIN-TARPON-1;21FLPDEM-04-03;21FLPDEM-05-05;21FLPDEM-05-07;21FLPDEM-06-03;21FLPDEM-06-04;21FLPDEM-11-05;21FLPDEM-12-02;21FLPDEM-12-03;21FLPDEM-12-04;21FLPDEM-13-02;21FLPDEM-13-05;21FLPDEM-14-02;21FLPDEM-14-07;21FLPDEM-14-10;21FLPDEM-14-11;21FLPDEM-AMB 03-09;21FLPDEM-AMB 03-16;21FLPDEM-AMB 03-44;21FLPDEM-AMB 03-45;21FLPDEM-AMB 03-46;21FLPDEM-AMB 04-3;21FLPDEM-AMB 05-1;21FLPDEM-AMB 05-2;21FLPDEM-AMB 06-3;21FLPDEM-AMB 06-4;21FLPDEM-AMB 06-5;21FLPDEM-AMB 11-1;21FLPDEM-AMB 11-5;21FLPDEM-AMB 12-1;21FLPDEM-AMB 13-1;21FLPDEM-AMB 14-10;21FLPDEM-AMB 14-2;21FLPDEM-AMB 14-7;21FLPDEM-E1-A-03-02;21FLPDEM-E1-A-03-03;21FLPDEM-E1-A-03-04;21FLPDEM-E1-A-03-05;21FLPDEM-E1-A-03-06;21FLPDEM-E1-A-03-07;21FLPDEM-E1-A-03-08;21FLPDEM-E1-A-03-09;21FLPDEM-E1-A-04-01;21FLPDEM-E1-A-04-02;21FLPDEM-E1-A-04-03;21FLPDEM-E1-A-04-04;21FLPDEM-E1-A-04-05;21FLPDEM-E1-A-04-06;21FLPDEM-E1-A-04-07;21FLPDEM-E1-A-04-08;21FLPDEM-E1-A-04-09;21FLPDEM-E1-A-05-01;21FLPDEM-E1-A-05-02;21FLPDEM-E1-A-05-03;21FLPDEM-E1-A-05-04;21FLPDEM-E1-A-05-05;21FLPDEM-E1-A-05-06;21FLPDEM-E1-A-05-07;21FLPDEM-E1-A-05-08;21FLPDEM-E1-A-05-09;21FLPDEM-E1-A-06-02;21FLPDEM-E1-A-06-03;21FLPDEM-E1-A-06-04;21FLPDEM-E1-A-06-05;21FLPDEM-E1-A-06-06;21FLPDEM-E1-A-06-07;21FLPDEM-E1-A-06-08;21FLPDEM-E1-A-07-01;21FLPDEM-E1-A-07-02;21FLPDEM-E1-A-07-04;21FLPDEM-E1-A-07-06;21FLPDEM-E1-A-07-07;21FLPDEM-E1-A-07-08;21FLPDEM-E1-A-07-09;21FLPDEM-E1-A-08-01;21FLPDEM-E1-A-08-02;21FLPDEM-E1-A-08-03;21FLPDEM-E1-A-08-04;21FLPDEM-E1-A-08-05;21FLPDEM-E1-A-08-06;21FLPDEM-E1-A-08-07;21FLPDEM-E1-A-08-08;21FLPDEM-E1-A-09-01;21FLPDEM-E1-A-09-02;21FLPDEM-E1-A-09-03;21FLPDEM-E1-A-09-04;21FLPDEM-E1-A-09-05;21FLPDEM-E1-A1-06-01;21FLPDEM-E1-A1-07-03;21FLPDEM-E1-A3-03-01;21FLPDEM-E1-A3-06-09;21FLPDEM-E1-A7-07-05;21FLPDEM-E1-B-03-01;21FLPDEM-E1-B-03-02;21FLPDEM-E1-B-03-03;21FLPDEM-E1-B-03-04;21FLPDEM-E1-B-03-05;21FLPDEM-E1-B-03-06;21FLPDEM-E1-B-03-07;21FLPDEM-E1-B-03-08;21FLPDEM-E1-B-03-09;21FLPDEM-E1-B-04-01;21FLPDEM-E1-B-04-02;21FLPDEM-E1-B-04-03;21FLPDEM-E1-B-04-04;21FLPDEM-E1-B-04-05;21FLPDEM-E1-B-04-06;21FLPDEM-E1-B-04-07;21FLPDEM-E1-B-04-08;21FLPDEM-E1-B-04-09;21FLPDEM-E1-B-05-01;21FLPDEM-E1-B-05-02;21FLPDEM-E1-B-05-03;21FLPDEM-E1-B-05-05;21FLPDEM-E1-B-05-06;21FLPDEM-E1-B-05-07;21FLPDEM-E1-B-05-08;21FLPDEM-E1-B-05-09;21FLPDEM-E1-B-06-01;21FLPDEM-E1-B-06-02;21FLPDEM-E1-B-06-03;21FLPDEM-E1-B-06-04;21FLPDEM-E1-B-06-05;21FLPDEM-E1-B-06-06;21FLPDEM-E1-B-06-07;21FLPDEM-E1-B-06-08;21FLPDEM-E1-B-06-09;21FLPDEM-E1-B-07-01;21FLPDEM-E1-B-07-02;21FLPDEM-E1-B-07-03;21FLPDEM-E1-B-07-04;21FLPDEM-E1-B-07-05;21FLPDEM-E1-B-07-06;21FLPDEM-E1-B-07-08;21FLPDEM-E1-B-07-09;21FLPDEM-E1-B-08-01;21FLPDEM-E1-B-08-02;21FLPDEM-E1-B-08-03;21FLPDEM-E1-B-08-04;21FLPDEM-E1-B-08-05;21FLPDEM-E1-B-08-06;21FLPDEM-E1-B-08-07;21FLPDEM-E1-B-08-08;21FLPDEM-E1-B-09-01;21FLPDEM-E1-B-09-02;21FLPDEM-E1-B-09-03;21FLPDEM-E1-B-09-04;21FLPDEM-E1-B-09-05;21FLPDEM-E1-B1-05-04;21FLPDEM-E1-B8-07-07;21FLPDEM-E1-C-03-01;21FLPDEM-E1-C-03-02;21FLPDEM-E1-C-03-03;21FLPDEM-E1-C-03-04;21FLPDEM-E1-C-03-05;21FLPDEM-E1-C-03-06;21FLPDEM-E1-C-03-07;21FLPDEM-E1-C-03-08;21FLPDEM-E1-C-03-09;21FLPDEM-E1-C-04-01;21FLPDEM-E1-C-04-02;21FLPDEM-E1-C-04-03;21FLPDEM-E1-C-04-04;21FLPDEM-E1-C-04-05;21FLPDEM-E1-C-04-06;21FLPDEM-E1-C-04-07;21FLPDEM-E1-C-04-08;21FLPDEM-E1-C-04-09;21FLPDEM-E1-C-05-01;21FLPDEM-E1-C-05-02;21FLPDEM-E1-C-05-03;21FLPDEM-E1-C-05-04;21FLPDEM-E1-C-05-05;21FLPDEM-E1-C-05-06;21FLPDEM-E1-C-05-07;21FLPDEM-E1-C-05-08;21FLPDEM-E1-C-05-09;21FLPDEM-E1-C-06-01;21FLPDEM-E1-C-06-02;21FLPDEM-E1-C-06-03;21FLPDEM-E1-C-06-04;21FLPDEM-E1-C-06-05;21FLPDEM-E1-C-06-06;21FLPDEM-E1-C-06-07;21FLPDEM-E1-C-06-08;21FLPDEM-E1-C-06-09;21FLPDEM-E1-C-07-01;21FLPDEM-E1-C-07-02;21FLPDEM-E1-C-07-03;21FLPDEM-E1-C-07-04;21FLPDEM-E1-C-07-05;21FLPDEM-E1-C-07-06;21FLPDEM-E1-C-07-07;21FLPDEM-E1-C-07-08;21FLPDEM-E1-C-07-09;21FLPDEM-E1-C-08-01;21FLPDEM-E1-C-08-02;21FLPDEM-E1-C-08-03;21FLPDEM-E1-C-08-04;21FLPDEM-E1-C-08-05;21FLPDEM-E1-C-08-06;21FLPDEM-E1-C-08-07;21FLPDEM-E1-C-08-08;21FLPDEM-E1-C-09-02;21FLPDEM-E1-C-09-03;21FLPDEM-E1-C-09-04;21FLPDEM-E1-C-09-05;21FLPDEM-E1-C1-09-01;21FLPDEM-E1-D-03-01;21FLPDEM-E1-D-03-02;21FLPDEM-E1-D-03-03;21FLPDEM-E1-D-03-04;21FLPDEM-E1-D-03-05;21FLPDEM-E1-D-03-06;21FLPDEM-E1-D-03-07;21FLPDEM-E1-D-03-08;21FLPDEM-E1-D-03-09;21FLPDEM-E1-D-04-01;21FLPDEM-E1-D-04-02;21FLPDEM-E1-D-04-03;21FLPDEM-E1-D-04-04;21FLPDEM-E1-D-04-05;21FLPDEM-E1-D-04-06;21FLPDEM-E1-D-04-07;21FLPDEM-E1-D-04-08;21FLPDEM-E1-D-05-01;21FLPDEM-E1-D-05-02;21FLPDEM-E1-D-05-03;21FLPDEM-E1-D-05-04;21FLPDEM-E1-D-05-05;21FLPDEM-E1-D-05-06;21FLPDEM-E1-D-05-07;21FLPDEM-E1-D-05-08;21FLPDEM-E1-D-06-01;21FLPDEM-E1-D-06-02;21FLPDEM-E1-D-06-03;21FLPDEM-E1-D-06-04;21FLPDEM-E1-D-06-05;21FLPDEM-E1-D-06-06;21FLPDEM-E1-D-06-07;21FLPDEM-E1-D-06-08;21FLPDEM-E1-D-07-02;21FLPDEM-E1-D-07-03;21FLPDEM-E1-D-07-04;21FLPDEM-E1-D-07-06;21FLPDEM-E1-D-07-07;21FLPDEM-E1-D-07-08;21FLPDEM-E1-D-07-09;21FLPDEM-E1-D-08-01;21FLPDEM-E1-D-08-02;21FLPDEM-E1-D-08-03;21FLPDEM-E1-D-08-04;21FLPDEM-E1-D-08-05;21FLPDEM-E1-D-08-06;21FLPDEM-E1-D-08-07;21FLPDEM-E1-D-08-08;21FLPDEM-E1-D-09-01;21FLPDEM-E1-D-09-02;21FLPDEM-E1-D-09-03;21FLPDEM-E1-D-09-04;21FLPDEM-E1-D-09-05;21FLPDEM-E1-D1-04-09;21FLPDEM-E1-D1-05-09;21FLPDEM-E1-D10-07-05;21FLPDEM-E1-D2-06-09;21FLPDEM-E1-D5-07-01;21FLPDEM-E2-A-03-04;21FLPDEM-E2-A-03-09;21FLPDEM-E2-A-04-04;21FLPDEM-E2-A-05-02;21FLPDEM-E2-A-05-04;21FLPDEM-E2-A-05-08;21FLPDEM-E2-A-06-02;21FLPDEM-E2-A-06-03;21FLPDEM-E2-A-06-04;21FLPDEM-E2-A-06-08;21FLPDEM-E2-A-06-09;21FLPDEM-E2-A-07-01;21FLPDEM-E2-A-07-02;21FLPDEM-E2-A-07-04;21FLPDEM-E2-A-08-03;21FLPDEM-E2-A-08-08;21FLPDEM-E2-A-09-02;21FLPDEM-E2-A1-03-07;21FLPDEM-E2-B-03-07;21FLPDEM-E2-B-04-02;21FLPDEM-E2-B-04-03;21FLPDEM-E2-B-04-05;21FLPDEM-E2-B-04-06;21FLPDEM-E2-B-04-07;21FLPDEM-E2-B-04-08;21FLPDEM-E2-B-05-01;21FLPDEM-E2-B-05-08;21FLPDEM-E2-B-05-09;21FLPDEM-E2-B-06-05;21FLPDEM-E2-B-06-07;21FLPDEM-E2-B-06-08;21FLPDEM-E2-B-07-05;21FLPDEM-E2-B-07-09;21FLPDEM-E2-B-08-04;21FLPDEM-E2-B-08-05;21FLPDEM-E2-B-08-06;21FLPDEM-E2-B-09-01;21FLPDEM-E2-B2-07-02;21FLPDEM-E2-C-03-01;21FLPDEM-E2-C-03-04;21FLPDEM-E2-C-03-08;21FLPDEM-E2-C-03-09;21FLPDEM-E2-C-04-01;21FLPDEM-E2-C-04-02;21FLPDEM-E2-C-04-03;21FLPDEM-E2-C-05-05;21FLPDEM-E2-C-05-07;21FLPDEM-E2-C-05-08;21FLPDEM-E2-C-06-02;21FLPDEM-E2-C-06-04;21FLPDEM-E2-C-07-02;21FLPDEM-E2-C-07-08;21FLPDEM-E2-C-08-01;21FLPDEM-E2-C-08-02;21FLPDEM-E2-C-08-03;21FLPDEM-E2-C-08-07;21FLPDEM-E2-C-09-01;21FLPDEM-E2-D-03-03;21FLPDEM-E2-D-03-06;21FLPDEM-E2-D-03-08;21FLPDEM-E2-D-03-09;21FLPDEM-E2-D-04-04;21FLPDEM-E2-D-04-05;21FLPDEM-E2-D-04-07;21FLPDEM-E2-D-04-09;21FLPDEM-E2-D-05-02;21FLPDEM-E2-D-05-04;21FLPDEM-E2-D-06-06;21FLPDEM-E2-D-06-09;21FLPDEM-E2-D-07-09;21FLPDEM-E2-D-08-02;21FLPDEM-E2-D-09-02;21FLPDEM-E2-D-09-03;21FLPDEM-E2-D-09-05;21FLPDEM-E2-D1-06-03;21FLPDEM-E3-A-07-09;21FLPDEM-E3-A-08-02;21FLPDEM-E3-B-06-05;21FLPDEM-E3-B-07-08;21FLPDEM-E3-B-07-09;21FLPDEM-E3-C-03-07;21FLPDEM-E3-C-04-09;21FLPDEM-E3-C-09-04;21FLPDEM-E3-D-08-03;21FLPDEM-E3-D-08-07;21FLPDEM-E3-D-09-03;21FLPDEM-LT-A-03-07;21FLPDEM-LT-A-04-03;21FLPDEM-LT-A-04-09;21FLPDEM-LT-A-05-02;21FLPDEM-LT-A-05-06;21FLPDEM-LT-A-06-01;21FLPDEM-LT-A-06-06;21FLPDEM-LT-A-07-02;21FLPDEM-LT-A-07-03;21FLPDEM-LT-A-07-07;21FLPDEM-LT-A-08-04;21FLPDEM-LT-B-03-07;21FLPDEM-LT-B-03-08;21FLPDEM-LT-B-04-08;21FLPDEM-LT-B-05-01;21FLPDEM-LT-B-05-07;21FLPDEM-LT-B-05-09;21FLPDEM-LT-B-06-03;21FLPDEM-LT-B-06-04;21FLPDEM-LT-B-08-01;21FLPDEM-LT-B-08-03;21FLPDEM-LT-B-08-06;21FLPDEM-LT-B-08-08;21FLPDEM-LT-B-09-04;21FLPDEM-LT-B-09-05;21FLPDEM-LT-C-03-07;21FLPDEM-LT-C-03-09;21FLPDEM-LT-C-04-06;21FLPDEM-LT-C-05-03;21FLPDEM-LT-C-05-05;21FLPDEM-LT-C-05-07;21FLPDEM-LT-C-08-05;21FLPDEM-LT-C-09-04;21FLPDEM-LT-D-03-08;21FLPDEM-LT-D-04-01;21FLPDEM-LT-D-04-03;21FLPDEM-LT-D-04-04;21FLPDEM-LT-D-04-09;21FLPDEM-LT-D-05-01;21FLPDEM-LT-D-05-02;21FLPDEM-LT-D-05-06;21FLPDEM-LT-D-05-07;21FLPDEM-LT-D-06-04;21FLPDEM-LT-D-08-03;21FLPDEM-LT-D-08-05;21FLPDEM-LT-D-08-07;21FLPDEM-LT-D1-04-08;21FLPDEM_WQX-04-03;21FLPDEM_WQX-04-04;21FLPDEM_WQX-05-06;21FLPDEM_WQX-05-07;21FLPDEM_WQX-06-03;21FLPDEM_WQX-06-04;21FLPDEM_WQX-06-06;21FLPDEM_WQX-10-06;21FLPDEM_WQX-10-07;21FLPDEM_WQX-10-09;21FLPDEM_WQX-10-10;21FLPDEM_WQX-10-11;21FLPDEM_WQX-10-12;21FLPDEM_WQX-11-05;21FLPDEM_WQX-11-06;21FLPDEM_WQX-12-02;21FLPDEM_WQX-12-04;21FLPDEM_WQX-12-06;21FLPDEM_WQX-13-03;21FLPDEM_WQX-13-04;21FLPDEM_WQX-13-05;21FLPDEM_WQX-14-02;21FLPDEM_WQX-14-07;21FLPDEM_WQX-14-10;21FLPDEM_WQX-14-11;21FLPDEM_WQX-14-1A-10-00;21FLPDEM_WQX-14-1B-10-00;21FLPDEM_WQX-14-1C-10-00;21FLPDEM_WQX-14-1D-10-00;21FLPDEM_WQX-14-2A-10-00;21FLPDEM_WQX-14-2B-10-00;21FLPDEM_WQX-14-2C-10-00;21FLPDEM_WQX-14-2D-10-00;21FLPDEM_WQX-14-3A-10-00;21FLPDEM_WQX-14-3B-10-00;21FLPDEM_WQX-14-3C-10-00;21FLPDEM_WQX-14-3D-10-00;21FLPDEM_WQX-14-4A-10-00;21FLPDEM_WQX-14-4B-10-00;21FLPDEM_WQX-14-4C-10-00;21FLPDEM_WQX-14-4D-10-00;21FLPDEM_WQX-E1-A-09-06;21FLPDEM_WQX-E1-A-09-07;21FLPDEM_WQX-E1-A-10-01;21FLPDEM_WQX-E1-A-10-02;21FLPDEM_WQX-E1-A-10-03;21FLPDEM_WQX-E1-A-10-04;21FLPDEM_WQX-E1-A-10-05;21FLPDEM_WQX-E1-A-10-06;21FLPDEM_WQX-E1-A-10-07;21FLPDEM_WQX-E1-A-10-08;21FLPDEM_WQX-E1-A-11-01;21FLPDEM_WQX-E1-A-11-02;21FLPDEM_WQX-E1-A-11-03;21FLPDEM_WQX-E1-A-11-04;21FLPDEM_WQX-E1-A-11-05;21FLPDEM_WQX-E1-A-11-06;21FLPDEM_WQX-E1-A-11-07;21FLPDEM_WQX-E1-A-11-08;21FLPDEM_WQX-E1-A-12-01;21FLPDEM_WQX-E1-A-12-02;21FLPDEM_WQX-E1-A-12-03;21FLPDEM_WQX-E1-A-12-04;21FLPDEM_WQX-E1-A-12-05;21FLPDEM_WQX-E1-A-12-06;21FLPDEM_WQX-E1-A-12-07;21FLPDEM_WQX-E1-A-12-08;21FLPDEM_WQX-E1-A-13-01;21FLPDEM_WQX-E1-A-13-02;21FLPDEM_WQX-E1-A-13-03;21FLPDEM_WQX-E1-A-13-04;21FLPDEM_WQX-E1-A-13-05;21FLPDEM_WQX-E1-A-13-06;21FLPDEM_WQX-E1-A-13-07;21FLPDEM_WQX-E1-A-13-08;21FLPDEM_WQX-E1-A-14-01;21FLPDEM_WQX-E1-A-14-02;21FLPDEM_WQX-E1-A-14-03;21FLPDEM_WQX-E1-A-14-04;21FLPDEM_WQX-E1-A-14-05;21FLPDEM_WQX-E1-A-14-06;21FLPDEM_WQX-E1-A-14-07;21FLPDEM_WQX-E1-A-14-08;21FLPDEM_WQX-E1-A-15-03;21FLPDEM_WQX-E1-A-15-04;21FLPDEM_WQX-E1-A-15-05;21FLPDEM_WQX-E1-A-15-06;21FLPDEM_WQX-E1-A-15-07;21FLPDEM_WQX-E1-A-15-08;21FLPDEM_WQX-E1-A-16-01;21FLPDEM_WQX-E1-A-16-02;21FLPDEM_WQX-E1-A-16-03;21FLPDEM_WQX-E1-A-16-04;21FLPDEM_WQX-E1-A-16-05;21FLPDEM_WQX-E1-A-16-06;21FLPDEM_WQX-E1-A-16-07;21FLPDEM_WQX-E1-A-16-08;21FLPDEM_WQX-E1-A-17-01;21FLPDEM_WQX-E1-A-17-02;21FLPDEM_WQX-E1-A-17-03;21FLPDEM_WQX-E1-A-17-04;21FLPDEM_WQX-E1-A-17-05;21FLPDEM_WQX-E1-A-17-06;21FLPDEM_WQX-E1-A-17-07;21FLPDEM_WQX-E1-A-17-08;21FLPDEM_WQX-E1-A-18-01;21FLPDEM_WQX-E1-A-18-02;21FLPDEM_WQX-E1-A-18-03;21FLPDEM_WQX-E1-A-18-04;21FLPDEM_WQX-E1-A-18-05;21FLPDEM_WQX-E1-A-18-06;21FLPDEM_WQX-E1-A-18-07;21FLPDEM_WQX-E1-A-18-08;21FLPDEM_WQX-E1-A-19-01;21FLPDEM_WQX-E1-A-19-02;21FLPDEM_WQX-E1-A-19-03;21FLPDEM_WQX-E1-A-19-04;21FLPDEM_WQX-E1-A-19-05;21FLPDEM_WQX-E1-A-19-06;21FLPDEM_WQX-E1-A-19-07;21FLPDEM_WQX-E1-A-19-08;21FLPDEM_WQX-E1-A-20-01;21FLPDEM_WQX-E1-A-20-02;21FLPDEM_WQX-E1-A-20-03;21FLPDEM_WQX-E1-A-20-04;21FLPDEM_WQX-E1-A-20-05;21FLPDEM_WQX-E1-A-20-06;21FLPDEM_WQX-E1-A-20-07;21FLPDEM_WQX-E1-A-20-08;21FLPDEM_WQX-E1-A-21-01;21FLPDEM_WQX-E1-A-21-02;21FLPDEM_WQX-E1-A-21-03;21FLPDEM_WQX-E1-A-21-04;21FLPDEM_WQX-E1-A-21-05;21FLPDEM_WQX-E1-A-21-06;21FLPDEM_WQX-E1-A-21-07;21FLPDEM_WQX-E1-A-21-08;21FLPDEM_WQX-E1-A-22-01;21FLPDEM_WQX-E1-A-22-02;21FLPDEM_WQX-E1-A-22-03;21FLPDEM_WQX-E1-A-22-04;21FLPDEM_WQX-E1-A-22-05;21FLPDEM_WQX-E1-A-22-06;21FLPDEM_WQX-E1-A-22-07;21FLPDEM_WQX-E1-A-22-08;21FLPDEM_WQX-E1-A-23-01;21FLPDEM_WQX-E1-A-23-02;21FLPDEM_WQX-E1-A-23-03;21FLPDEM_WQX-E1-A-23-04;21FLPDEM_WQX-E1-A-23-05;21FLPDEM_WQX-E1-A-23-06;21FLPDEM_WQX-E1-A-23-07;21FLPDEM_WQX-E1-A-23-08;21FLPDEM_WQX-E1-A-24-01;21FLPDEM_WQX-E1-A-24-02;21FLPDEM_WQX-E1-A-24-03;21FLPDEM_WQX-E1-A-24-04;21FLPDEM_WQX-E1-A-24-05;21FLPDEM_WQX-E1-A-24-06;21FLPDEM_WQX-E1-A-24-07;21FLPDEM_WQX-E1-A-24-08;21FLPDEM_WQX-E1-A-25-01;21FLPDEM_WQX-E1-A1-09-08;21FLPDEM_WQX-E1-A1-15-01;21FLPDEM_WQX-E1-A3-15-02;21FLPDEM_WQX-E1-B-09-06;21FLPDEM_WQX-E1-B-09-07;21FLPDEM_WQX-E1-B-09-08;21FLPDEM_WQX-E1-B-10-01;21FLPDEM_WQX-E1-B-10-02;21FLPDEM_WQX-E1-B-10-03;21FLPDEM_WQX-E1-B-10-04;21FLPDEM_WQX-E1-B-10-05;21FLPDEM_WQX-E1-B-10-06;21FLPDEM_WQX-E1-B-10-07;21FLPDEM_WQX-E1-B-10-08;21FLPDEM_WQX-E1-B-11-01;21FLPDEM_WQX-E1-B-11-02;21FLPDEM_WQX-E1-B-11-03;21FLPDEM_WQX-E1-B-11-04;21FLPDEM_WQX-E1-B-11-05;21FLPDEM_WQX-E1-B-11-06;21FLPDEM_WQX-E1-B-11-07;21FLPDEM_WQX-E1-B-11-08;21FLPDEM_WQX-E1-B-12-01;21FLPDEM_WQX-E1-B-12-02;21FLPDEM_WQX-E1-B-12-03;21FLPDEM_WQX-E1-B-12-04;21FLPDEM_WQX-E1-B-12-05;21FLPDEM_WQX-E1-B-12-06;21FLPDEM_WQX-E1-B-12-07;21FLPDEM_WQX-E1-B-12-08;21FLPDEM_WQX-E1-B-13-01;21FLPDEM_WQX-E1-B-13-02;21FLPDEM_WQX-E1-B-13-03;21FLPDEM_WQX-E1-B-13-04;21FLPDEM_WQX-E1-B-13-05;21FLPDEM_WQX-E1-B-13-07;21FLPDEM_WQX-E1-B-13-08;21FLPDEM_WQX-E1-B-14-01;21FLPDEM_WQX-E1-B-14-02;21FLPDEM_WQX-E1-B-14-03;21FLPDEM_WQX-E1-B-14-04;21FLPDEM_WQX-E1-B-14-05;21FLPDEM_WQX-E1-B-14-06;21FLPDEM_WQX-E1-B-14-07;21FLPDEM_WQX-E1-B-14-08;21FLPDEM_WQX-E1-B-15-02;21FLPDEM_WQX-E1-B-15-03;21FLPDEM_WQX-E1-B-15-04;21FLPDEM_WQX-E1-B-15-05;21FLPDEM_WQX-E1-B-15-06;21FLPDEM_WQX-E1-B-15-07;21FLPDEM_WQX-E1-B-15-08;21FLPDEM_WQX-E1-B-16-01;21FLPDEM_WQX-E1-B-16-02;21FLPDEM_WQX-E1-B-16-03;21FLPDEM_WQX-E1-B-16-04;21FLPDEM_WQX-E1-B-16-05;21FLPDEM_WQX-E1-B-16-06;21FLPDEM_WQX-E1-B-16-07;21FLPDEM_WQX-E1-B-16-08;21FLPDEM_WQX-E1-B-17-01;21FLPDEM_WQX-E1-B-17-02;21FLPDEM_WQX-E1-B-17-03;21FLPDEM_WQX-E1-B-17-04;21FLPDEM_WQX-E1-B-17-05;21FLPDEM_WQX-E1-B-17-06;21FLPDEM_WQX-E1-B-17-07;21FLPDEM_WQX-E1-B-17-08;21FLPDEM_WQX-E1-B-18-01;21FLPDEM_WQX-E1-B-18-02;21FLPDEM_WQX-E1-B-18-04;21FLPDEM_WQX-E1-B-18-05;21FLPDEM_WQX-E1-B-18-06;21FLPDEM_WQX-E1-B-18-07;21FLPDEM_WQX-E1-B-18-08;21FLPDEM_WQX-E1-B-19-01;21FLPDEM_WQX-E1-B-19-02;21FLPDEM_WQX-E1-B-19-03;21FLPDEM_WQX-E1-B-19-04;21FLPDEM_WQX-E1-B-19-05;21FLPDEM_WQX-E1-B-19-06;21FLPDEM_WQX-E1-B-19-07;21FLPDEM_WQX-E1-B-19-08;21FLPDEM_WQX-E1-B-20-01;21FLPDEM_WQX-E1-B-20-02;21FLPDEM_WQX-E1-B-20-03;21FLPDEM_WQX-E1-B-20-04;21FLPDEM_WQX-E1-B-20-05;21FLPDEM_WQX-E1-B-20-06;21FLPDEM_WQX-E1-B-20-07;21FLPDEM_WQX-E1-B-20-08;21FLPDEM_WQX-E1-B-21-01;21FLPDEM_WQX-E1-B-21-02;21FLPDEM_WQX-E1-B-21-03;21FLPDEM_WQX-E1-B-21-04;21FLPDEM_WQX-E1-B-21-05;21FLPDEM_WQX-E1-B-21-06;21FLPDEM_WQX-E1-B-21-07;21FLPDEM_WQX-E1-B-21-08;21FLPDEM_WQX-E1-B-22-01;21FLPDEM_WQX-E1-B-22-02;21FLPDEM_WQX-E1-B-22-04;21FLPDEM_WQX-E1-B-22-05;21FLPDEM_WQX-E1-B-22-06;21FLPDEM_WQX-E1-B-22-07;21FLPDEM_WQX-E1-B-22-08;21FLPDEM_WQX-E1-B-23-01;21FLPDEM_WQX-E1-B-23-02;21FLPDEM_WQX-E1-B-23-03;21FLPDEM_WQX-E1-B-23-04;21FLPDEM_WQX-E1-B-23-05;21FLPDEM_WQX-E1-B-23-06;21FLPDEM_WQX-E1-B-23-07;21FLPDEM_WQX-E1-B-23-08;21FLPDEM_WQX-E1-B-24-01;21FLPDEM_WQX-E1-B-24-02;21FLPDEM_WQX-E1-B-24-03;21FLPDEM_WQX-E1-B-24-04;21FLPDEM_WQX-E1-B-24-05;21FLPDEM_WQX-E1-B-24-06;21FLPDEM_WQX-E1-B-24-07;21FLPDEM_WQX-E1-B-24-08;21FLPDEM_WQX-E1-B-25-01;21FLPDEM_WQX-E1-B2-13-06;21FLPDEM_WQX-E1-B2-15-01;21FLPDEM_WQX-E1-C-09-06;21FLPDEM_WQX-E1-C-09-07;21FLPDEM_WQX-E1-C-09-08;21FLPDEM_WQX-E1-C-10-01;21FLPDEM_WQX-E1-C-10-02;21FLPDEM_WQX-E1-C-10-03;21FLPDEM_WQX-E1-C-10-04;21FLPDEM_WQX-E1-C-10-06;21FLPDEM_WQX-E1-C-10-07;21FLPDEM_WQX-E1-C-10-08;21FLPDEM_WQX-E1-C-11-01;21FLPDEM_WQX-E1-C-11-02;21FLPDEM_WQX-E1-C-11-03;21FLPDEM_WQX-E1-C-11-04;21FLPDEM_WQX-E1-C-11-05;21FLPDEM_WQX-E1-C-11-06;21FLPDEM_WQX-E1-C-11-07;21FLPDEM_WQX-E1-C-11-08;21FLPDEM_WQX-E1-C-12-01;21FLPDEM_WQX-E1-C-12-02;21FLPDEM_WQX-E1-C-12-03;21FLPDEM_WQX-E1-C-12-04;21FLPDEM_WQX-E1-C-12-05;21FLPDEM_WQX-E1-C-12-06;21FLPDEM_WQX-E1-C-12-07;21FLPDEM_WQX-E1-C-12-08;21FLPDEM_WQX-E1-C-13-01;21FLPDEM_WQX-E1-C-13-02;21FLPDEM_WQX-E1-C-13-03;21FLPDEM_WQX-E1-C-13-04;21FLPDEM_WQX-E1-C-13-05;21FLPDEM_WQX-E1-C-13-06;21FLPDEM_WQX-E1-C-13-07;21FLPDEM_WQX-E1-C-13-08;21FLPDEM_WQX-E1-C-14-01;21FLPDEM_WQX-E1-C-14-02;21FLPDEM_WQX-E1-C-14-03;21FLPDEM_WQX-E1-C-14-04;21FLPDEM_WQX-E1-C-14-05;21FLPDEM_WQX-E1-C-14-06;21FLPDEM_WQX-E1-C-14-07;21FLPDEM_WQX-E1-C-14-08;21FLPDEM_WQX-E1-C-15-01;21FLPDEM_WQX-E1-C-15-02;21FLPDEM_WQX-E1-C-15-03;21FLPDEM_WQX-E1-C-15-04;21FLPDEM_WQX-E1-C-15-05;21FLPDEM_WQX-E1-C-15-06;21FLPDEM_WQX-E1-C-15-07;21FLPDEM_WQX-E1-C-15-08;21FLPDEM_WQX-E1-C-16-01;21FLPDEM_WQX-E1-C-16-02;21FLPDEM_WQX-E1-C-16-03;21FLPDEM_WQX-E1-C-16-04;21FLPDEM_WQX-E1-C-16-05;21FLPDEM_WQX-E1-C-16-06;21FLPDEM_WQX-E1-C-16-07;21FLPDEM_WQX-E1-C-16-08;21FLPDEM_WQX-E1-C-17-01;21FLPDEM_WQX-E1-C-17-02;21FLPDEM_WQX-E1-C-17-03;21FLPDEM_WQX-E1-C-17-04;21FLPDEM_WQX-E1-C-17-05;21FLPDEM_WQX-E1-C-17-06;21FLPDEM_WQX-E1-C-17-07;21FLPDEM_WQX-E1-C-17-08;21FLPDEM_WQX-E1-C-18-01;21FLPDEM_WQX-E1-C-18-02;21FLPDEM_WQX-E1-C-18-03;21FLPDEM_WQX-E1-C-18-04;21FLPDEM_WQX-E1-C-18-05;21FLPDEM_WQX-E1-C-18-06;21FLPDEM_WQX-E1-C-18-07;21FLPDEM_WQX-E1-C-18-08;21FLPDEM_WQX-E1-C-19-01;21FLPDEM_WQX-E1-C-19-02;21FLPDEM_WQX-E1-C-19-03;21FLPDEM_WQX-E1-C-19-04;21FLPDEM_WQX-E1-C-19-05;21FLPDEM_WQX-E1-C-19-06;21FLPDEM_WQX-E1-C-19-07;21FLPDEM_WQX-E1-C-19-08;21FLPDEM_WQX-E1-C-20-01;21FLPDEM_WQX-E1-C-20-02;21FLPDEM_WQX-E1-C-20-03;21FLPDEM_WQX-E1-C-20-04;21FLPDEM_WQX-E1-C-20-05;21FLPDEM_WQX-E1-C-20-07;21FLPDEM_WQX-E1-C-20-08;21FLPDEM_WQX-E1-C-21-01;21FLPDEM_WQX-E1-C-21-02;21FLPDEM_WQX-E1-C-21-03;21FLPDEM_WQX-E1-C-21-04;21FLPDEM_WQX-E1-C-21-05;21FLPDEM_WQX-E1-C-21-06;21FLPDEM_WQX-E1-C-21-07;21FLPDEM_WQX-E1-C-21-08;21FLPDEM_WQX-E1-C-22-01;21FLPDEM_WQX-E1-C-22-02;21FLPDEM_WQX-E1-C-22-03;21FLPDEM_WQX-E1-C-22-04;21FLPDEM_WQX-E1-C-22-05;21FLPDEM_WQX-E1-C-22-06;21FLPDEM_WQX-E1-C-22-07;21FLPDEM_WQX-E1-C-22-08;21FLPDEM_WQX-E1-C-23-01;21FLPDEM_WQX-E1-C-23-02;21FLPDEM_WQX-E1-C-23-03;21FLPDEM_WQX-E1-C-23-04;21FLPDEM_WQX-E1-C-23-05;21FLPDEM_WQX-E1-C-23-06;21FLPDEM_WQX-E1-C-23-07;21FLPDEM_WQX-E1-C-23-08;21FLPDEM_WQX-E1-C-24-01;21FLPDEM_WQX-E1-C-24-02;21FLPDEM_WQX-E1-C-24-03;21FLPDEM_WQX-E1-C-24-04;21FLPDEM_WQX-E1-C-24-05;21FLPDEM_WQX-E1-C-24-06;21FLPDEM_WQX-E1-C-24-07;21FLPDEM_WQX-E1-C-24-08;21FLPDEM_WQX-E1-C-25-01;21FLPDEM_WQX-E1-C2-10-05;21FLPDEM_WQX-E1-D-09-06;21FLPDEM_WQX-E1-D-09-08;21FLPDEM_WQX-E1-D-10-02;21FLPDEM_WQX-E1-D-10-03;21FLPDEM_WQX-E1-D-10-04;21FLPDEM_WQX-E1-D-10-05;21FLPDEM_WQX-E1-D-10-06;21FLPDEM_WQX-E1-D-10-07;21FLPDEM_WQX-E1-D-10-08;21FLPDEM_WQX-E1-D-11-01;21FLPDEM_WQX-E1-D-11-02;21FLPDEM_WQX-E1-D-11-03;21FLPDEM_WQX-E1-D-11-04;21FLPDEM_WQX-E1-D-11-05;21FLPDEM_WQX-E1-D-11-06;21FLPDEM_WQX-E1-D-11-07;21FLPDEM_WQX-E1-D-11-08;21FLPDEM_WQX-E1-D-12-01;21FLPDEM_WQX-E1-D-12-02;21FLPDEM_WQX-E1-D-12-03;21FLPDEM_WQX-E1-D-12-04;21FLPDEM_WQX-E1-D-12-05;21FLPDEM_WQX-E1-D-12-06;21FLPDEM_WQX-E1-D-12-07;21FLPDEM_WQX-E1-D-12-08;21FLPDEM_WQX-E1-D-13-02;21FLPDEM_WQX-E1-D-13-03;21FLPDEM_WQX-E1-D-13-04;21FLPDEM_WQX-E1-D-13-05;21FLPDEM_WQX-E1-D-13-06;21FLPDEM_WQX-E1-D-13-07;21FLPDEM_WQX-E1-D-13-08;21FLPDEM_WQX-E1-D-14-01;21FLPDEM_WQX-E1-D-14-02;21FLPDEM_WQX-E1-D-14-03;21FLPDEM_WQX-E1-D-14-04;21FLPDEM_WQX-E1-D-14-05;21FLPDEM_WQX-E1-D-14-06;21FLPDEM_WQX-E1-D-14-07;21FLPDEM_WQX-E1-D-14-08;21FLPDEM_WQX-E1-D-15-01;21FLPDEM_WQX-E1-D-15-02;21FLPDEM_WQX-E1-D-15-03;21FLPDEM_WQX-E1-D-15-04;21FLPDEM_WQX-E1-D-15-05;21FLPDEM_WQX-E1-D-15-06;21FLPDEM_WQX-E1-D-15-07;21FLPDEM_WQX-E1-D-15-08;21FLPDEM_WQX-E1-D-16-01;21FLPDEM_WQX-E1-D-16-02;21FLPDEM_WQX-E1-D-16-03;21FLPDEM_WQX-E1-D-16-04;21FLPDEM_WQX-E1-D-16-05;21FLPDEM_WQX-E1-D-16-06;21FLPDEM_WQX-E1-D-16-07;21FLPDEM_WQX-E1-D-16-08;21FLPDEM_WQX-E1-D-17-01;21FLPDEM_WQX-E1-D-17-02;21FLPDEM_WQX-E1-D-17-03;21FLPDEM_WQX-E1-D-17-04;21FLPDEM_WQX-E1-D-17-05;21FLPDEM_WQX-E1-D-17-06;21FLPDEM_WQX-E1-D-17-07;21FLPDEM_WQX-E1-D-17-08;21FLPDEM_WQX-E1-D-18-01;21FLPDEM_WQX-E1-D-18-02;21FLPDEM_WQX-E1-D-18-03;21FLPDEM_WQX-E1-D-18-04;21FLPDEM_WQX-E1-D-18-05;21FLPDEM_WQX-E1-D-18-06;21FLPDEM_WQX-E1-D-18-07;21FLPDEM_WQX-E1-D-18-08;21FLPDEM_WQX-E1-D-19-01;21FLPDEM_WQX-E1-D-19-02;21FLPDEM_WQX-E1-D-19-03;21FLPDEM_WQX-E1-D-19-04;21FLPDEM_WQX-E1-D-19-05;21FLPDEM_WQX-E1-D-19-06;21FLPDEM_WQX-E1-D-19-07;21FLPDEM_WQX-E1-D-19-08;21FLPDEM_WQX-E1-D-20-01;21FLPDEM_WQX-E1-D-20-02;21FLPDEM_WQX-E1-D-20-03;21FLPDEM_WQX-E1-D-20-04;21FLPDEM_WQX-E1-D-20-05;21FLPDEM_WQX-E1-D-20-06;21FLPDEM_WQX-E1-D-20-07;21FLPDEM_WQX-E1-D-20-08;21FLPDEM_WQX-E1-D-21-01;21FLPDEM_WQX-E1-D-21-02;21FLPDEM_WQX-E1-D-21-03;21FLPDEM_WQX-E1-D-21-04;21FLPDEM_WQX-E1-D-21-05;21FLPDEM_WQX-E1-D-21-06;21FLPDEM_WQX-E1-D-21-07;21FLPDEM_WQX-E1-D-21-08;21FLPDEM_WQX-E1-D-22-01;21FLPDEM_WQX-E1-D-22-02;21FLPDEM_WQX-E1-D-22-03;21FLPDEM_WQX-E1-D-22-04;21FLPDEM_WQX-E1-D-22-05;21FLPDEM_WQX-E1-D-22-06;21FLPDEM_WQX-E1-D-22-07;21FLPDEM_WQX-E1-D-22-08;21FLPDEM_WQX-E1-D-23-01;21FLPDEM_WQX-E1-D-23-02;21FLPDEM_WQX-E1-D-23-03;21FLPDEM_WQX-E1-D-23-04;21FLPDEM_WQX-E1-D-23-05;21FLPDEM_WQX-E1-D-23-06;21FLPDEM_WQX-E1-D-23-07;21FLPDEM_WQX-E1-D-23-08;21FLPDEM_WQX-E1-D-24-01;21FLPDEM_WQX-E1-D-24-02;21FLPDEM_WQX-E1-D-24-03;21FLPDEM_WQX-E1-D-24-04;21FLPDEM_WQX-E1-D-24-05;21FLPDEM_WQX-E1-D-24-06;21FLPDEM_WQX-E1-D-24-07;21FLPDEM_WQX-E1-D-24-08;21FLPDEM_WQX-E1-D-25-01;21FLPDEM_WQX-E1-D1-10-01;21FLPDEM_WQX-E1-D1-13-01;21FLPDEM_WQX-E2-A-10-03;21FLPDEM_WQX-E2-A-10-08;21FLPDEM_WQX-E2-A-11-01;21FLPDEM_WQX-E2-A-11-06;21FLPDEM_WQX-E2-A-11-08;21FLPDEM_WQX-E2-A-12-01;21FLPDEM_WQX-E2-A-12-03;21FLPDEM_WQX-E2-A-12-05;21FLPDEM_WQX-E2-A-12-06;21FLPDEM_WQX-E2-A-13-06;21FLPDEM_WQX-E2-A-13-07;21FLPDEM_WQX-E2-A-14-03;21FLPDEM_WQX-E2-A-14-06;21FLPDEM_WQX-E2-A-14-08;21FLPDEM_WQX-E2-A-15-02;21FLPDEM_WQX-E2-A-15-04;21FLPDEM_WQX-E2-A-15-05;21FLPDEM_WQX-E2-A-15-06;21FLPDEM_WQX-E2-A-16-06;21FLPDEM_WQX-E2-A-16-07;21FLPDEM_WQX-E2-A-17-03;21FLPDEM_WQX-E2-A-17-05;21FLPDEM_WQX-E2-A-17-06;21FLPDEM_WQX-E2-A-17-07;21FLPDEM_WQX-E2-A-18-02;21FLPDEM_WQX-E2-A-18-08;21FLPDEM_WQX-E2-A-19-01;21FLPDEM_WQX-E2-A-19-08;21FLPDEM_WQX-E2-A-20-03;21FLPDEM_WQX-E2-A-20-05;21FLPDEM_WQX-E2-A-20-06;21FLPDEM_WQX-E2-A-21-01;21FLPDEM_WQX-E2-A-21-03;21FLPDEM_WQX-E2-A-21-04;21FLPDEM_WQX-E2-A-21-05;21FLPDEM_WQX-E2-A-21-08;21FLPDEM_WQX-E2-A-22-02;21FLPDEM_WQX-E2-A-22-03;21FLPDEM_WQX-E2-A-22-07;21FLPDEM_WQX-E2-A-23-02;21FLPDEM_WQX-E2-A-24-01;21FLPDEM_WQX-E2-A-24-02;21FLPDEM_WQX-E2-A-24-06;21FLPDEM_WQX-E2-A-24-07;21FLPDEM_WQX-E2-B-09-08;21FLPDEM_WQX-E2-B-10-03;21FLPDEM_WQX-E2-B-10-04;21FLPDEM_WQX-E2-B-10-05;21FLPDEM_WQX-E2-B-10-06;21FLPDEM_WQX-E2-B-11-02;21FLPDEM_WQX-E2-B-11-04;21FLPDEM_WQX-E2-B-11-06;21FLPDEM_WQX-E2-B-12-03;21FLPDEM_WQX-E2-B-12-04;21FLPDEM_WQX-E2-B-12-06;21FLPDEM_WQX-E2-B-12-07;21FLPDEM_WQX-E2-B-13-03;21FLPDEM_WQX-E2-B-13-04;21FLPDEM_WQX-E2-B-13-05;21FLPDEM_WQX-E2-B-13-08;21FLPDEM_WQX-E2-B-15-03;21FLPDEM_WQX-E2-B-15-04;21FLPDEM_WQX-E2-B-15-05;21FLPDEM_WQX-E2-B-16-02;21FLPDEM_WQX-E2-B-16-03;21FLPDEM_WQX-E2-B-16-07;21FLPDEM_WQX-E2-B-17-03;21FLPDEM_WQX-E2-B-17-06;21FLPDEM_WQX-E2-B-17-07;21FLPDEM_WQX-E2-B-18-02;21FLPDEM_WQX-E2-B-18-05;21FLPDEM_WQX-E2-B-18-07;21FLPDEM_WQX-E2-B-19-01;21FLPDEM_WQX-E2-B-19-03;21FLPDEM_WQX-E2-B-20-03;21FLPDEM_WQX-E2-B-21-02;21FLPDEM_WQX-E2-B-21-05;21FLPDEM_WQX-E2-B-21-07;21FLPDEM_WQX-E2-B-22-03;21FLPDEM_WQX-E2-B-23-03;21FLPDEM_WQX-E2-B-23-04;21FLPDEM_WQX-E2-B-23-06;21FLPDEM_WQX-E2-B-24-05;21FLPDEM_WQX-E2-B-24-07;21FLPDEM_WQX-E2-B1-14-01;21FLPDEM_WQX-E2-C-09-06;21FLPDEM_WQX-E2-C-09-08;21FLPDEM_WQX-E2-C-10-01;21FLPDEM_WQX-E2-C-10-03;21FLPDEM_WQX-E2-C-11-05;21FLPDEM_WQX-E2-C-12-02;21FLPDEM_WQX-E2-C-12-06;21FLPDEM_WQX-E2-C-12-07;21FLPDEM_WQX-E2-C-13-07;21FLPDEM_WQX-E2-C-14-05;21FLPDEM_WQX-E2-C-14-07;21FLPDEM_WQX-E2-C-15-05;21FLPDEM_WQX-E2-C-15-07;21FLPDEM_WQX-E2-C-16-01;21FLPDEM_WQX-E2-C-16-03;21FLPDEM_WQX-E2-C-16-05;21FLPDEM_WQX-E2-C-16-06;21FLPDEM_WQX-E2-C-16-07;21FLPDEM_WQX-E2-C-17-01;21FLPDEM_WQX-E2-C-17-03;21FLPDEM_WQX-E2-C-17-08;21FLPDEM_WQX-E2-C-18-02;21FLPDEM_WQX-E2-C-19-02;21FLPDEM_WQX-E2-C-19-04;21FLPDEM_WQX-E2-C-19-06;21FLPDEM_WQX-E2-C-19-07;21FLPDEM_WQX-E2-C-20-01;21FLPDEM_WQX-E2-C-20-03;21FLPDEM_WQX-E2-C-20-06;21FLPDEM_WQX-E2-C-21-02;21FLPDEM_WQX-E2-C-21-06;21FLPDEM_WQX-E2-C-21-08;21FLPDEM_WQX-E2-C-22-01;21FLPDEM_WQX-E2-C-22-05;21FLPDEM_WQX-E2-C-22-07;21FLPDEM_WQX-E2-C-23-02;21FLPDEM_WQX-E2-C-23-04;21FLPDEM_WQX-E2-C-23-05;21FLPDEM_WQX-E2-C-23-08;21FLPDEM_WQX-E2-C-24-01;21FLPDEM_WQX-E2-C-24-04;21FLPDEM_WQX-E2-D-09-06;21FLPDEM_WQX-E2-D-10-01;21FLPDEM_WQX-E2-D-10-02;21FLPDEM_WQX-E2-D-10-06;21FLPDEM_WQX-E2-D-11-01;21FLPDEM_WQX-E2-D-11-05;21FLPDEM_WQX-E2-D-12-04;21FLPDEM_WQX-E2-D-12-06;21FLPDEM_WQX-E2-D-12-07;21FLPDEM_WQX-E2-D-13-03;21FLPDEM_WQX-E2-D-13-04;21FLPDEM_WQX-E2-D-13-05;21FLPDEM_WQX-E2-D-13-07;21FLPDEM_WQX-E2-D-14-03;21FLPDEM_WQX-E2-D-14-04;21FLPDEM_WQX-E2-D-14-07;21FLPDEM_WQX-E2-D-14-08;21FLPDEM_WQX-E2-D-15-01;21FLPDEM_WQX-E2-D-15-02;21FLPDEM_WQX-E2-D-16-01;21FLPDEM_WQX-E2-D-16-04;21FLPDEM_WQX-E2-D-17-05;21FLPDEM_WQX-E2-D-18-03;21FLPDEM_WQX-E2-D-18-06;21FLPDEM_WQX-E2-D-18-07;21FLPDEM_WQX-E2-D-19-02;21FLPDEM_WQX-E2-D-19-03;21FLPDEM_WQX-E2-D-19-05;21FLPDEM_WQX-E2-D-20-01;21FLPDEM_WQX-E2-D-20-02;21FLPDEM_WQX-E2-D-20-03;21FLPDEM_WQX-E2-D-20-04;21FLPDEM_WQX-E2-D-20-07;21FLPDEM_WQX-E2-D-22-01;21FLPDEM_WQX-E2-D-22-03;21FLPDEM_WQX-E2-D-22-04;21FLPDEM_WQX-E2-D-22-07;21FLPDEM_WQX-E2-D-23-03;21FLPDEM_WQX-E2-D-23-07;21FLPDEM_WQX-E2-D-24-01;21FLPDEM_WQX-E2-D1-12-01;21FLPDEM_WQX-E2-D1-13-06;21FLPDEM_WQX-E3-A-09-07;21FLPDEM_WQX-E3-A-12-06;21FLPDEM_WQX-E3-A-12-07;21FLPDEM_WQX-E3-A-13-02;21FLPDEM_WQX-E3-A-15-01;21FLPDEM_WQX-E3-A-15-03;21FLPDEM_WQX-E3-A-16-01;21FLPDEM_WQX-E3-A-17-07;21FLPDEM_WQX-E3-A-19-04;21FLPDEM_WQX-E3-A-21-01;21FLPDEM_WQX-E3-A-24-03;21FLPDEM_WQX-E3-A-24-04;21FLPDEM_WQX-E3-B-09-07;21FLPDEM_WQX-E3-B-09-08;21FLPDEM_WQX-E3-B-10-02;21FLPDEM_WQX-E3-B-11-04;21FLPDEM_WQX-E3-B-11-06;21FLPDEM_WQX-E3-B-12-06;21FLPDEM_WQX-E3-B-12-07;21FLPDEM_WQX-E3-B-13-04;21FLPDEM_WQX-E3-B-14-02;21FLPDEM_WQX-E3-B-16-03;21FLPDEM_WQX-E3-B-17-06;21FLPDEM_WQX-E3-B-18-06;21FLPDEM_WQX-E3-B-19-01;21FLPDEM_WQX-E3-B-20-01;21FLPDEM_WQX-E3-B-20-05;21FLPDEM_WQX-E3-B-22-01;21FLPDEM_WQX-E3-B-23-01;21FLPDEM_WQX-E3-B-23-03;21FLPDEM_WQX-E3-B-23-08;21FLPDEM_WQX-E3-B-24-02;21FLPDEM_WQX-E3-C-09-06;21FLPDEM_WQX-E3-C-10-05;21FLPDEM_WQX-E3-C-11-07;21FLPDEM_WQX-E3-C-12-05;21FLPDEM_WQX-E3-C-14-05;21FLPDEM_WQX-E3-C-15-01;21FLPDEM_WQX-E3-C-16-04;21FLPDEM_WQX-E3-C-16-07;21FLPDEM_WQX-E3-C-18-05;21FLPDEM_WQX-E3-C-19-08;21FLPDEM_WQX-E3-C-20-05;21FLPDEM_WQX-E3-C-21-05;21FLPDEM_WQX-E3-D-10-05;21FLPDEM_WQX-E3-D-13-07;21FLPDEM_WQX-E3-D-14-03;21FLPDEM_WQX-E3-D-16-07;21FLPDEM_WQX-E3-D-17-06;21FLPDEM_WQX-E3-D-18-06;21FLPDEM_WQX-E3-D-19-05;21FLPDEM_WQX-E3-D-19-08;21FLPDEM_WQX-E3-D-20-01;21FLPDEM_WQX-E3-D-20-04;21FLPDEM_WQX-E3-D-24-08;21FLPDEM_WQX-LT-A-09-08;21FLPDEM_WQX-LT-A-11-02;21FLPDEM_WQX-LT-A-11-05;21FLPDEM_WQX-LT-A-11-06;21FLPDEM_WQX-LT-A-12-01;21FLPDEM_WQX-LT-A-12-07;21FLPDEM_WQX-LT-A-12-08;21FLPDEM_WQX-LT-A-14-03;21FLPDEM_WQX-LT-A-14-04;21FLPDEM_WQX-LT-A-16-01;21FLPDEM_WQX-LT-A-16-04;21FLPDEM_WQX-LT-A-17-02;21FLPDEM_WQX-LT-A-17-06;21FLPDEM_WQX-LT-A-18-04;21FLPDEM_WQX-LT-A-18-08;21FLPDEM_WQX-LT-A-19-03;21FLPDEM_WQX-LT-A-20-04;21FLPDEM_WQX-LT-A-20-05;21FLPDEM_WQX-LT-A-21-05;21FLPDEM_WQX-LT-A-22-04;21FLPDEM_WQX-LT-A-23-01;21FLPDEM_WQX-LT-A-23-08;21FLPDEM_WQX-LT-A-24-01;21FLPDEM_WQX-LT-A-24-02;21FLPDEM_WQX-LT-A-24-08;21FLPDEM_WQX-LT-A-25-01;21FLPDEM_WQX-LT-A1-10-07;21FLPDEM_WQX-LT-B-09-07;21FLPDEM_WQX-LT-B-10-05;21FLPDEM_WQX-LT-B-10-08;21FLPDEM_WQX-LT-B-11-02;21FLPDEM_WQX-LT-B-11-07;21FLPDEM_WQX-LT-B-12-03;21FLPDEM_WQX-LT-B-13-01;21FLPDEM_WQX-LT-B-13-04;21FLPDEM_WQX-LT-B-14-01;21FLPDEM_WQX-LT-B-14-07;21FLPDEM_WQX-LT-B-14-08;21FLPDEM_WQX-LT-B-15-01;21FLPDEM_WQX-LT-B-15-04;21FLPDEM_WQX-LT-B-15-06;21FLPDEM_WQX-LT-B-15-07;21FLPDEM_WQX-LT-B-16-05;21FLPDEM_WQX-LT-B-17-01;21FLPDEM_WQX-LT-B-17-02;21FLPDEM_WQX-LT-B-17-03;21FLPDEM_WQX-LT-B-18-04;21FLPDEM_WQX-LT-B-18-07;21FLPDEM_WQX-LT-B-19-08;21FLPDEM_WQX-LT-B-20-05;21FLPDEM_WQX-LT-B-21-03;21FLPDEM_WQX-LT-B-21-04;21FLPDEM_WQX-LT-B-22-04;21FLPDEM_WQX-LT-B-23-01;21FLPDEM_WQX-LT-B-23-04;21FLPDEM_WQX-LT-B-23-05;21FLPDEM_WQX-LT-B-24-01;21FLPDEM_WQX-LT-B-24-02;21FLPDEM_WQX-LT-B1-12-04;21FLPDEM_WQX-LT-C-10-03;21FLPDEM_WQX-LT-C-10-05;21FLPDEM_WQX-LT-C-10-07;21FLPDEM_WQX-LT-C-11-05;21FLPDEM_WQX-LT-C-12-02;21FLPDEM_WQX-LT-C-13-03;21FLPDEM_WQX-LT-C-13-05;21FLPDEM_WQX-LT-C-14-02;21FLPDEM_WQX-LT-C-14-06;21FLPDEM_WQX-LT-C-15-01;21FLPDEM_WQX-LT-C-15-02;21FLPDEM_WQX-LT-C-16-02;21FLPDEM_WQX-LT-C-16-03;21FLPDEM_WQX-LT-C-16-05;21FLPDEM_WQX-LT-C-16-07;21FLPDEM_WQX-LT-C-17-03;21FLPDEM_WQX-LT-C-18-01;21FLPDEM_WQX-LT-C-18-07;21FLPDEM_WQX-LT-C-19-02;21FLPDEM_WQX-LT-C-19-03;21FLPDEM_WQX-LT-C-19-07;21FLPDEM_WQX-LT-C-20-01;21FLPDEM_WQX-LT-C-20-02;21FLPDEM_WQX-LT-C-20-05;21FLPDEM_WQX-LT-C-21-01;21FLPDEM_WQX-LT-C-21-06;21FLPDEM_WQX-LT-C-22-02;21FLPDEM_WQX-LT-C-22-05;21FLPDEM_WQX-LT-C-22-07;21FLPDEM_WQX-LT-C-23-04;21FLPDEM_WQX-LT-C-23-05;21FLPDEM_WQX-LT-C-24-02;21FLPDEM_WQX-LT-C-24-07;21FLPDEM_WQX-LT-D-09-07;21FLPDEM_WQX-LT-D-11-01;21FLPDEM_WQX-LT-D-12-04;21FLPDEM_WQX-LT-D-12-06;21FLPDEM_WQX-LT-D-13-03;21FLPDEM_WQX-LT-D-13-08;21FLPDEM_WQX-LT-D-14-01;21FLPDEM_WQX-LT-D-14-05;21FLPDEM_WQX-LT-D-15-07;21FLPDEM_WQX-LT-D-16-05;21FLPDEM_WQX-LT-D-18-07;21FLPDEM_WQX-LT-D-18-08;21FLPDEM_WQX-LT-D-19-02;21FLPDEM_WQX-LT-D-19-04;21FLPDEM_WQX-LT-D-19-06;21FLPDEM_WQX-LT-D-20-01;21FLPDEM_WQX-LT-D-20-04;21FLPDEM_WQX-LT-D-20-06;21FLPDEM_WQX-LT-D-21-02;21FLPDEM_WQX-LT-D-21-04;21FLPDEM_WQX-LT-D-21-05;21FLPDEM_WQX-LT-D-21-06;21FLPDEM_WQX-LT-D-21-07;21FLPDEM_WQX-LT-D-22-01;21FLPDEM_WQX-LT-D-22-02;21FLPDEM_WQX-LT-D-23-01;21FLPDEM_WQX-LT-D-23-04;21FLPDEM_WQX-LT-D1-11-07;21FLSWFD_WQX-21075;21FLSWFD_WQX-21089;21FLSWFD_WQX-21092;21FLSWFD_WQX-21116;21FLSWFD_WQX-22084;21FLSWFD_WQX-22096;21FLSWFD_WQX-22697;21FLSWFD_WQX-22700;21FLSWFD_WQX-22703;21FLSWFD_WQX-22707;21FLSWFD_WQX-452196;21FLTPA_WQX-24030150;21FLTPA_WQX-24040029;21FLTPA_WQX-24040033;21FLTPA_WQX-275826008243109;21FLTPA_WQX-275830108242477;21FLTPA_WQX-27584478242314;21FLTPA_WQX-27584728241429;21FLTPA_WQX-275847408241422;21FLTPA_WQX-275849608242035;21FLTPA_WQX-275850408241508;21FLTPA_WQX-275852824149;21FLTPA_WQX-275855008241596;21FLTPA_WQX-275858608241459;21FLTPA_WQX-27593868241169;21FLTPA_WQX-27594438241294;21FLTPA_WQX-27595058241475;21FLTPA_WQX-28013988244251;21FLTPA_WQX-2801568241139;21FLTPA_WQX-28015968245094;21FLTPA_WQX-28020958240534;21FLTPA_WQX-2802170824153;21FLTPA_WQX-28021908244378;21FLTPA_WQX-28022868245107;21FLTPA_WQX-28024988245042;21FLTPA_WQX-28025538242267;21FLTPA_WQX-2803030824229;21FLTPA_WQX-2803040824138;21FLTPA_WQX-280354508243065;21FLTPA_WQX-280355908243054;21FLTPA_WQX-280359908242529;21FLTPA_WQX-280405408243235;21FLTPA_WQX-280447308242353;21FLTPA_WQX-280453808242201;21FLTPA_WQX-280556808241104;21FLTPA_WQX-2821088242192;21FLTPA_WQX-2821288240456;21FLTPA_WQX-2824878241307;21FLTPA_WQX-28585728242259;21FLTPA_WQX-G1SW0051;21FLTPA_WQX-G1SW0054;21FLTPA_WQX-G1SW0055;21FLTPA_WQX-G1SW0057;21FLTPA_WQX-G1SW0061;21FLTPA_WQX-G1SW0062;21FLTPA_WQX-G1SW0063;21FLTPA_WQX-G1SW0095;21FLTPA_WQX-G1SW0126;21FLTPA_WQX-G1SW0131;21FLTPA_WQX-G1SW0165;21FLTPA_WQX-G1SW0171;21FLTPA_WQX-G5SW0117;21FLTPA_WQX-G5SW0196;21FLTPA_WQX-HAB-SW-0278;21FLTPA_WQX-HAB-SW-0319;21FLWQA_WQX-11-06;21FLWQSP_WQX-PIN587US;EMAP_CS-FL04-0024;NALMS-F277793;NALMS-F280347;NALMS-F294329;USGS-02307149;USGS-02307172;USGS-02307359;USGS-02307488;USGS-02307498;USGS-02307499;USGS-02307527;USGS-02307537;USGS-02307542;USGS-02307544;USGS-02307566;USGS-02307578;USGS-02307587;USGS-02307670;USGS-02307671;USGS-02307672;USGS-02307673;USGS-02307675;USGS-02307676;USGS-02307696;USGS-02307697;USGS-02309415;USGS-02309421;USGS-275630082393600;USGS-275640082385300;USGS-275701082375501;USGS-275701082375502;USGS-275701082375503;USGS-275701082375504;USGS-275701082375506;USGS-275701082375510;USGS-275701082375522;USGS-275701082375599;USGS-275701082402200;USGS-275734082423201;USGS-275735082422902;USGS-275735082422903;USGS-275735082423000;USGS-275828082424201;USGS-275844082412600;USGS-275857082400000;USGS-275920082420501;USGS-275925082411300;USGS-275925082421001;USGS-275928082420702;USGS-275949082442401;USGS-280001082385700;USGS-280002082412601;USGS-280002082412602;USGS-280004082394201;USGS-280011082402100;USGS-280022082424901;USGS-280026082430801;USGS-280028082405101;USGS-280033082405101;USGS-280035082405401;USGS-280037082410201;USGS-280042082422701;USGS-280054082411301;USGS-280059082431801;USGS-280107082433801;USGS-280118082434501;USGS-280120082403000;USGS-280129082445501;USGS-280133082415101;USGS-280133082415102;USGS-280153082410801;USGS-280158082404301;USGS-280201082410701;USGS-280204082390901;USGS-280219082400701;USGS-280229082451801;USGS-280232082375801;USGS-280236082405601;USGS-280239082401101;USGS-280248082423200;USGS-280254082423401;USGS-280254082441602;USGS-280254082441603;USGS-280259082445401;USGS-280311082433701;USGS-280319082434301;USGS-280345082422101;USGS-280348082385701;USGS-280349082423800;USGS-280354082422101;USGS-280414082423200;USGS-280438082412801;USGS-280453082420900;USGS-280457082420401;USGS-280457082420402;USGS-280457082420403;USGS-280459082423901;USGS-280506082422500;USGS-280512082413600;USGS-280522082423600;USGS-280545082411600;USGS-280546082390701;USGS-280611082412001;USGS-280614082411601;USGS-280630082415401,/home/kdd1/jliu/Water_Hub/Water_quality_data/wqp_result_zips/US_12/FL_pinellas_county_US_12_103_inorganics_major_metals_wqp_results.zip;/home/kdd1/jliu/Water_Hub/Water_quality_data/wqp_result_zips/US_12/FL_pinellas_county_US_12_103_physical_wqp_results.zip,nearest WQP station with priority analytes within 10 km; closer station USGS-280204082390901 at 0.45 km lacks the priority analytes
FL,PUTNAM,East Putnam County RO WTP,29.631373108389,-81.5624612205805,Putnam County,East Palatka,Reverse osmosis,Drinking water,1,2010,Surface water discharge,Groundwater,needed an alternative water souce,none,none,0.22500000000000000,none,none,yes,800 mg/L TDS equivalent,none,none,80,25 mg/l,250 mg/l,~ 2.4 : 1,bypass,none,9 years (just replaced),none,none,FLORIDA FACILIITIES,27,matched,nearest_priority_station,2.902125,21FLA_WQX-20030223,ST JOHNS R UNDER POWER LINES S PALATKA,River/Stream,STORET,107,/home/kdd1/jliu/Water_Hub/Water_quality_data/wqp_result_zips/US_12/FL_putnam_county_US_12_107_inorganics_major_metals_wqp_results.zip;/home/kdd1/jliu/Water_Hub/Water_quality_data/wqp_result_zips/US_12/FL_putnam_county_US_12_107_physical_wqp_results.zip,/home/kdd1/jliu/Water_Hub/Water_quality_data/wqp_station_zips/US_12/FL_putnam_county_US_12_107_inorganics_major_metals_wqp_stations.zip;/home/kdd1/jliu/Water_Hub/Water_quality_data/wqp_station_zips/US_12/FL_putnam_county_US_12_107_physical_wqp_stations.zip,-81.59248520,29.63106750,,,140,2.773493,21FLA_WQX-20030212;21FLA_WQX-20030213;21FLA_WQX-20030221;21FLA_WQX-20030222;21FLA_WQX-20030223;21FLA_WQX-20030236;21FLA_WQX-20030305FLA;21FLA_WQX-20030425;21FLA_WQX-20030506;21FLA_WQX-20030507;21FLA_WQX-20030558;21FLA_WQX-20030559;21FLA_WQX-20030577;21FLA_WQX-20030681;21FLA_WQX-20030682;21FLA_WQX-20030718;21FLA_WQX-20030768;21FLA_WQX-20030771;21FLA_WQX-20030844;21FLA_WQX-20032029;21FLA_WQX-20032031;21FLA_WQX-20032037;21FLA_WQX-20032038;21FLA_WQX-20032039;21FLA_WQX-20032040;21FLA_WQX-20032041;21FLA_WQX-20032044;21FLA_WQX-20032045;21FLA_WQX-20032046;21FLA_WQX-20032047;21FLA_WQX-20032048;21FLA_WQX-20032049;21FLA_WQX-20032050;21FLA_WQX-20032051;21FLA_WQX-G2NE1143;21FLA_WQX-G2NE1187;21FLA_WQX-G2NE1202;21FLA_WQX-G2NE1209;21FLA_WQX-G2NE1210;21FLA_WQX-NEHAB0060;21FLA_WQX-NEHAB0130;21FLA_WQX-NEHAB0135;21FLGW_WQX-14262;21FLGW_WQX-14267;21FLGW_WQX-14268;21FLGW_WQX-14272;21FLGW_WQX-14274;21FLGW_WQX-14784;21FLGW_WQX-26999;21FLGW_WQX-27013;21FLGW_WQX-27018;21FLGW_WQX-27020;21FLGW_WQX-27023;21FLGW_WQX-27024;21FLGW_WQX-27027;21FLGW_WQX-27028;21FLGW_WQX-27950;21FLGW_WQX-36580;21FLGW_WQX-38186;21FLGW_WQX-38465;21FLGW_WQX-39310;21FLGW_WQX-39998;21FLGW_WQX-41168;21FLGW_WQX-42140;21FLGW_WQX-42153;21FLGW_WQX-43687;21FLGW_WQX-44339;21FLGW_WQX-49589;21FLGW_WQX-50920;21FLGW_WQX-51539;21FLGW_WQX-53749;21FLGW_WQX-55418;21FLGW_WQX-57467;21FLGW_WQX-58495;21FLGW_WQX-62502;21FLGW_WQX-62509;21FLGW_WQX-63669;21FLGW_WQX-64752;21FLGW_WQX-64885;21FLSJWM-3J06COWB;21FLSJWM-3J10CSDR;21FLSJWM-CRFRRCF;21FLSJWM-CRFRRTF;21FLSJWM-DBR;21FLSJWM-DBR2;21FLSJWM-DNC;21FLSJWM-DUNNSCRK;21FLSJWM-EP-MW-1;21FLSJWM-EP-MW-2;21FLSJWM-EP-MW-3;21FLSJWM-FP42;21FLSJWM-OHD;21FLSJWM-OHD2;21FLSJWM-PA32;21FLSJWM-SAVBRLNI;21FLSJWM-SAVFPLI;21FLSJWM-SAVFPLO;21FLSJWM-SAVMULDI;21FLSJWM-SAVWARCI;21FLSJWM-SAVWARCO;21FLSJWM-SJ4;21FLSJWM-SJ5;21FLSJWM-SJ6;21FLSJWM-SJP;21FLSJWM-SJRCE;21FLSJWM-SJRM70D;21FLSJWM-SJRM70E;21FLSJWM-SJRPLTKA;21FLSJWM_WQX-105193;21FLSJWM_WQX-105729;21FLSJWM_WQX-105731;21FLSJWM_WQX-3J06COWB;21FLSJWM_WQX-3J10CSDR;21FLSJWM_WQX-45360;21FLSJWM_WQX-45401;21FLSJWM_WQX-45402;21FLSJWM_WQX-45558;21FLSJWM_WQX-45674;21FLSJWM_WQX-57453;21FLSJWM_WQX-DBR;21FLSJWM_WQX-DBR2;21FLSJWM_WQX-DUNNSCRK;21FLSJWM_WQX-EDGEPDOUT;21FLSJWM_WQX-EDGEWTOUT;21FLSJWM_WQX-EP-MW-1;21FLSJWM_WQX-EP-MW-2;21FLSJWM_WQX-EP-MW-3;21FLSJWM_WQX-MURPHI;21FLSJWM_WQX-OHD;21FLSJWM_WQX-SJP;21FLWQA_WQX-WMDBLOOM534;21FLWQA_WQX-WMDBLOOM546;21FLWQA_WQX-WMDBLOOM557;21FLWQA_WQX-WMDBLOOM558;21FLWQA_WQX-WMDBLOOM564;FWCLOCAL-03080103-020;USGS-02244440;USGS-02244450;USGS-293554081342602;USGS-293554081390401,/home/kdd1/jliu/Water_Hub/Water_quality_data/wqp_result_zips/US_12/FL_putnam_county_US_12_107_inorganics_major_metals_wqp_results.zip;/home/kdd1/jliu/Water_Hub/Water_quality_data/wqp_result_zips/US_12/FL_putnam_county_US_12_107_physical_wqp_results.zip,nearest WQP station with priority analytes within 10 km; closer station 21FLSJWM-SAVFPLI at 2.77 km lacks the priority analytes
FL,ST. LUCIE,Dania Beach,26.0479413995293,-80.15223964017,City of Dania Beach,Dania Beach,Nanofiltration,Drinking water,2,2012,Sewer discharge,Groundwater,"iron, hardness",none,2,1,5,2.2000000000000000,yes,400 mg/L TDS equivalent,"acid, antiscalant",42,90,50-60,130-150,8.54166666666667E-02,bypass,none,on original membranes,none,none,FLORIDA FACILIITIES,22,no_match,nearest_station_too_far,130.046303,USGS-271218080202600,37S40E33  SL104 C-23 AT MARTIN CO LINE AT CONTRL,Stream,NWIS,111,/home/kdd1/jliu/Water_Hub/Water_quality_data/wqp_result_zips/US_12/FL_st_lucie_county_US_12_111_physical_wqp_results.zip,/home/kdd1/jliu/Water_Hub/Water_quality_data/wqp_station_zips/US_12/FL_st_lucie_county_US_12_111_physical_wqp_stations.zip,-80.34032778,27.20532534,,,,,,,nearest WQP monitoring location is farther than max distance 10 km
GA,none,Kings Bay Naval Base WTP,,,King Bay Naval Base,Kings Bay,Nanofiltration,Drinking water,2.0002642007926000,2011,Sewer discharge,none,none,none,none,none,none,none,none,none,"acid, antiscalant",none,none,none,none,none,none,none,none,none,none,Sheet1_table_04,100,skipped,missing_coordinates,,,,,,,,,,,,,,,,,missing ACC_X or ACC_Y
IA,none,City of Pella WTP,41.39967853945,-92.9276199903605,City of Pella,Pella,Reverse osmosis,Drinking water,3,2017,Surface water discharge,Groundwater,"limited water available in old aquifer, switched to new; required total dissolved solids removal",none,3,1.4,max is 6 mgd (if 3 mgd of lime softening is added in emergency),1.8,yes,685 mg/L TDS equivalent,antiscalant,101 first stage; 105 second stage,80,none,230 mg/l,80:20; 20% can vary 10-30% to get desired water quality,bypass,"caustic, sodium hypochlorite, fluoride",on original membranes,none,none,Sheet1_table_04,86,matched,nearest_priority_station,0.090064,USGS-412400092554301,076N18W10CBBB 30179 1989Pella J1,Well,NWIS,125,/home/kdd1/jliu/Water_Hub/Water_quality_data/wqp_result_zips/US_19/IA_all_counties_US_19_inorganics_major_metals_wqp_results.zip;/home/kdd1/jliu/Water_Hub/Water_quality_data/wqp_result_zips/US_19/IA_all_counties_US_19_physical_wqp_results.zip,/home/kdd1/jliu/Water_Hub/Water_quality_data/wqp_station_zips/US_19/IA_all_counties_US_19_inorganics_major_metals_wqp_stations.zip;/home/kdd1/jliu/Water_Hub/Water_quality_data/wqp_station_zips/US_19/IA_all_counties_US_19_physical_wqp_stations.zip,-92.92861110,41.40000000,,,67,0.090064,21IOWA-22630001;21IOWA-31630001;21IOWA_WQX-22630001;21IOWA_WQX-31630001;COE/ISU-17630001;COE/ISU-27630001;COE/ISU-27630002;COE/ISU-27630003;COE/ISU_WQX-17630001;COE/ISU_WQX-27630001;COE/ISU_WQX-27630002;COE/ISU_WQX-27630003;EPA_R7_WQX-ND-30-232-1;EPA_R7_WQX-ND-48-ND-48a;IOWAGW_WQX-31630001;IOWATER-963005;IOWATER-963006;IOWATER-963007;IOWATER-963022;IOWATER-963023;IOWATER-963024;IOWATER-963046;IOWATER-963047;IOWATER-963062;IOWATER-963063;IOWATER-963065;IOWATER_WQX-963005;IOWATER_WQX-963006;IOWATER_WQX-963007;IOWATER_WQX-963022;IOWATER_WQX-963023;IOWATER_WQX-963024;IOWATER_WQX-963046;IOWATER_WQX-963047;IOWATER_WQX-963061;IOWATER_WQX-963062;IOWATER_WQX-963063;IOWATER_WQX-963065;NARS_WQX-FW08IA044;USGS-05488100;USGS-05488110;USGS-05488300;USGS-411853092551501;USGS-411855092552101;USGS-411900092552001;USGS-411906092573001;USGS-411909092563201;USGS-411920092521501;USGS-411938092525901;USGS-412026092582601;USGS-412132092575201;USGS-412135092524601;USGS-412144092574600;USGS-412144092574601;USGS-412144092574602;USGS-412144092574603;USGS-412153092510301;USGS-412232093012401;USGS-412237092581101;USGS-412246092581501;USGS-412250092545001;USGS-412258093013101;USGS-412325092585602;USGS-412400092554301;USGS-412858092531301;USGS-412906092563801;USGS-412913092552901,/home/kdd1/jliu/Water_Hub/Water_quality_data/wqp_result_zips/US_19/IA_all_counties_US_19_inorganics_major_metals_wqp_results.zip;/home/kdd1/jliu/Water_Hub/Water_quality_data/wqp_result_zips/US_19/IA_all_counties_US_19_physical_wqp_results.zip,nearest WQP station with priority analytes within 10 km
IA,none,Grimes WTP,41.7039741191983,-93.7900670879485,City of Grimes,Grimes,Reverse osmosis,Drinking water,0.8,2017,Sewer discharge,Groundwater,better quality,blend with lime softening wastewater,0.8,none,none,none,yes,110 mg/L TDS equivalent,"bag filter, cartridge filter, antiscalant",none,85,none,80 mg/l,2 : 1,lime softened water,"blend, chloramination, corrosion inhibitor",on original membranes,haven't had to clean yet,none,Sheet1_table_04,87,matched,nearest_priority_station,1.777856,USGS-414113093472501,079N25W05BBBA 17920 1966Grimes 1,Well,NWIS,153,/home/kdd1/jliu/Water_Hub/Water_quality_data/wqp_result_zips/US_19/IA_all_counties_US_19_inorganics_major_metals_wqp_results.zip;/home/kdd1/jliu/Water_Hub/Water_quality_data/wqp_result_zips/US_19/IA_all_counties_US_19_physical_wqp_results.zip,/home/kdd1/jliu/Water_Hub/Water_quality_data/wqp_station_zips/US_19/IA_all_counties_US_19_inorganics_major_metals_wqp_stations.zip;/home/kdd1/jliu/Water_Hub/Water_quality_data/wqp_station_zips/US_19/IA_all_counties_US_19_physical_wqp_stations.zip,-93.79189090,41.68804360,,,189,0.379346,21IOWA-10770001;21IOWA-22770005;21IOWA_WQX-10770001;21IOWA_WQX-14000562;21IOWA_WQX-22770005;COE/ISU-27770001;COE/ISU-27770002;COE/ISU-27770003;COE/ISU_WQX-27770001;COE/ISU_WQX-27770002;COE/ISU_WQX-27770003;IASNAPST-925035;IASNAPST-925036;IASNAPST-925062;IASNAPST-925064;IASNAPST-925065;IASNAPST-925066;IASNAPST-925067;IASNAPST-925068;IASNAPST-977059;IASNAPST-977060;IASNAPST-977061;IASNAPST-977062;IASNAPST-977063;IASNAPST-977064;IASNAPST-977097;IASNAPST-977098;IASNAPST-977099;IASNAPST-977110;IASNAPST-977120;IASNAPST-977121;IASNAPST-977125;IASNAPST-977139;IASNAPST-977157;IASNAPST-977158;IASNAPST-977159;IASNAPST-977164;IASNAPST-977214;IASNAPST_WQX-925035;IASNAPST_WQX-925036;IASNAPST_WQX-925062;IASNAPST_WQX-925064;IASNAPST_WQX-925065;IASNAPST_WQX-925066;IASNAPST_WQX-925067;IASNAPST_WQX-925068;IASNAPST_WQX-977059;IASNAPST_WQX-977060;IASNAPST_WQX-977061;IASNAPST_WQX-977062;IASNAPST_WQX-977063;IASNAPST_WQX-977064;IASNAPST_WQX-977097;IASNAPST_WQX-977098;IASNAPST_WQX-977099;IASNAPST_WQX-977110;IASNAPST_WQX-977120;IASNAPST_WQX-977121;IASNAPST_WQX-977125;IASNAPST_WQX-977139;IASNAPST_WQX-977157;IASNAPST_WQX-977158;IASNAPST_WQX-977159;IASNAPST_WQX-977164;IASNAPST_WQX-977214;IOWAGW_WQX-31250009;IOWATER-925010;IOWATER-925011;IOWATER-925035;IOWATER-925036;IOWATER-925051;IOWATER-925062;IOWATER-925064;IOWATER-925065;IOWATER-925066;IOWATER-925067;IOWATER-925068;IOWATER-977015;IOWATER-977022;IOWATER-977032;IOWATER-977034;IOWATER-977045;IOWATER-977046;IOWATER-977047;IOWATER-977048;IOWATER-977059;IOWATER-977060;IOWATER-977061;IOWATER-977062;IOWATER-977063;IOWATER-977064;IOWATER-977097;IOWATER-977098;IOWATER-977099;IOWATER-977110;IOWATER-977120;IOWATER-977121;IOWATER-977125;IOWATER-977139;IOWATER-977148;IOWATER-977157;IOWATER-977158;IOWATER-977159;IOWATER-977175;IOWATER_WQX-925010;IOWATER_WQX-925011;IOWATER_WQX-925035;IOWATER_WQX-925036;IOWATER_WQX-925051;IOWATER_WQX-925062;IOWATER_WQX-925064;IOWATER_WQX-925065;IOWATER_WQX-925066;IOWATER_WQX-925067;IOWATER_WQX-925068;IOWATER_WQX-925081;IOWATER_WQX-925082;IOWATER_WQX-977015;IOWATER_WQX-977022;IOWATER_WQX-977032;IOWATER_WQX-977034;IOWATER_WQX-977045;IOWATER_WQX-977046;IOWATER_WQX-977047;IOWATER_WQX-977048;IOWATER_WQX-977059;IOWATER_WQX-977060;IOWATER_WQX-977061;IOWATER_WQX-977062;IOWATER_WQX-977063;IOWATER_WQX-977064;IOWATER_WQX-977097;IOWATER_WQX-977098;IOWATER_WQX-977099;IOWATER_WQX-977110;IOWATER_WQX-977120;IOWATER_WQX-977121;IOWATER_WQX-977125;IOWATER_WQX-977139;IOWATER_WQX-977148;IOWATER_WQX-977157;IOWATER_WQX-977158;IOWATER_WQX-977159;IOWATER_WQX-977175;IOWATER_WQX-977216;IOWATER_WQX-977223;IOWATER_WQX-977224;IOWATER_WQX-977225;IOWATER_WQX-977250;IOWATER_WQX-977261;IOWATER_WQX-977262;NALMS-F461452;PCCB_WQX-925036;PCCB_WQX-977059;PCCB_WQX-977060;PCCB_WQX-977061;PCCB_WQX-977062;PCCB_WQX-977063;PCCB_WQX-977064;PCCB_WQX-977097;PCCB_WQX-977098;PCCB_WQX-977099;PCCB_WQX-977110;PCCB_WQX-977120;PCCB_WQX-977121;PCCB_WQX-977125;PCCB_WQX-977157;PCCB_WQX-977158;PCCB_WQX-977159;PCCB_WQX-977164;PCCB_WQX-977214;PCCB_WQX-977223;PCCB_WQX-977224;PCCB_WQX-977225;PCCB_WQX-977300;PCCB_WQX-977313;USGS-05481900;USGS-05481950;USGS-414014093420601;USGS-414049093440801;USGS-414055093452101;USGS-414112093441401;USGS-414113093472501;USGS-414116093485301;USGS-414117093473001;USGS-414117093474101;USGS-414119093442501;USGS-414240093411601;USGS-414538093491504,/home/kdd1/jliu/Water_Hub/Water_quality_data/wqp_result_zips/US_19/IA_all_counties_US_19_inorganics_major_metals_wqp_results.zip;/home/kdd1/jliu/Water_Hub/Water_quality_data/wqp_result_zips/US_19/IA_all_counties_US_19_physical_wqp_results.zip,nearest WQP station with priority analytes within 10 km; closer station IASNAPST_WQX-977157 at 0.38 km lacks the priority analytes
IA,none,Atkins WTP,41.9951252318731,-91.8619586338325,City of Atkins,Atkins,Reverse osmosis,Drinking water,0.58000000000000000,2010,Sewer discharge,Groundwater,ammonia; so system can grow in future,none,0.58000000000000000,none,none,none,no,524.8 mg/L TDS equivalent,"25µ filter, 1µ woven filter; antiscalant",none,none,none,none,none,none,"CaCl2, NaHCO3, caustic, chlorine, orthophosphate",none,none,none,Sheet1_table_04,101,matched,nearest_priority_station,0.139555,21IOWA_WQX-31060007,Atkins 1,Well,STORET,011,/home/kdd1/jliu/Water_Hub/Water_quality_data/wqp_result_zips/US_19/IA_all_counties_US_19_inorganics_major_metals_wqp_results.zip;/home/kdd1/jliu/Water_Hub/Water_quality_data/wqp_result_zips/US_19/IA_all_counties_US_19_physical_wqp_results.zip,/home/kdd1/jliu/Water_Hub/Water_quality_data/wqp_station_zips/US_19/IA_all_counties_US_19_inorganics_major_metals_wqp_stations.zip;/home/kdd1/jliu/Water_Hub/Water_quality_data/wqp_station_zips/US_19/IA_all_counties_US_19_physical_wqp_stations.zip,-91.86315900,41.99600800,,,50,0.139555,21IOWA_WQX-31060007;21IOWA_WQX-31060008;EPA_R7_WQX-ND-56-470-4a;IASNAPST-957061;IASNAPST-957063;IASNAPST-957064;IASNAPST_WQX-957061;IASNAPST_WQX-957063;IASNAPST_WQX-957064;IOWAGW_WQX-31060007;IOWAGW_WQX-31060008;IOWAGW_WQX-31060009;IOWATER-957061;IOWATER-957063;IOWATER-957064;IOWATER_WQX-957061;IOWATER_WQX-957063;IOWATER_WQX-957064;USGS-05464450;USGS-05464475;USGS-415611091461801;USGS-415932091514001;USGS-415936091513601;USGS-415944091573501;USGS-415950091512501;USGS-415950091574301;USGS-415957091513601;USGS-420031091443301;USGS-420036091444001;USGS-420038091443601;USGS-420038091443602;USGS-420126091484701;USGS-420147091464601;USGS-420221091510601;USGS-420224091463001;USGS-420240091461703;USGS-420244091470401;USGS-420257091471901;USGS-420258091463001;USGS-420319091540102;USGS-420319091540112;USGS-420320091472201;USGS-420337091465501;USGS-420337091465502;USGS-420345091475601;USGS-420358091482801;USGS-420406091481601;USGS-420406091481602;USGS-420459091500201;USGS-420459091500211,/home/kdd1/jliu/Water_Hub/Water_quality_data/wqp_result_zips/US_19/IA_all_counties_US_19_inorganics_major_metals_wqp_results.zip;/home/kdd1/jliu/Water_Hub/Water_quality_data/wqp_result_zips/US_19/IA_all_counties_US_19_physical_wqp_results.zip,nearest WQP station with priority analytes within 10 km
IA,none,Hartley,43.1785919039,-95.4737987487321,City of Hartley,Hartley,Reverse osmosis,Drinking water,0.44,2010,Sewer discharge,Groundwater,"hardness, sulfate, total dissolved solids",none,0.44,summer = 0.17; winter = 0.11,none,none,yes,2100 mg/L TDS equivalent,"antiscalant, cartridge filters",158,75-77,none,400 mg/l,90 : 10,bypass,"aeration, chlorine, caustic, corrosion inhibitor, fluoride",on original membranes,sewer,none,Sheet1_table_04,103,matched,nearest_priority_station,0.081854,USGS-431042095282801,097N39W32ACCD       1940Hartley,Well,NWIS,141,/home/kdd1/jliu/Water_Hub/Water_quality_data/wqp_result_zips/US_19/IA_all_counties_US_19_inorganics_major_metals_wqp_results.zip;/home/kdd1/jliu/Water_Hub/Water_quality_data/wqp_result_zips/US_19/IA_all_counties_US_19_physical_wqp_results.zip,/home/kdd1/jliu/Water_Hub/Water_quality_data/wqp_station_zips/US_19/IA_all_counties_US_19_inorganics_major_metals_wqp_stations.zip;/home/kdd1/jliu/Water_Hub/Water_quality_data/wqp_station_zips/US_19/IA_all_counties_US_19_physical_wqp_stations.zip,-95.47472890,43.17830588,,,76,0.081854,IASNAPST-971027;IASNAPST-971028;IASNAPST-971029;IASNAPST-971057;IASNAPST-971058;IASNAPST-971059;IASNAPST-971060;IASNAPST-971061;IASNAPST-971062;IASNAPST-971063;IASNAPST-971064;IASNAPST-971065;IASNAPST-971066;IASNAPST-971067;IASNAPST-971105;IASNAPST_WQX-971027;IASNAPST_WQX-971028;IASNAPST_WQX-971029;IASNAPST_WQX-971057;IASNAPST_WQX-971058;IASNAPST_WQX-971059;IASNAPST_WQX-971060;IASNAPST_WQX-971061;IASNAPST_WQX-971062;IASNAPST_WQX-971063;IASNAPST_WQX-971064;IASNAPST_WQX-971065;IASNAPST_WQX-971066;IASNAPST_WQX-971067;IASNAPST_WQX-971105;IOWATER-971027;IOWATER-971028;IOWATER-971029;IOWATER-971057;IOWATER-971058;IOWATER-971059;IOWATER-971060;IOWATER-971061;IOWATER-971062;IOWATER-971063;IOWATER-971064;IOWATER-971065;IOWATER-971066;IOWATER-971067;IOWATER-971086;IOWATER-971105;IOWATER_WQX-971027;IOWATER_WQX-971028;IOWATER_WQX-971029;IOWATER_WQX-971057;IOWATER_WQX-971058;IOWATER_WQX-971059;IOWATER_WQX-971060;IOWATER_WQX-971061;IOWATER_WQX-971062;IOWATER_WQX-971063;IOWATER_WQX-971064;IOWATER_WQX-971065;IOWATER_WQX-971066;IOWATER_WQX-971067;IOWATER_WQX-971086;IOWATER_WQX-971105;IOWATER_WQX-971111;IOWATER_WQX-971112;USGS-430930095350401;USGS-430931095292101;USGS-431014095301801;USGS-431018095300001;USGS-431035095283201;USGS-431042095282801;USGS-431042095282902;USGS-431042095283203;USGS-431054095232101;USGS-431102095230501;USGS-431106095230301;USGS-431510095273301,/home/kdd1/jliu/Water_Hub/Water_quality_data/wqp_result_zips/US_19/IA_all_counties_US_19_inorganics_major_metals_wqp_results.zip;/home/kdd1/jliu/Water_Hub/Water_quality_data/wqp_result_zips/US_19/IA_all_counties_US_19_physical_wqp_results.zip,nearest WQP station with priority analytes within 10 km
IA,none,Hills Water Supply,41.5555097416471,-91.5350488949053,Hills Municipal Water,Hills,Reverse osmosis,Drinking water,0.317,2015,Sewer discharge,Groundwater,"perchlorate, ammonia, total dissolved solids, hardness",none,0.317,none,none,none,no,none,none,none,none,none,none,none,none,none,none,none,none,Sheet1_table_04,106,matched,nearest_priority_station,0.738299,NARS-IAW02344-0117,OLD MANS CREEK,River/Stream,STORET,103,/home/kdd1/jliu/Water_Hub/Water_quality_data/wqp_result_zips/US_19/IA_all_counties_US_19_inorganics_major_metals_wqp_results.zip;/home/kdd1/jliu/Water_Hub/Water_quality_data/wqp_result_zips/US_19/IA_all_counties_US_19_physical_wqp_results.zip,/home/kdd1/jliu/Water_Hub/Water_quality_data/wqp_station_zips/US_19/IA_all_counties_US_19_inorganics_major_metals_wqp_stations.zip;/home/kdd1/jliu/Water_Hub/Water_quality_data/wqp_station_zips/US_19/IA_all_counties_US_19_physical_wqp_stations.zip,-91.54000000,41.55000000,,,114,0.738299,21IOWA-10520001;21IOWA-10520003;21IOWA-10920001;21IOWA-16520001;21IOWA-31920002;21IOWA_WQX-10520001;21IOWA_WQX-10520003;21IOWA_WQX-10920001;21IOWA_WQX-14000560;21IOWA_WQX-16520001;21IOWA_WQX-31920002;IASNAPST-952061;IASNAPST-952085;IASNAPST-952086;IASNAPST-952087;IASNAPST-952088;IASNAPST-952089;IASNAPST-952090;IASNAPST-952094;IASNAPST-952096;IASNAPST-952098;IASNAPST-952101;IASNAPST-952102;IASNAPST-952103;IASNAPST-952104;IASNAPST-952105;IASNAPST_WQX-952061;IASNAPST_WQX-952085;IASNAPST_WQX-952086;IASNAPST_WQX-952087;IASNAPST_WQX-952088;IASNAPST_WQX-952089;IASNAPST_WQX-952090;IASNAPST_WQX-952094;IASNAPST_WQX-952096;IASNAPST_WQX-952098;IASNAPST_WQX-952101;IASNAPST_WQX-952102;IASNAPST_WQX-952103;IASNAPST_WQX-952104;IASNAPST_WQX-952105;IOWAGW_WQX-31920002;IOWATER-952010;IOWATER-952011;IOWATER-952012;IOWATER-952013;IOWATER-952014;IOWATER-952042;IOWATER-952054;IOWATER-952061;IOWATER-952085;IOWATER-952086;IOWATER-952087;IOWATER-952088;IOWATER-952089;IOWATER-952090;IOWATER-952094;IOWATER-952096;IOWATER-952098;IOWATER-952101;IOWATER-952102;IOWATER-952103;IOWATER-952104;IOWATER-952105;IOWATER-952151;IOWATER-952158;IOWATER-952176;IOWATER_WQX-952010;IOWATER_WQX-952011;IOWATER_WQX-952012;IOWATER_WQX-952013;IOWATER_WQX-952014;IOWATER_WQX-952042;IOWATER_WQX-952054;IOWATER_WQX-952061;IOWATER_WQX-952085;IOWATER_WQX-952086;IOWATER_WQX-952087;IOWATER_WQX-952088;IOWATER_WQX-952089;IOWATER_WQX-952090;IOWATER_WQX-952094;IOWATER_WQX-952096;IOWATER_WQX-952098;IOWATER_WQX-952101;IOWATER_WQX-952102;IOWATER_WQX-952103;IOWATER_WQX-952104;IOWATER_WQX-952105;IOWATER_WQX-952151;IOWATER_WQX-952158;IOWATER_WQX-952176;IOWATER_WQX-952189;IOWATER_WQX-952190;IOWATER_WQX-952191;IOWATER_WQX-952192;IOWATER_WQX-952198;IOWATER_WQX-952201;IOWATER_WQX-952206;NARS-IAW02344-0117;NARS_WQX-FW08IA006;NARS_WQX-IAW02344-0117;NARS_WQX-NRS_IA-10224;USGS-05455100;USGS-05455120;USGS-05455570;USGS-412849091343301;USGS-412850091342901;USGS-412852091351301;USGS-412855091284301;USGS-412857091344001;USGS-413438091341201;USGS-413540091341201;USGS-413823091322301,/home/kdd1/jliu/Water_Hub/Water_quality_data/wqp_result_zips/US_19/IA_all_counties_US_19_inorganics_major_metals_wqp_results.zip;/home/kdd1/jliu/Water_Hub/Water_quality_data/wqp_result_zips/US_19/IA_all_counties_US_19_physical_wqp_results.zip,nearest WQP station with priority analytes within 10 km
IA,none,Council Point Water Purification Plant,41.1944390759333,-95.8771455370368,Council Bluffs Water Works,Council Bluffs,Reverse osmosis,Drinking water,5,2013,Surface water discharge,Groundwater,"total dissolved solids, organics",none,5,1.68,5,2.4,yes,550-800 mg/L TDS equivalent,"Fe and Mn oxidation, UF, antiscalant",150,75,Target is potable water hardness,Target is potable water hardness; TDS = 300-400,70:30,bypass,"disinfection, pH adjustment",3 years,none,none,Sheet1_table_04,107,matched,nearest_priority_station,1.089279,USGS-411114095520501,074N44W23DCC            Missouri R at L Manawa,Stream,NWIS,155,/home/kdd1/jliu/Water_Hub/Water_quality_data/wqp_result_zips/US_19/IA_all_counties_US_19_inorganics_major_metals_wqp_results.zip;/home/kdd1/jliu/Water_Hub/Water_quality_data/wqp_result_zips/US_19/IA_all_counties_US_19_physical_wqp_results.zip,/home/kdd1/jliu/Water_Hub/Water_quality_data/wqp_station_zips/US_19/IA_all_counties_US_19_inorganics_major_metals_wqp_stations.zip;/home/kdd1/jliu/Water_Hub/Water_quality_data/wqp_station_zips/US_19/IA_all_counties_US_19_physical_wqp_stations.zip,-95.86834470,41.18722090,,,28,1.089279,21IOWA-16780006;21IOWA-21780001;21IOWA-22780003;21IOWA-29780001;21IOWA-29780002;21IOWA-29780003;21IOWA-31780004;21IOWA_WQX-16780006;21IOWA_WQX-21780001;21IOWA_WQX-22780003;21IOWA_WQX-31780004;EMAP_GRE-GRW04449-571;EMAP_GRE-GRW04449-619;EMAP_GRE-GRW04449-655;IOWAGW_WQX-31780004;IOWATER-978041;IOWATER-978042;IOWATER-978043;IOWATER_WQX-978041;IOWATER_WQX-978042;IOWATER_WQX-978043;USGS-06610505;USGS-06610665;USGS-410855095493501;USGS-411114095520501;USGS-411340095491001;USGS-411646095525701;USGS-411649095525001,/home/kdd1/jliu/Water_Hub/Water_quality_data/wqp_result_zips/US_19/IA_all_counties_US_19_inorganics_major_metals_wqp_results.zip;/home/kdd1/jliu/Water_Hub/Water_quality_data/wqp_result_zips/US_19/IA_all_counties_US_19_physical_wqp_results.zip,nearest WQP station with priority analytes within 10 km
IL,none,Brimfield WP,40.8433875308959,-89.8802554947391,City of Brimfield,Brimfield,Reverse osmosis,Drinking water,0.25,2012,Sewer discharge,Groundwater,"total dissolved solids, organics radionuclides",none,0.25,none,none,none,none,none,none,none,none,none,none,none,none,none,none,none,none,Sheet1_table_04,98,matched,nearest_priority_station,0.626148,USGS-405019089530301,10N 5E-24.8f1,Well,NWIS,143,/home/kdd1/jliu/Water_Hub/Water_quality_data/wqp_result_zips/US_17/IL_all_counties_US_17_inorganics_major_metals_wqp_results.zip;/home/kdd1/jliu/Water_Hub/Water_quality_data/wqp_result_zips/US_17/IL_all_counties_US_17_physical_wqp_results.zip,/home/kdd1/jliu/Water_Hub/Water_quality_data/wqp_station_zips/US_17/IL_all_counties_US_17_inorganics_major_metals_wqp_stations.zip;/home/kdd1/jliu/Water_Hub/Water_quality_data/wqp_station_zips/US_17/IL_all_counties_US_17_physical_wqp_stations.zip,-89.88427530,40.83864825,,,12,0.035792,ILRIVERWATCH-R0407401;ILRIVERWATCH-R0407402;IL_EPA_WQX-DLF-02;IL_EPA_WQX-DLG-01;USGS-05562900;USGS-05563000;USGS-404617089492401;USGS-404716089521001;USGS-404905089495401;USGS-404956089522901;USGS-405019089530301;USGS-405036089524701,/home/kdd1/jliu/Water_Hub/Water_quality_data/wqp_result_zips/US_17/IL_all_counties_US_17_inorganics_major_metals_wqp_results.zip;/home/kdd1/jliu/Water_Hub/Water_quality_data/wqp_result_zips/US_17/IL_all_counties_US_17_physical_wqp_results.zip,nearest WQP station with priority analytes within 10 km; closer station USGS-405036089524701 at 0.04 km lacks the priority analytes
KS,none,PWWSD #26,38.394824497325,-96.5403072244301,City of Strong City,Strong City,Reverse osmosis,Drinking water,0.46,2015,Surface water discharge,Groundwater,hardness,none,0.46,0.12 (currently run 1 of 2 skids; run both skids in summer),0.6,0.14000000000000000,yes,524.8-585.6 mg/L TDS equivalent,"chlorination, greensand filter, dechlorination, antiscalant, cartridge filters",150,80,15 mg/l,200 mg/l,80 : 20,bypass after greensand filter,"caustic, chlorine",on original membranes,sewer; (clean only once every 3 years),"settling tank, solids to lagoon and evaporation pond; retentate back to front of process",Sheet1_table_04,89,matched,nearest_priority_station,0.466125,USGS-382327096321801,19S 08E 20AAA 01,Well,NWIS,017,/home/kdd1/jliu/Water_Hub/Water_quality_data/wqp_result_zips/US_20/KS_all_counties_US_20_inorganics_major_metals_wqp_results.zip;/home/kdd1/jliu/Water_Hub/Water_quality_data/wqp_result_zips/US_20/KS_all_counties_US_20_physical_wqp_results.zip,/home/kdd1/jliu/Water_Hub/Water_quality_data/wqp_station_zips/US_20/KS_all_counties_US_20_inorganics_major_metals_wqp_stations.zip;/home/kdd1/jliu/Water_Hub/Water_quality_data/wqp_station_zips/US_20/KS_all_counties_US_20_physical_wqp_stations.zip,-96.53861750,38.39084724,,,48,0.466125,11NPSWRD_WQX-HTLN_TAPR_LFC35;11NPSWRD_WQX-HTLN_TAPR_MID01;11NPSWRD_WQX-HTLN_TAPR_MID23;11NPSWRD_WQX-TAPR_KDWP_DIAP;11NPSWRD_WQX-TAPR_KDWP_DIAR;11NPSWRD_WQX-TAPR_KDWP_FOX;11NPSWRD_WQX-TAPR_KDWP_FOXP;11NPSWRD_WQX-TAPR_KDWP_FOXR;11NPSWRD_WQX-TAPR_KDWP_MID1P;11NPSWRD_WQX-TAPR_KDWP_MID1R;11NPSWRD_WQX-TAPR_KDWP_MID2P;11NPSWRD_WQX-TAPR_KDWP_MID2R;11NPSWRD_WQX-TAPR_KDWP_PEY1P;11NPSWRD_WQX-TAPR_KDWP_PEY1R;11NPSWRD_WQX-TAPR_KDWP_SFC1P;11NPSWRD_WQX-TAPR_KDWP_SFC1R;11NPSWRD_WQX-TAPR_KDWP_SFC2P;11NPSWRD_WQX-TAPR_KDWP_SFC2R;11NPSWRD_WQX-TAPR_KDWP_SFC3P;11NPSWRD_WQX-TAPR_KDWP_SFC3R;11NPSWRD_WQX-TAPR_KDWP_SPP;11NPSWRD_WQX-TAPR_KDWP_SPR;11NPSWRD_WQX-TAPR_KFGC_BULL;11NPSWRD_WQX-TAPR_KFGC_COTT;11NPSWRD_WQX-TAPR_KFGC_PEYT;11NPSWRD_WQX-TAPR_KFGC_SFCO;21KAN001_WQX-LM010201;21KAN001_WQX-SC625;21KAN001_WQX-SC627;21KAN001_WQX-SC689;21KAN001_WQX-SC718;21KAN001_WQX-SPA115;21KAN001_WQX-SPB008;EPA_R7_WQX-RSTIP07;NARS_WQX-NRS_KS-10325;USGS-07182000;USGS-381903096311702;USGS-382038096294301;USGS-382202096385601;USGS-382222096331601;USGS-382311096382701;USGS-382323096320301;USGS-382327096321801;USGS-382327096321802;USGS-382346096285301;USGS-382400096344401;USGS-382547096265001;USGS-382604096325901,/home/kdd1/jliu/Water_Hub/Water_quality_data/wqp_result_zips/US_20/KS_all_counties_US_20_inorganics_major_metals_wqp_results.zip;/home/kdd1/jliu/Water_Hub/Water_quality_data/wqp_result_zips/US_20/KS_all_counties_US_20_physical_wqp_results.zip,nearest WQP station with priority analytes within 10 km
KS,none,Big Springs WTP,39.0504952364287,-95.5057572971609,Douglas County RWD #3,Tecumseh,Reverse osmosis,Drinking water,1.1400000000000000,2014,Surface water discharge,Groundwater,hardness,none,none,0.31,none,0.67,none,280 mg/L TDS equivalent,none,146,none,none,none,none,none,none,none,none,none,Sheet1_table_04,90,matched,nearest_priority_station,1.365539,NARS_WQX-FW08KS055,Kansas River,River/Stream,STORET,087,/home/kdd1/jliu/Water_Hub/Water_quality_data/wqp_result_zips/US_20/KS_all_counties_US_20_inorganics_major_metals_wqp_results.zip;/home/kdd1/jliu/Water_Hub/Water_quality_data/wqp_result_zips/US_20/KS_all_counties_US_20_physical_wqp_results.zip,/home/kdd1/jliu/Water_Hub/Water_quality_data/wqp_station_zips/US_20/KS_all_counties_US_20_inorganics_major_metals_wqp_stations.zip;/home/kdd1/jliu/Water_Hub/Water_quality_data/wqp_station_zips/US_20/KS_all_counties_US_20_physical_wqp_stations.zip,-95.49074362,39.05435221,,,38,1.365539,21KAN001_WQX-LM075001;21KAN001_WQX-LM075201;21KAN001_WQX-SC143;21KAN001_WQX-SC237;21KAN001_WQX-SC238;21KAN001_WQX-SC639;21KAN001_WQX-SPB488;NARS_WQX-FW08KS055;USGS-06889750;USGS-06889850;USGS-06890898;USGS-06890900;USGS-385908095304301;USGS-385908095323101;USGS-390039095284701;USGS-390042095290801;USGS-390111095310801;USGS-390154095312901;USGS-390226095233501;USGS-390229095314201;USGS-390308095240401;USGS-390308095240402;USGS-390354095283101;USGS-390407095285601;USGS-390433095330501;USGS-390436095321400;USGS-390446095251901;USGS-390449095274501;USGS-390453095260901;USGS-390453095311701;USGS-390459095332201;USGS-390512095342801;USGS-390525095352701;USGS-390538095353501;USGS-390558095253601;USGS-390604095262601;USGS-390645095252900;USGS-390710095260600,/home/kdd1/jliu/Water_Hub/Water_quality_data/wqp_result_zips/US_20/KS_all_counties_US_20_inorganics_major_metals_wqp_results.zip;/home/kdd1/jliu/Water_Hub/Water_quality_data/wqp_result_zips/US_20/KS_all_counties_US_20_physical_wqp_results.zip,nearest WQP station with priority analytes within 10 km
KS,none,Clay Center WTP,39.37350925736,-97.1276690585941,City of Clay Center,Clay Center,Reverse osmosis,Drinking water,1.6700132100396300,2010,Surface water discharge,Groundwater,meets present and future needs,none,1.67,0.41,1.95,0.49,yes,915.2 mg/L TDS equivalent,"greensand filter, antiscalant, cartridge filter",none,75,none,none,~ 80 : 20,bypass,"decarbonation, caustic, chlorine",on original membranes,none,none,Sheet1_table_04,114,matched,nearest_priority_station,0.934106,USGS-392212097070301,08S 03E 08DB  01,Well,NWIS,027,/home/kdd1/jliu/Water_Hub/Water_quality_data/wqp_result_zips/US_20/KS_all_counties_US_20_inorganics_major_metals_wqp_results.zip;/home/kdd1/jliu/Water_Hub/Water_quality_data/wqp_result_zips/US_20/KS_all_counties_US_20_physical_wqp_results.zip,/home/kdd1/jliu/Water_Hub/Water_quality_data/wqp_station_zips/US_20/KS_all_counties_US_20_inorganics_major_metals_wqp_stations.zip;/home/kdd1/jliu/Water_Hub/Water_quality_data/wqp_station_zips/US_20/KS_all_counties_US_20_physical_wqp_stations.zip,-97.11779800,39.36999625,,,10,0.934106,21KAN001_WQX-SC241;21KAN001_WQX-SC504;21KAN001_WQX-SC711;USGS-06856600;USGS-391847097032202;USGS-392212097070301;USGS-392230097101401;USGS-392256097105701;USGS-392433097071601;USGS-392650097110501,/home/kdd1/jliu/Water_Hub/Water_quality_data/wqp_result_zips/US_20/KS_all_counties_US_20_inorganics_major_metals_wqp_results.zip;/home/kdd1/jliu/Water_Hub/Water_quality_data/wqp_result_zips/US_20/KS_all_counties_US_20_physical_wqp_results.zip,nearest WQP station with priority analytes within 10 km
MA,none,Swansea Desalination Treatment Facility,41.7714840173866,-71.2463846140604,City of Swansea,Swansea,Microfiltration / reverse osmosis,Drinking water,1.2,2013,surface water discharge - to River during high tide events,Surface water,none,none,1.2,0.4,2.1800000000000000,0.85,yes,none,"intake screen, cuastic, coagulant, strainers, mmicfrofiltration",250-550 depending on feed conductivity,30-50 depending on feed conductivity,none,250 mg/l,40 : 60,groundwater,none,on original membranes,none,through sand lined lagoon then mixed with concentrate,Sheet1_table_04,93,matched,nearest_priority_station,1.130055,USGS-01109225,"ROCKY RUN NEAR REHOBOTH, MA",Stream,NWIS,005,/home/kdd1/jliu/Water_Hub/Water_quality_data/wqp_result_zips/US_25/MA_all_counties_US_25_inorganics_major_metals_wqp_results.zip;/home/kdd1/jliu/Water_Hub/Water_quality_data/wqp_result_zips/US_25/MA_all_counties_US_25_physical_wqp_results.zip,/home/kdd1/jliu/Water_Hub/Water_quality_data/wqp_station_zips/US_25/MA_all_counties_US_25_inorganics_major_metals_wqp_stations.zip;/home/kdd1/jliu/Water_Hub/Water_quality_data/wqp_station_zips/US_25/MA_all_counties_US_25_physical_wqp_stations.zip,-71.25032600,41.78121250,,,68,1.130055,EMAP_CS-MA00-0083-A;EMAP_CS-MA01-0082-A;EMAP_CS-MA01-0084-A;EMAP_CS_WQX-MA03-0301-A;EMAP_CS_WQX-MA04-0300-A;EMAP_CS_WQX-RI03-0335-A;EMAP_CS_WQX-RI04-0335-A;EMAP_CS_WQX-RI05-0003-A;EMAP_CS_WQX-RI05-0025-A;EMAP_CS_WQX-RI06-0044-A;MASSDEP-W0622;MASSDEP-W0624;MASSDEP-W0637;MASSDEP-W0638;MASSDEP-W0641;MASSDEP-W0654;MASSDEP-W0661;MASSDEP-W0665;MASSDEP-W1955;MASSDEP-W1956;MASSDEP-W1958;MASSDEP-W1959;MASSDEP-W1960;MASSDEP-W1961;MASSDEP-W2376;MASSDEP-W2380;MASSDEP-W2383;MASSDEP-W2387;MASSDEP-W2408;MAWRRC_WQX-190;MAWRRC_WQX-53001;MAWRRC_WQX-53002;MAWRRC_WQX-53004;MAWRRC_WQX-53005;MAWRRC_WQX-53006;MAWRRC_WQX-5334000;MAWRRC_WQX-5334075;MAWRRC_WQX-5334100;MAWRRC_WQX-5334125;MAWRRC_WQX-5334150;MAWRRC_WQX-5334175;MAWRRC_WQX-5334200;MAWRRC_WQX-5334225;MAWRRC_WQX-5334250;MAWRRC_WQX-5334275;MAWRRC_WQX-5334350;MAWRRC_WQX-5334375;MAWRRC_WQX-61003;MAWRRC_WQX-61007;MAWRRC_WQX-6134550;MAWRRC_WQX-6134575;MAWRRC_WQX-6134600;MAWRRC_WQX-62022;MAWRRC_WQX-62174;MAWRRC_WQX-6235000;MAWRRC_WQX-6235050;MAWRRC_WQX-6235075;USGS-01109130;USGS-01109135;USGS-01109195;USGS-01109215;USGS-01109225;USGS-01109270;USGS-01109280;USGS-414541071143501;USGS-414658071104101;USGS-414725071100101;USGS-414832071165201,/home/kdd1/jliu/Water_Hub/Water_quality_data/wqp_result_zips/US_25/MA_all_counties_US_25_inorganics_major_metals_wqp_results.zip;/home/kdd1/jliu/Water_Hub/Water_quality_data/wqp_result_zips/US_25/MA_all_counties_US_25_physical_wqp_results.zip,nearest WQP station with priority analytes within 10 km
MI,none,Allegan WTP,42.5288070643865,-85.8461081811957,City of Allegan,Allegan,Reverse osmosis,Drinking water,2.25,2011,Surface water discharge,Groundwater,"hardness, lime softening too complicated and labor intensive",none,2.25,~1.2; about 0.9 in winter and 1.5 in summer,none,none,yes,448 mg/L TDS equivalent,"spiral wound filter, antiscalant",150,none,none,none,70 : 30,bypass (treated for iron removal),"fluoride, chlorine, orthophosphate",on original membranes,have not cleaned yet,none,Sheet1_table_04,99,matched,nearest_station,4.721330,USGS-04107855,"TRIBUTARY TO KALAMAZOO RIVER NEAR OTSEGO, MI",Stream,NWIS,005,/home/kdd1/jliu/Water_Hub/Water_quality_data/wqp_result_zips/US_26/MI_all_counties_US_26_physical_wqp_results.zip,/home/kdd1/jliu/Water_Hub/Water_quality_data/wqp_station_zips/US_26/MI_all_counties_US_26_physical_wqp_stations.zip,-85.83277780,42.48750000,,,17,4.721330,21MICH-010040;21MICH-030223;21MICH-030261;21MICH-030524;21MICH-030594;21MICH-030595;21MICH-030596;21MICH-030597;21MICH-030598;21MICH_WQX-030653;21MICH_WRD-030504;21MICH_WRD-030653;USGS-04107805;USGS-04107850;USGS-04107855;USGS-423347085571001;USGS-423410085474301,/home/kdd1/jliu/Water_Hub/Water_quality_data/wqp_result_zips/US_26/MI_all_counties_US_26_inorganics_major_metals_wqp_results.zip;/home/kdd1/jliu/Water_Hub/Water_quality_data/wqp_result_zips/US_26/MI_all_counties_US_26_physical_wqp_results.zip,nearest WQP monitoring location within 10 km; no station with priority analytes in range
NC,Craven,Craven County Potable Water Supply and Treatment Facility,34.9452166511239,-76.9332447011498,Craven County,none,Nanofiltration,Drinking water,3,2017,Surface water discharge,Groundwater,"reduce reliance on Black Creek Aquifer; remove trihalomethane and haloacetic acids precursors; total dissolved solids, iron",none,3,1.33; will increase during Spring and Summer,none,none,no,296 mg/L TDS equivalent,"antiscalant, cartridge filters",38-52,depends on well combo; up to 75%,none,none,none,none,"calcite stabilization, chlorination",on original membranes,none,none,Sheet1_table_04,85,matched,nearest_priority_station,2.755042,USGS-345605076542201,CR-384 USMC,Well,NWIS,049,/home/kdd1/jliu/Water_Hub/Water_quality_data/wqp_result_zips/US_37/NC_all_counties_US_37_inorganics_major_metals_wqp_results.zip;/home/kdd1/jliu/Water_Hub/Water_quality_data/wqp_result_zips/US_37/NC_all_counties_US_37_physical_wqp_results.zip;/home/kdd1/jliu/Water_Hub/Water_quality_data/wqp_result_zips/US_37/NC_craven_county_US_37_049_inorganics_major_metals_wqp_results.zip;/home/kdd1/jliu/Water_Hub/Water_quality_data/wqp_result_zips/US_37/NC_craven_county_US_37_049_physical_wqp_results.zip,/home/kdd1/jliu/Water_Hub/Water_quality_data/wqp_station_zips/US_37/NC_all_counties_US_37_inorganics_major_metals_wqp_stations.zip;/home/kdd1/jliu/Water_Hub/Water_quality_data/wqp_station_zips/US_37/NC_all_counties_US_37_physical_wqp_stations.zip;/home/kdd1/jliu/Water_Hub/Water_quality_data/wqp_station_zips/US_37/NC_craven_county_US_37_049_inorganics_major_metals_wqp_stations.zip;/home/kdd1/jliu/Water_Hub/Water_quality_data/wqp_station_zips/US_37/NC_craven_county_US_37_049_physical_wqp_stations.zip,-76.90577480,34.93488225,,,144,1.888049,21NC01WQ-J8904000;21NC01WQ-J8910000;21NC01WQ-J8930000;21NC01WQ-J8980000;21NC01WQ-J8992000;21NC01WQ-J8992010;21NC01WQ-J8993000;21NC01WQ-J8993010;21NC01WQ-J9030000;21NC01WQ-J9130000;21NC01WQ-J9230000;21NC01WQ-J9330000;21NC01WQ-J9430000;21NC01WQ-J9431000;21NC01WQ-J9432000;21NC02WQ-J8903500;21NC02WQ-J8903600;21NC02WQ-J8910000;21NC02WQ-J8920000;21NC02WQ-J8925000;21NC02WQ-J9431500;21NC03WQ-J8903500;21NC03WQ-J8910000;21NC03WQ-J8920000;21NC03WQ-J8925000;21NC03WQ-J9431500;21NCCOALITIONS-J9330000;21NCMONITORING-J9330000;EMAP_CS-NC03-0016;EMAP_CS-NC03-0018;USGS-02092569;USGS-0209262905;USGS-0209265600;USGS-345145076564001;USGS-345155076542401;USGS-345221076541101;USGS-345300076541001;USGS-345301076542201;USGS-345308076540301;USGS-345318076542001;USGS-345318076542002;USGS-345318076542003;USGS-345327076541301;USGS-345337076541801;USGS-345342076535501;USGS-345347076542001;USGS-345350076525101;USGS-345357076542101;USGS-345403076532201;USGS-345404076543501;USGS-345405076524101;USGS-345406076542401;USGS-345411076533601;USGS-345412076543201;USGS-345416076542101;USGS-345418076543501;USGS-345419076543601;USGS-345419076543602;USGS-345419076543603;USGS-345422076540301;USGS-345423076542501;USGS-345423076542502;USGS-345423076542503;USGS-345424076522701;USGS-345425076540801;USGS-345427076543501;USGS-345439076533301;USGS-345440076542001;USGS-345441076544001;USGS-345441076544002;USGS-345442076524601;USGS-345442076542501;USGS-345442076542502;USGS-345442076542503;USGS-345442076542505;USGS-345442076542506;USGS-345443076544001;USGS-345443076544002;USGS-345445076535801;USGS-345445076544001;USGS-345445076544002;USGS-345449076540501;USGS-345451076541701;USGS-345500076541401;USGS-345506076543401;USGS-345509076540901;USGS-345510076562201;USGS-345519076540501;USGS-345520076533801;USGS-345523076534801;USGS-345527076535701;USGS-345537076540001;USGS-345605076542201;USGS-345617076512800;USGS-345617076512801;USGS-345627076511500;USGS-345627076511501;USGS-345627076511600;USGS-345627076511601;USGS-345627076511602;USGS-345628076511500;USGS-345628076511501;USGS-345628076511600;USGS-345628076511601;USGS-345628076511602;USGS-345629076511300;USGS-345629076511301;USGS-345629076511500;USGS-345629076511501;USGS-345634076513000;USGS-345634076513001;USGS-345635076512900;USGS-345635076512901;USGS-345635076513000;USGS-345635076513001;USGS-345636076512900;USGS-345636076512901;USGS-345639076513800;USGS-345639076513801;USGS-345639076513802;USGS-345639076531601;USGS-345651076513200;USGS-345651076513201;USGS-345652076523601;USGS-345657076521900;USGS-345657076521901;USGS-345712076570601;USGS-345723076592005;USGS-345723076592006;USGS-345821076554400;USGS-345821076554401;USGS-345830076562301;USGS-345852076500700;USGS-345852076500701;USGS-345913076503400;USGS-345913076503401;USGS-345945076582601;USGS-350009076515900;USGS-350009076515901;USGS-350100076544900;USGS-350100076544901;USGS-355300076564601;USGS-355426076531301;USGS-355502076563001,/home/kdd1/jliu/Water_Hub/Water_quality_data/wqp_result_zips/US_37/NC_all_counties_US_37_inorganics_major_metals_wqp_results.zip;/home/kdd1/jliu/Water_Hub/Water_quality_data/wqp_result_zips/US_37/NC_all_counties_US_37_physical_wqp_results.zip;/home/kdd1/jliu/Water_Hub/Water_quality_data/wqp_result_zips/US_37/NC_craven_county_US_37_049_inorganics_major_metals_wqp_results.zip;/home/kdd1/jliu/Water_Hub/Water_quality_data/wqp_result_zips/US_37/NC_craven_county_US_37_049_physical_wqp_results.zip,nearest WQP station with priority analytes within 10 km; closer station USGS-345712076570601 at 1.89 km lacks the priority analytes
NC,none,SKYCO WTP,35.8862647110003,-75.6605735418507,Dare County,Manteo,Nanofiltration,Drinking water,3,2017,Surface water discharge,Groundwater,less complicated than ion exchange and membrane found to address bromide removal and iron,none,3,3,5,2.5,yes,545 mg/L TDS equivalent,"antiscalant, 5µ cartridge filter",108,80,50,170,3:2,product water from IX facility; adds back hardness,"caustic, hypochlorite, corrosion inhibitor",on original membranes,with concentrate,with concentrate,Sheet1_table_04,88,matched,nearest_priority_station,2.111724,USGS-355408075402401,DA-038 MANTEO,Well,NWIS,055,/home/kdd1/jliu/Water_Hub/Water_quality_data/wqp_result_zips/US_37/NC_all_counties_US_37_inorganics_major_metals_wqp_results.zip;/home/kdd1/jliu/Water_Hub/Water_quality_data/wqp_result_zips/US_37/NC_all_counties_US_37_physical_wqp_results.zip,/home/kdd1/jliu/Water_Hub/Water_quality_data/wqp_station_zips/US_37/NC_all_counties_US_37_inorganics_major_metals_wqp_stations.zip;/home/kdd1/jliu/Water_Hub/Water_quality_data/wqp_station_zips/US_37/NC_all_counties_US_37_physical_wqp_stations.zip,-75.67295220,35.90239247,,,38,1.461563,11NPSWRD_WQX-CAHA_2010_ALT03;11NPSWRD_WQX-CAHA_2010_ALT19;21NC01WQ-M6900000;21NC01WQ-M7500000;ECU_CSI_COASTALPROCESSES-109S;ECU_CSI_COASTALPROCESSES-110S;EMAP_CS-NC03-0003;EMAP_CS-NC03-0004;EMAP_CS-NC03-0012;NALMS-F1019863;NARS_WQX-NCA_NC-10122;NARS_WQX-NCA_NC-10136;NARS_WQX-NCA_NC-10179;NARS_WQX-NCCA10-1136;NARS_WQX-NCCA10-1150;USGS-0208117950;USGS-0208117980;USGS-355010075342506;USGS-355010075342901;USGS-355030075371501;USGS-355042075334501;USGS-355230075453001;USGS-355354075370101;USGS-355407075402601;USGS-355408075402401;USGS-355412075403001;USGS-355430075403001;USGS-355518075423601;USGS-355521075415701;USGS-355522075404301;USGS-355523075415301;USGS-355556075363301;USGS-355556075412901;USGS-355603075425101;USGS-355608075424001;USGS-355614075423401;USGS-355615075422602;USGS-355619075422401,/home/kdd1/jliu/Water_Hub/Water_quality_data/wqp_result_zips/US_37/NC_all_counties_US_37_inorganics_major_metals_wqp_results.zip;/home/kdd1/jliu/Water_Hub/Water_quality_data/wqp_result_zips/US_37/NC_all_counties_US_37_physical_wqp_results.zip,nearest WQP station with priority analytes within 10 km; closer station NARS_WQX-NCA_NC-10179 at 1.46 km lacks the priority analytes
NC,none,New Frontier Way NF WTP,34.7936659660129,-77.4299573897348,City of Jacksonville,Jacksonville,Nanofiltration,Drinking water,8,2010,Surface water discharge,Groundwater,"hardness, organics",none,8,3.5,none,none,yes,884 mg/L TDS equivalent,"antiscalant, cartridge filters",57,75,75,280-320,90:10,bypass,"bioscrubbing to remove odor, stabilization, disinfection, pH adjustment",none,none,none,Sheet1_table_04,104,matched,nearest_priority_station,0.122139,USGS-344734077254601,ON-418 CITY OF JACKSONVILLE BP2,Well,NWIS,133,/home/kdd1/jliu/Water_Hub/Water_quality_data/wqp_result_zips/US_37/NC_all_counties_US_37_inorganics_major_metals_wqp_results.zip;/home/kdd1/jliu/Water_Hub/Water_quality_data/wqp_result_zips/US_37/NC_all_counties_US_37_physical_wqp_results.zip,/home/kdd1/jliu/Water_Hub/Water_quality_data/wqp_station_zips/US_37/NC_all_counties_US_37_inorganics_major_metals_wqp_stations.zip;/home/kdd1/jliu/Water_Hub/Water_quality_data/wqp_station_zips/US_37/NC_all_counties_US_37_physical_wqp_stations.zip,-77.42933330,34.79269444,,,50,0.122139,21NC01WQ-P0900000;21NC01WQ-P1200000;21NC01WQ-P1500000;21NC01WQ-P1800000;21NC01WQ-P2100000;21NC01WQ-P2113000;21NC01WQ-P2115000;21NC01WQ-P2300000;21NC01WQ-P2600000;21NC01WQ-P2900000;21NC01WQ-P3700000;21NC01WQ-P4000000;21NC02WQ-P1200000;21NC02WQ-P2105000;21NC02WQ-P2113000;21NC02WQ-P2115000;21NC02WQ-P2210000;21NC02WQ-P2300000;21NC02WQ-P3700000;21NC02WQ-P3960000;21NC02WQ-P4000000;21NC02WQ-P4050000;21NC03WQ-P1200000;21NC03WQ-P2105000;21NC03WQ-P2113000;21NC03WQ-P3700000;EMAP_CS-NC04-0029;RTI-AE-CL7;RTI-AE-CL7a;RTI-AE-CL8;RTI-AE-CL8a;RTI-AE-SW-10;RTI-AE3-JACK;USGS-0209303200;USGS-344240077255401;USGS-344304077232901;USGS-344305077233501;USGS-344352077281001;USGS-344407077272801;USGS-344418077221801;USGS-344425077224501;USGS-344427077231501;USGS-344442077261201;USGS-344452077255801;USGS-344455077270301;USGS-344519077235401;USGS-344537077283601;USGS-344734077254601;USGS-344830077211001;USGS-344906077284001,/home/kdd1/jliu/Water_Hub/Water_quality_data/wqp_result_zips/US_37/NC_all_counties_US_37_inorganics_major_metals_wqp_results.zip;/home/kdd1/jliu/Water_Hub/Water_quality_data/wqp_result_zips/US_37/NC_all_counties_US_37_physical_wqp_results.zip,nearest WQP station with priority analytes within 10 km
NC,none,Dixon WTP,34.5751394658226,-77.4837811460593,ONWASA (Onslow Water and Sewer Authority),Holly Ridge,Reverse osmosis,Drinking water,3,2013,Surface water discharge,Groundwater,silica and total organic carbon,none,3,2,4,2.5,yes,256 mg/L TDS equivalent,"greensand filter, antiscalant, cartridge filters",82-98,70-80,25,<250,3.0604166666666700,bypass after greensand filter,"pH adjustment (caustic), disinfection, corrosion inhibitor, fluoride",on original membranes,with concentrate,none,Sheet1_table_04,111,matched,nearest_priority_station,0.649602,USGS-343442077292301,ON-312 SANDY RUN WELL,Well,NWIS,133,/home/kdd1/jliu/Water_Hub/Water_quality_data/wqp_result_zips/US_37/NC_all_counties_US_37_inorganics_major_metals_wqp_results.zip;/home/kdd1/jliu/Water_Hub/Water_quality_data/wqp_result_zips/US_37/NC_all_counties_US_37_physical_wqp_results.zip,/home/kdd1/jliu/Water_Hub/Water_quality_data/wqp_station_zips/US_37/NC_all_counties_US_37_inorganics_major_metals_wqp_stations.zip;/home/kdd1/jliu/Water_Hub/Water_quality_data/wqp_station_zips/US_37/NC_all_counties_US_37_physical_wqp_stations.zip,-77.48972220,34.57833330,,,21,0.649602,21NC01WQ-B9850000;21NC01WQ-B9860000;21NC01WQ-B9870500;21NC01WQ-P4750000;21NC01WQ-P5000000;21NC01WQ-P6100000;21NC01WQ-P6250000;21NC02WQ-P4750000;21NC02WQ-P9860000;RTI-AE-CL2;RTI-AE-CL3;RTI-AE-SW-2;USGS-02093197;USGS-343041077245001;USGS-343400077292201;USGS-343442077292301;USGS-343508077283401;USGS-343520077240601;USGS-343550077284001;USGS-343641077290103;USGS-343641077290106,/home/kdd1/jliu/Water_Hub/Water_quality_data/wqp_result_zips/US_37/NC_all_counties_US_37_inorganics_major_metals_wqp_results.zip;/home/kdd1/jliu/Water_Hub/Water_quality_data/wqp_result_zips/US_37/NC_all_counties_US_37_physical_wqp_results.zip,nearest WQP station with priority analytes within 10 km
NC,none,Englehard,35.5153115168495,-76.0242340078606,Hyde County Water Maintenance and Solid Waste Department,Englehard,Reverse osmosis,Drinking water,0.432,2011,Surface water discharge,Groundwater,organics,none,0.432,none,none,none,no,622.72 mg/L TDS equivalent,antiscalant,none,none,~25,none,none,none,"acid, lime, phosphate, chlorine",on original membranes,none,none,Sheet1_table_04,113,matched,nearest_priority_station,2.691469,USGS-353027075594702,HY-115,Well,NWIS,095,/home/kdd1/jliu/Water_Hub/Water_quality_data/wqp_result_zips/US_37/NC_all_counties_US_37_inorganics_major_metals_wqp_results.zip;/home/kdd1/jliu/Water_Hub/Water_quality_data/wqp_result_zips/US_37/NC_all_counties_US_37_physical_wqp_results.zip,/home/kdd1/jliu/Water_Hub/Water_quality_data/wqp_station_zips/US_37/NC_all_counties_US_37_inorganics_major_metals_wqp_stations.zip;/home/kdd1/jliu/Water_Hub/Water_quality_data/wqp_station_zips/US_37/NC_all_counties_US_37_physical_wqp_stations.zip,-75.99601830,35.50767150,,,26,0.719082,21NC01WQ-M5603000;21NC01WQ-M5603010;21NC03WQ-PASLME3;21NC03WQ-PASLMLLC;21NC03WQ-PASLMWC;EMAP_CS-NC03-0027;USGS-352615076043001;USGS-352730076040001;USGS-352830076041501;USGS-352830076060001;USGS-352830076064501;USGS-352845076034501;USGS-352845076043001;USGS-352845076051501;USGS-352915076020001;USGS-353015076000001;USGS-353027075594702;USGS-353030075593001;USGS-353030076011501;USGS-353115076011501;USGS-353145076021501;USGS-353230076023001;USGS-353230076034501;USGS-353310076042201;USGS-353316076041501;USGS-353328107606185,/home/kdd1/jliu/Water_Hub/Water_quality_data/wqp_result_zips/US_37/NC_all_counties_US_37_inorganics_major_metals_wqp_results.zip;/home/kdd1/jliu/Water_Hub/Water_quality_data/wqp_result_zips/US_37/NC_all_counties_US_37_physical_wqp_results.zip,nearest WQP station with priority analytes within 10 km; closer station USGS-353115076011501 at 0.72 km lacks the priority analytes
NC,none,Tyrrell County Prison RO WTP,35.9581268279877,-76.2287323158976,Tyrrell County Prison,none,Reverse osmosis,Drinking water,0.432,2010,Surface water discharge,Groundwater,none,none,none,none,none,none,none,none,none,none,none,none,none,none,none,none,none,none,none,Sheet1_table_04,116,matched,nearest_priority_station,4.395571,USGS-355515076144503,TY-016 COLUMBIA HIGH SCH,Well,NWIS,177,/home/kdd1/jliu/Water_Hub/Water_quality_data/wqp_result_zips/US_37/NC_all_counties_US_37_inorganics_major_metals_wqp_results.zip;/home/kdd1/jliu/Water_Hub/Water_quality_data/wqp_result_zips/US_37/NC_all_counties_US_37_physical_wqp_results.zip,/home/kdd1/jliu/Water_Hub/Water_quality_data/wqp_station_zips/US_37/NC_all_counties_US_37_inorganics_major_metals_wqp_stations.zip;/home/kdd1/jliu/Water_Hub/Water_quality_data/wqp_station_zips/US_37/NC_all_counties_US_37_physical_wqp_stations.zip,-76.24548530,35.92099646,,,50,1.229095,21NC01WQ-M6300000;21NC01WQ-M6600000;21NC01WQ-M705000C;21NC01WQ-M705500C;21NC01WQ-M7190000;21NC02WQ-M610000C;21NC02WQ-M610000S;21NC03WQ-M610000C;21NC03WQ-M610000S;ECU_CSI_COASTALPROCESSES-143;ECU_CSI_COASTALPROCESSES-144;ECU_CSI_COASTALPROCESSES-155;ECU_CSI_COASTALPROCESSES-84S;ECU_CSI_COASTALPROCESSES-85;ECU_CSI_COASTALPROCESSES-85S;ECU_CSI_COASTALPROCESSES-87;ECU_CSI_COASTALPROCESSES-90;ECU_CSI_COASTALPROCESSES-OW7;NARS_WQX-NCA_NC-10151;NARS_WQX-NCCA10-1165;USGS-02081172;USGS-0208117801;USGS-355230076151501;USGS-355315076141501;USGS-355315076150001;USGS-355415076183001;USGS-355430076191501;USGS-355500076131501;USGS-355500076173001;USGS-355515076144501;USGS-355515076144503;USGS-355515076144505;USGS-355515076151502;USGS-355515076151503;USGS-355515076151505;USGS-355515076151506;USGS-355515076151508;USGS-355600076200001;USGS-355615076151501;USGS-355645076184501;USGS-355645076184502;USGS-355700076080001;USGS-355700076164501;USGS-355745076144501;USGS-355745076144502;USGS-355800076141501;USGS-355830076124501;USGS-355900076113001;USGS-355915076103001;USGS-360100076102801,/home/kdd1/jliu/Water_Hub/Water_quality_data/wqp_result_zips/US_37/NC_all_counties_US_37_inorganics_major_metals_wqp_results.zip;/home/kdd1/jliu/Water_Hub/Water_quality_data/wqp_result_zips/US_37/NC_all_counties_US_37_physical_wqp_results.zip,nearest WQP station with priority analytes within 10 km; closer station USGS-355800076141501 at 1.23 km lacks the priority analytes
ND,none,Emmons County WTP,46.2670587472211,-100.236765445476,South Central W District,Linton,Ultrafiltration / reverse osmosis,Drinking water,1.2,2012,Surface water discharge (lake),Surface water (lake),hardness,none,1.2,0.4,2,0.7,yes,500 mg/L TDS equivalent,"ozone, coagulation, sedimentation, UF, antiscalant",120,80,30 mg/l,250 mg/l,60 : 40,bypass,"blend, ozone, chlorine",6 years,with concentrate,none,Sheet1_table_04,96,matched,nearest_priority_station,0.213054,USGS-461602100140101,132-076-07DAB,Well,NWIS,029,/home/kdd1/jliu/Water_Hub/Water_quality_data/wqp_result_zips/US_38/ND_all_counties_US_38_inorganics_major_metals_wqp_results.zip,/home/kdd1/jliu/Water_Hub/Water_quality_data/wqp_station_zips/US_38/ND_all_counties_US_38_inorganics_major_metals_wqp_stations.zip,-100.23400270,46.26721228,,,58,0.213054,21NDHDWQ-380058;21NDHDWQ-384054;21NDHDWQ-384055;21NDHDWQ-384056;21NDHDWQ-553032;21NDHDWQ-553033;21NDHDWQ-553034;21NDHDWQ-553174;21NDHDWQ-553175;21NDHDWQ_WQX-380058;21NDHDWQ_WQX-384054;21NDHDWQ_WQX-384055;21NDHDWQ_WQX-384056;21NDHDWQ_WQX-553032;21NDHDWQ_WQX-553034;21NDHDWQ_WQX-553159;21NDHDWQ_WQX-553174;21NDHDWQ_WQX-553175;21NDHDWQ_WQX-553187;21NDHDWQ_WQX-553202;21NDHDWQ_WQX-553256;NARS-WNDP99-0648;NARS_WQX-NDLS-1055;NARS_WQX-NRS_ND-10341;NARS_WQX-WNDP99-0648;USGS-06354500;USGS-06354580;USGS-461054100115801;USGS-461101100131201;USGS-461119100111202;USGS-461141100165601;USGS-461239100085601;USGS-461240100185301;USGS-461240100185302;USGS-461306100173701;USGS-461306100173702;USGS-461306100185301;USGS-461306100200801;USGS-461306100203701;USGS-461319100200801;USGS-461319100202701;USGS-461325100165001;USGS-461325100165002;USGS-461326100201801;USGS-461346100200801;USGS-461352100185301;USGS-461352100211501;USGS-461353100204001;USGS-461353100204002;USGS-461358100161202;USGS-461359100211502;USGS-461551100135501;USGS-461558100140001;USGS-461602100140101;USGS-461608100100001;USGS-461622100145601;USGS-461717100145201;USGS-461758100102401,/home/kdd1/jliu/Water_Hub/Water_quality_data/wqp_result_zips/US_38/ND_all_counties_US_38_inorganics_major_metals_wqp_results.zip;/home/kdd1/jliu/Water_Hub/Water_quality_data/wqp_result_zips/US_38/ND_all_counties_US_38_physical_wqp_results.zip,nearest WQP station with priority analytes within 10 km
ND,none,Valley City WTP,,,Valley City,Valley City,Ultrafiltration / nanofiltration,Drinking water,4.653632760898280,2012,surface water discharge (unless low flow in which case it goes to a lagoon),Surface water and groundwater,"sulfate, hardness",none,4.6500000000000000,none,none,none,yes,none,"permanganate (for Fe/Mn), coagulant, acid, UF, antiscalant, cartridge filters",180,85,50 µS/cm,none,~ 1 : 1,bypass after UF,"blend, caustic, chloramination, fluoride",on original membranes,with concentrate,none,Sheet1_table_04,110,skipped,missing_coordinates,,,,,,,,,,,,,,,,,missing ACC_X or ACC_Y
ND,none,City of Hillsboro WTP,,,City of Hillsboro,Hillsboro,Reverse osmosis,Drinking water,0.85,2012,none,Groundwater,"hardness, sulfate, total dissolved solids",none,none,none,none,none,none,none,none,none,none,none,none,none,none,none,none,none,none,Sheet1_table_04,115,skipped,missing_coordinates,,,,,,,,,,,,,,,,,missing ACC_X or ACC_Y
NJ,none,Glassboro,39.7026236308859,-75.1122855797849,City of Glassboro,Glassboro,Reverse osmosis / vibratory shear enhanced processing,Drinking water,1.1300000000000000,2012,Sewer discharge,Groundwater,total dissolved solids,none,1.1300000000000000,none,~1.5,~1,yes,none,1µ cartridge filters,~ 200,none,none,none,~ 1:1,bypass after filters,"chlorine, orthophosphate",on original membranes,none,none,Sheet1_table_04,94,matched,nearest_priority_station,0.160499,USGS-394209075063803,151263-- Ou09-Ten,Well,NWIS,015,/home/kdd1/jliu/Water_Hub/Water_quality_data/wqp_result_zips/US_34/NJ_all_counties_US_34_inorganics_major_metals_wqp_results.zip;/home/kdd1/jliu/Water_Hub/Water_quality_data/wqp_result_zips/US_34/NJ_all_counties_US_34_physical_wqp_results.zip,/home/kdd1/jliu/Water_Hub/Water_quality_data/wqp_station_zips/US_34/NJ_all_counties_US_34_inorganics_major_metals_wqp_stations.zip;/home/kdd1/jliu/Water_Hub/Water_quality_data/wqp_station_zips/US_34/NJ_all_counties_US_34_physical_wqp_stations.zip,-75.11041670,39.70275000,,,324,0.160499,21NJDEP1-01411457;21NJDEP1-01467325;21NJDEP1-01475090;21NJDEP1-AN0726A;21NJDEP1-NJW04459-088-1;21NJDEP1-NJW04459-088-O;NJDEP_AMERICORPS-SCOT1;NJDEP_AMERICORPS-WA-CHES1;NJDEP_AMERICORPS-WA01411481;NJDEP_AMERICORPS-WA01475000A;NJDEP_AMERICORPS-WA01475001;NJDEP_AMERICORPS-WA01475042A;NJDEP_AMERICORPS-WA01475042B;NJDEP_AMERICORPS-WA0668;NJDEP_AMERICORPS-WA0669A;NJDEP_AMERICORPS-WA0670A;NJDEP_AMERICORPS-WA0670B;NJDEP_AMERICORPS-WA0673;NJDEP_AMERICORPS-WA0679A;NJDEP_AMERICORPS-WA0722;NJDEP_AMERICORPS-WA0726B;NJDEP_AMERICORPS-WA0727a;NJDEP_AMERICORPS-WA0729;NJDEP_AMERICORPS-WA0730A;NJDEP_AMERICORPS-WAMONO1;NJDEP_AMERICORPS-WAPORCTRIB1;NJDEP_BFBM-0141145210;NJDEP_BFBM-0141145260;NJDEP_BFBM-01411457;NJDEP_BFBM-01411461;NJDEP_BFBM-01475001;NJDEP_BFBM-01475090;NJDEP_BFBM-01477100;NJDEP_BFBM-AN0656;NJDEP_BFBM-AN0657;NJDEP_BFBM-AN0658;NJDEP_BFBM-AN0668;NJDEP_BFBM-AN0669;NJDEP_BFBM-AN0670;NJDEP_BFBM-AN0673;NJDEP_BFBM-AN0679;NJDEP_BFBM-AN0679A;NJDEP_BFBM-AN0721;NJDEP_BFBM-AN0722;NJDEP_BFBM-AN0726;NJDEP_BFBM-AN0726B;NJDEP_BFBM-AN0727;NJDEP_BFBM-AN0729;NJDEP_BFBM-AN0730;NJDEP_BFBM-AN0731A;NJDEP_BFBM-BA65;NJDEP_BFBM-BFBM000061;NJDEP_BFBM-BFBM000062;NJDEP_BFBM-BFBM000145;NJDEP_BFBM-BFBM000147;NJDEP_BFBM-FIBI230;NJDEP_BFBM-FIBI252;NJDEP_BFBM-FIBI268;NJDEP_BFBM-FIBI268a;NJDEP_BFBM-FIBI272;NJDEP_BFBM-FIBI273;NJDEP_BFBM-FIBI275;NJDEP_BFBM-NJLM-0780-1;NJDEP_BFBM-NJLM-0780-2;NJDEP_BFBM-NJS11-267;NJDEP_BFBM-NJS2016-019;NJDEP_BFBM-NJW04459-005-1;NJDEP_BFBM-NJW04459-005-2;NJDEP_BFBM-NJW04459-005-3;NJDEP_BFBM-NJW04459-045-1;NJDEP_BFBM-NJW04459-045-2;NJDEP_BFBM-NJW04459-078-1;NJDEP_BFBM-NJW04459-078-2;NJDEP_BFBM-NJW04459-088-1;NJDEP_BFBM-NJW04459-088-2;NJDEP_BFBM-NJW04459-088-O;NJDEP_BFBM-NJW04459-268-1;NJDEP_BFBM-NJW04459-268-2;NJDEP_BFBM-NJW04459-268-O;PRINCETONHYDRO-Lake Alcyon;PRINCETONHYDRO-ST-1;PRINCETONHYDRO-ST-2;PRINCETONHYDRO-ST-3;PRINCETONHYDRO-ST-4;PRINCETONHYDRO-ST-5;PRINCETONHYDRO-ST-6;USGS-01410795;USGS-01411450;USGS-01411452;USGS-0141145210;USGS-0141145260;USGS-01411456;USGS-01411457;USGS-01411461;USGS-01467325;USGS-0146732550;USGS-0146732570;USGS-01467327;USGS-0146732760;USGS-01475000;USGS-01475005;USGS-01475020;USGS-01475030;USGS-01475090;USGS-01477070;USGS-01477079;USGS-01477081;USGS-01477082;USGS-01477083;USGS-01477100;USGS-01477102;USGS-01477105;USGS-01477106;USGS-01477107;USGS-01477108;USGS-393725075035901;USGS-393725075035902;USGS-393807075030401;USGS-393823075071601;USGS-393838075060301;USGS-393858075022501;USGS-393903075055301;USGS-393912075052201;USGS-393913075051703;USGS-393914075051901;USGS-393916075122201;USGS-393917075014901;USGS-393917075053602;USGS-393917075053603;USGS-393919075054001;USGS-393920075034501;USGS-393934075103301;USGS-393939075030901;USGS-393939075030902;USGS-393939075030903;USGS-393943075030501;USGS-393945075031701;USGS-393945075031702;USGS-393945075031703;USGS-394013075055801;USGS-394014075060001;USGS-394015075055901;USGS-394021075082701;USGS-394024075035001;USGS-394025075054801;USGS-394031075060501;USGS-394050074595801;USGS-394057075100701;USGS-394100075055301;USGS-394107074595701;USGS-394107074595702;USGS-394107074595703;USGS-394107074595704;USGS-394107074595705;USGS-394109075013401;USGS-394113075001601;USGS-394113075001602;USGS-394113075001603;USGS-394113075001604;USGS-394113075001605;USGS-394119075062701;USGS-394127075045601;USGS-394130075092101;USGS-394137075000501;USGS-394137075000502;USGS-394141075071001;USGS-394142075060801;USGS-394147075071401;USGS-394151075111201;USGS-394153075011101;USGS-394200075013901;USGS-394204075012901;USGS-394205075075301;USGS-394209075063803;USGS-394211075063701;USGS-394217075002401;USGS-394217075003901;USGS-394218075002101;USGS-394218075002701;USGS-394219075002401;USGS-394219075095401;USGS-394220075002901;USGS-394221075072201;USGS-394221075072202;USGS-394221075072203;USGS-394224075001401;USGS-394224075003901;USGS-394224075003902;USGS-394226075001501;USGS-394226075001701;USGS-394226075003201;USGS-394227075052201;USGS-394227075054101;USGS-394229075002101;USGS-394229075002102;USGS-394232075012601;USGS-394233075001901;USGS-394233075001902;USGS-394233075001903;USGS-394233075003001;USGS-394233075045401;USGS-394233075045402;USGS-394233075071701;USGS-394233075071705;USGS-394234075014001;USGS-394234075014002;USGS-394235075042701;USGS-394237075002101;USGS-394241075050701;USGS-394241075064201;USGS-394242075002301;USGS-394242075002302;USGS-394242075033001;USGS-394242075033002;USGS-394242075033003;USGS-394242075033004;USGS-394243075034401;USGS-394243075034402;USGS-394243075051401;USGS-394246075015101;USGS-394247075003001;USGS-394248075003201;USGS-394248075003202;USGS-394248075003203;USGS-394249075005501;USGS-394252075005501;USGS-394252075010201;USGS-394254075010401;USGS-394255075030401;USGS-394256075101001;USGS-394256075101002;USGS-394257075004901;USGS-394257075004902;USGS-394257075004903;USGS-394258075050801;USGS-394258075061101;USGS-394258075083601;USGS-394301075045901;USGS-394302075030501;USGS-394303075050401;USGS-394308075050501;USGS-394308075070201;USGS-394311075091401;USGS-394314075014501;USGS-394314075014502;USGS-394314075014503;USGS-394315075014701;USGS-394319075064401;USGS-394321075015701;USGS-394323075063701;USGS-394323075063702;USGS-394324075131501;USGS-394325075045801;USGS-394325075045802;USGS-394327075021001;USGS-394329075053601;USGS-394332075000301;USGS-394333075080801;USGS-394337075004101;USGS-394340075012701;USGS-394340075012702;USGS-394342075040301;USGS-394342075040302;USGS-394342075040303;USGS-394342075043201;USGS-394342075075301;USGS-394345075080401;USGS-394346075095901;USGS-394348075004101;USGS-394348075004102;USGS-394351075080101;USGS-394351075080102;USGS-394354075025901;USGS-394357075011601;USGS-394358075012001;USGS-394358075012002;USGS-394405075074501;USGS-394408075051101;USGS-394411075074501;USGS-394413075005001;USGS-394414075001601;USGS-394415075065601;USGS-394416075013201;USGS-394420075063001;USGS-394427075074301;USGS-394428075044601;USGS-394430075091101;USGS-394433075025001;USGS-394442075050401;USGS-394445075081601;USGS-394446075031001;USGS-394446075031002;USGS-394446075031003;USGS-394457075040001;USGS-394501075020601;USGS-394501075020602;USGS-394501075122901;USGS-394504075051001;USGS-394507075023801;USGS-394507075023802;USGS-394515075110601;USGS-394516075042101;USGS-394520075021801;USGS-394523075060501;USGS-394525075064001;USGS-394531075065301;USGS-394533075032301;USGS-394543075074601;USGS-394546075040001;USGS-394549075051401;USGS-394551075041401;USGS-394554075095901;USGS-394602075082301;USGS-394610075030301;USGS-394612075025801;USGS-394617075023701;USGS-394623075032801;USGS-394627075081301;USGS-394627075081302;USGS-394628075081301;USGS-394628075081303;USGS-394629075085901;USGS-394652075100401;USGS-394652075100402,/home/kdd1/jliu/Water_Hub/Water_quality_data/wqp_result_zips/US_34/NJ_all_counties_US_34_inorganics_major_metals_wqp_results.zip;/home/kdd1/jliu/Water_Hub/Water_quality_data/wqp_result_zips/US_34/NJ_all_counties_US_34_physical_wqp_results.zip,nearest WQP station with priority analytes within 10 km
NJ,none,Freese Street WTP,40.4395686852952,-74.127599678893,Keansburg Water Department,Keansburg,Reverse osmosis,Drinking water,1.1500000000000000,2011,Surface water discharge,Groundwater,"iron, total dissolved solids",none,1.1500000000000000,0.85,none,none,yes,1200-1300 mg/L TDS equivalent,"antiscalant, acid, cartridge filters",180-200,85,40 mg/l,none,4 : 1,bypass,"caustic, chlorine",none,with concentrate,none,Sheet1_table_04,112,matched,nearest_priority_station,0.058781,USGS-402620074074201,250191-- PW 6,Well,NWIS,025,/home/kdd1/jliu/Water_Hub/Water_quality_data/wqp_result_zips/US_34/NJ_all_counties_US_34_inorganics_major_metals_wqp_results.zip;/home/kdd1/jliu/Water_Hub/Water_quality_data/wqp_result_zips/US_34/NJ_all_counties_US_34_physical_wqp_results.zip,/home/kdd1/jliu/Water_Hub/Water_quality_data/wqp_station_zips/US_34/NJ_all_counties_US_34_inorganics_major_metals_wqp_stations.zip;/home/kdd1/jliu/Water_Hub/Water_quality_data/wqp_station_zips/US_34/NJ_all_counties_US_34_physical_wqp_stations.zip,-74.12786418,40.43907989,,,225,0.054393,21NJDEP1-01407012;21NJDEP1-01407026;21NJDEP1-01407065;21NJDEP1-01407090;21NJDEP1-01407538;21NJDEP1-AN0457;21NJDEP1-AN0458;21NJDEP1-AN0459;21NJDEP1-AN0460;21NJDEP1-AN0461;21NJDEP1-AN0462;21NJDEP1-AN0463;21NJDEP1-AN0465;31ISC2RS-24A;31ISC2RS-29A;31ISC2RS-47;31ISC2RS-88A;31ISC2RS-918;31ISC2RS-97B;EMAP_CS-NJ00-0003-B;EMAP_CS-NJ00-0007-A;EMAP_CS-NJ01-0002-A;EMAP_CS-NJ02-0003-A;EMAP_CS-NJ02-0205-A;EMAP_CS_WQX-NJ03-0201-A;EMAP_CS_WQX-NJ03-0204-A;EMAP_CS_WQX-NJ04-0003-A;EMAP_CS_WQX-NJ04-0405-A;EMAP_CS_WQX-NJ05-0011-A;EMAP_CS_WQX-NJ05-0017-A;EMAP_CS_WQX-NJ05-0021-A;EMAP_CS_WQX-NJ05-0025-B;EMAP_CS_WQX-NJ05-0055-A;EMAP_CS_WQX-NJ05-0060-A;EMAP_CS_WQX-NJ06-0026-A;EMAP_CS_WQX-NJ06-0030-A;EMAP_CS_WQX-NJ06-0032-A;EPA_REGION_2-Milton Lake;EPA_REGION_2-RB024_1993_C19;EPA_REGION_2-RB024_1998_C19;EPA_REGION_2-RB027_1993_C17;EPA_REGION_2-RB027_1998_C17;EPA_REGION_2-RB030_1993_C07;EPA_REGION_2-RB030_1998_C07;EPA_REGION_2-RB032_1993_C06;EPA_REGION_2-RB032_1998_C06;EPA_REGION_2-RB033_1993_C05;EPA_REGION_2-RB033_1998_C05;EPA_REGION_2-RB111_1993_C18;EPA_REGION_2-RB112_1993_C16;EPA_REGION_2-RB114_1993_C14;EPA_REGION_2-RB116_1993_C25;EPA_REGION_2-RB117_1993_C12;EPA_REGION_2-RB203_1998_C04;EPA_REGION_2-RB205_1998_C07;EPA_REGION_2-RB210_1998_C20;EPA_REGION_2-RB211_1998_C10;EPA_REGION_2-RB216_1998_C15;EPA_REGION_2-RB303_2003_C04;EPA_REGION_2-RB305_2003_C07;EPA_REGION_2-RB310_2003_C20;EPA_REGION_2-RB311_2003_C10;EPA_REGION_2-RB316_2003_C21;EPA_REGION_2-RB353_2003_C03;EPA_REGION_2-RB355_2003_C30;EPA_REGION_2-RB356_2003_C13;EPA_REGION_2-RB360_2003_C22;EPA_REGION_2-RB363_2003_C26;EPA_REGION_2-RB365_2003_C09;EPA_REGION_2-RB403_2008_C04;EPA_REGION_2-RB403_2013_C04;EPA_REGION_2-RB405_2008_C08;EPA_REGION_2-RB405_2013_C08;EPA_REGION_2-RB410_2008_C20;EPA_REGION_2-RB410_2013_C20;EPA_REGION_2-RB411_2008_C10;EPA_REGION_2-RB411_2013_C10;EPA_REGION_2-RB416_2008_C21;EPA_REGION_2-RB416_2013_C21;EPA_REGION_2-RB453_2008_C03;EPA_REGION_2-RB453_2013_C03;EPA_REGION_2-RB455_2008_C30;EPA_REGION_2-RB455_2013_C30;EPA_REGION_2-RB456_2008_C13;EPA_REGION_2-RB456_2013_C13;EPA_REGION_2-RB460_2008_C22;EPA_REGION_2-RB460_2013_C22;EPA_REGION_2-RB463_2008_C26;EPA_REGION_2-RB463_2013_C26;EPA_REGION_2-RB465_2008_C09;EPA_REGION_2-RB465_2013_C09;EPA_REGION_2-Weequahic Park Lake;IEC-NYNJCT-USGS_01407081;MCHD-35;MCHD-36;MCHD-51;MCHD-65;MCHD-8;MCHD-88;NARS_WQX-NCA_NJ-10205;NARS_WQX-NCA_NJ-10227;NARS_WQX-NCA_NJ-10229;NARS_WQX-NCCA10-1593;NARS_WQX-NCCA10-1599;NARS_WQX-NCCA10-1602;NARS_WQX-NRS_NJ-10071;NJDEP_AMERICORPS-WA0465A;NJDEP_AMERICORPS-WA0465C;NJDEP_AMERICORPS-WACLAY1A;NJDEP_AMERICORPS-WAMANY1;NJDEP_AMERICORPS-WAPOR11;NJDEP_BFBM-01407026;NJDEP_BFBM-01407065;NJDEP_BFBM-01407532;NJDEP_BFBM-AN0457;NJDEP_BFBM-AN0458;NJDEP_BFBM-AN0459;NJDEP_BFBM-AN0460;NJDEP_BFBM-AN0461;NJDEP_BFBM-AN0462;NJDEP_BFBM-AN0462A;NJDEP_BFBM-AN0465;NJDEP_BFBM-BFBM000157;NJDEP_BFBM-BFBM000158;NJDEP_BFBM-BFBM000162;NJDEP_BFBM-NJW04459-080-1;NJDEP_BMWM-24A;NJDEP_BMWM-26A;NJDEP_BMWM-28;NJDEP_BMWM-50;NJDEP_BMWM-66;NJDEP_BMWM-88A;NJDEP_BMWM-914;NJDEP_BMWM-916D;NJDEP_BMWM-918;NJDEP_BMWM-97A;NJDEP_BMWM-R61;NJDEP_BMWM-R62;NJDEP_BMWM-R63;NJDEP_BMWM-R64;NJDEP_BMWM-R65;NJDEP_BMWM-R66;NJDEP_BMWM-R67;NJDEP_BMWM-RB3;NJHDG-29;NNB-NNB-M1;NNB-NNB-M2;NNB-NNB-M3;NNB-NNB-M4;NNB-NNB-M5;USGS-01407000;USGS-01407010;USGS-01407012;USGS-01407020;USGS-01407025;USGS-01407026;USGS-01407051;USGS-01407059;USGS-01407065;USGS-01407090;USGS-01407100;USGS-01407110;USGS-01407115;USGS-01407532;USGS-01407538;USGS-402106074081001;USGS-402129074054201;USGS-402219074033701;USGS-402255074101001;USGS-402352074073901;USGS-402358074133801;USGS-402359074123501;USGS-402410074123901;USGS-402412074073001;USGS-402424074014401;USGS-402427074134801;USGS-402436074101301;USGS-402437074023601;USGS-402441074023301;USGS-402441074023302;USGS-402441074023401;USGS-402441074084301;USGS-402442074024201;USGS-402444074101501;USGS-402445074101901;USGS-402451074073001;USGS-402500074081101;USGS-402515074133001;USGS-402518074065401;USGS-402521074074301;USGS-402533074093301;USGS-402534074093001;USGS-402535074121401;USGS-402536074091701;USGS-402539074121401;USGS-402542074085001;USGS-402542074122001;USGS-402601074142201;USGS-402602074142401;USGS-402608074050701;USGS-402610074135101;USGS-402612074051101;USGS-402615074105501;USGS-402618074142502;USGS-402620074074201;USGS-402623074121001;USGS-402624074114501;USGS-402626074114201;USGS-402626074114204;USGS-402626074114205;USGS-402628074074401;USGS-402629074081401;USGS-402630074105801;USGS-402630074112901;USGS-402632074105101;USGS-402632074105102;USGS-402634074105101;USGS-402634074105301;USGS-402640074090401;USGS-402641074091101;USGS-402641074091102;USGS-402641074091901;USGS-402652074110001;USGS-402704074105101;USGS-402717074081601,/home/kdd1/jliu/Water_Hub/Water_quality_data/wqp_result_zips/US_34/NJ_all_counties_US_34_inorganics_major_metals_wqp_results.zip;/home/kdd1/jliu/Water_Hub/Water_quality_data/wqp_result_zips/US_34/NJ_all_counties_US_34_physical_wqp_results.zip,nearest WQP station with priority analytes within 10 km; closer station USGS-402352074073901 at 0.05 km lacks the priority analytes
OH,none,Spencerville WTP,40.7210679717728,-84.3454041940524,City of Spencerville,Spencerville,Nanofiltration,Drinking water,0.48692206076618200,2014,Sewer discharge,Groundwater,total dissolved solids (from residential ion exchange discharges); ability to meet future concerns,neutralization,0.49,none,none,none,yes,none,"aeration, chlorination, sand filters, dechlorination, antiscalant",122,70,74 mg/l,none,none,sand filtered bypass,"disinfection, pH adjustment",on original membranes,none,none,Sheet1_table_04,91,matched,nearest_priority_station,0.052772,21OHIO_WQX-P03S11,SPENCERVILLE WWTP OUTFALL TO TRIB TO SIXMILE CREEK (3.60),Facility Municipal Sewage (POTW),STORET,003,/home/kdd1/jliu/Water_Hub/Water_quality_data/wqp_result_zips/US_39/OH_all_counties_US_39_inorganics_major_metals_wqp_results.zip;/home/kdd1/jliu/Water_Hub/Water_quality_data/wqp_result_zips/US_39/OH_all_counties_US_39_physical_wqp_results.zip,/home/kdd1/jliu/Water_Hub/Water_quality_data/wqp_station_zips/US_39/OH_all_counties_US_39_inorganics_major_metals_wqp_stations.zip;/home/kdd1/jliu/Water_Hub/Water_quality_data/wqp_station_zips/US_39/OH_all_counties_US_39_physical_wqp_stations.zip,-84.34530000,40.72060000,,,51,0.052772,21OHDGW-2235;21OHDGW_WQX-39ALL00184;21OHIO_WQX-204358;21OHIO_WQX-303078;21OHIO_WQX-303350;21OHIO_WQX-304002;21OHIO_WQX-304421;21OHIO_WQX-500280;21OHIO_WQX-P01K05;21OHIO_WQX-P01K16;21OHIO_WQX-P01S09;21OHIO_WQX-P03G28;21OHIO_WQX-P03G30;21OHIO_WQX-P03G31;21OHIO_WQX-P03G32;21OHIO_WQX-P03G34;21OHIO_WQX-P03G35;21OHIO_WQX-P03G36;21OHIO_WQX-P03G37;21OHIO_WQX-P03G38;21OHIO_WQX-P03G39;21OHIO_WQX-P03G40;21OHIO_WQX-P03K02;21OHIO_WQX-P03K03;21OHIO_WQX-P03K05;21OHIO_WQX-P03P06;21OHIO_WQX-P03P09;21OHIO_WQX-P03P11;21OHIO_WQX-P03P13;21OHIO_WQX-P03S05;21OHIO_WQX-P03S06;21OHIO_WQX-P03S07;21OHIO_WQX-P03S10;21OHIO_WQX-P03S11;21OHIO_WQX-P03S16;21OHIO_WQX-P03S21;21OHIO_WQX-P03W10;USGS-04185935;USGS-04185950;USGS-404424084200500;USGS-404440084192100;USGS-404447084183600;USGS-404507084200300;USGS-404512084200100;USGS-404522084195800;USGS-404526084191800;USGS-404548084205600;USGS-404548084213000;USGS-404604084195100;USGS-404639084213000;USGS-404647084231400,/home/kdd1/jliu/Water_Hub/Water_quality_data/wqp_result_zips/US_39/OH_all_counties_US_39_inorganics_major_metals_wqp_results.zip;/home/kdd1/jliu/Water_Hub/Water_quality_data/wqp_result_zips/US_39/OH_all_counties_US_39_physical_wqp_results.zip,nearest WQP station with priority analytes within 10 km
OH,none,City of Bowling Green,41.4760866608233,-83.7380631882074,City of Bowling Green,Bowling Green,Reverse osmosis,Drinking water,3,2012,Surface water discharge,Surface water,"trihalomethane, total organic carbon",none,3,1,14,4.8,yes,416 mg/L TDS equivalent,"antiscalant cartridge filters, microfiltration",75,78,16 µS/cm,none,25 : 75,lime softened/GAC treated water,"blend, pH adjustment, chlorination",on original membranes,with concentrate,none,Sheet1_table_04,97,matched,nearest_priority_station,0.064133,USGS-04193490,Maumee River near Waterville OH,Stream,NWIS,173,/home/kdd1/jliu/Water_Hub/Water_quality_data/wqp_result_zips/US_39/OH_all_counties_US_39_inorganics_major_metals_wqp_results.zip;/home/kdd1/jliu/Water_Hub/Water_quality_data/wqp_result_zips/US_39/OH_all_counties_US_39_physical_wqp_results.zip,/home/kdd1/jliu/Water_Hub/Water_quality_data/wqp_station_zips/US_39/OH_all_counties_US_39_inorganics_major_metals_wqp_stations.zip;/home/kdd1/jliu/Water_Hub/Water_quality_data/wqp_station_zips/US_39/OH_all_counties_US_39_physical_wqp_stations.zip,-83.73882610,41.47616368,,,53,0.064133,21OHDGW-28381;21OHDGW-NA1033;21OHIO_WQX-201845;21OHIO_WQX-301740;21OHIO_WQX-303005;21OHIO_WQX-303006;21OHIO_WQX-303007;21OHIO_WQX-303008;21OHIO_WQX-303009;21OHIO_WQX-303740;21OHIO_WQX-303741;21OHIO_WQX-303844;21OHIO_WQX-303990;21OHIO_WQX-303991;21OHIO_WQX-304420;21OHIO_WQX-500080;21OHIO_WQX-500170;21OHIO_WQX-P10E03;21OHIO_WQX-P10G01;21OHIO_WQX-P10K01;21OHIO_WQX-P10P13;21OHIO_WQX-P11A03;21OHIO_WQX-P11K05;21OHIO_WQX-P11K12;21OHIO_WQX-P11K13;21OHIO_WQX-P11K19;21OHIO_WQX-P11K21;21OHIO_WQX-P11K31;21OHIO_WQX-P11P11;21OHIO_WQX-P11P13;21OHIO_WQX-P11S11;21OHIO_WQX-P11S41;21OHIO_WQX-P11W08;21OHIO_WQX-P11W25;LEVSN_WQX-CWAT-14| (LEBAF);LEVSN_WQX-CWAT-16| (LEBAF);LEVSN_WQX-CWAT-17| (LEBAF);LEVSN_WQX-CWAT-7| (LEBAF);USGS-04193490;USGS-04193500;USGS-412350083444900;USGS-412633083482400;USGS-412735083460800;USGS-412803083454500;USGS-412835083445600;USGS-412930083440600;USGS-412945083485700;USGS-413003083441300;USGS-413025083374000;USGS-413026083420800;USGS-413049083483800;USGS-413246083415400;WWMD_VA-USGS04193490,/home/kdd1/jliu/Water_Hub/Water_quality_data/wqp_result_zips/US_39/OH_all_counties_US_39_inorganics_major_metals_wqp_results.zip;/home/kdd1/jliu/Water_Hub/Water_quality_data/wqp_result_zips/US_39/OH_all_counties_US_39_physical_wqp_results.zip,nearest WQP station with priority analytes within 10 km
OH,none,City of Delaware WTP,40.3431005862178,-83.0685748514579,City of Delaware,Delaware,Ultrafiltration / nanofiltration and nanofiltration (separate systems),Drinking water,6,none,Surface water discharge,Surface water and groundwater,"iron, manganese",none,6,3.8,none,none,no,none,"on surface water: coagulation, settling, UF; on GW: pressure filters to remove Fe, Mn,",none,none,none,none,none,none,"chorine, corrosion inhibitor, fluoride",none,none,none,Sheet1_table_04,105,matched,nearest_priority_station,1.208573,21OHIO_WQX-V04P39,OLENTANGY R. 0.3 MI. DST DELAWARE RESERVOIR @ MAIN RD.,River/Stream,STORET,041,/home/kdd1/jliu/Water_Hub/Water_quality_data/wqp_result_zips/US_39/OH_all_counties_US_39_inorganics_major_metals_wqp_results.zip;/home/kdd1/jliu/Water_Hub/Water_quality_data/wqp_result_zips/US_39/OH_all_counties_US_39_physical_wqp_results.zip,/home/kdd1/jliu/Water_Hub/Water_quality_data/wqp_station_zips/US_39/OH_all_counties_US_39_inorganics_major_metals_wqp_stations.zip;/home/kdd1/jliu/Water_Hub/Water_quality_data/wqp_station_zips/US_39/OH_all_counties_US_39_physical_wqp_stations.zip,-83.06801000,40.35396100,,,37,1.208573,21OHDGW-13114;21OHIO_WQX-201442;21OHIO_WQX-204473;21OHIO_WQX-300582;21OHIO_WQX-300583;21OHIO_WQX-301113;21OHIO_WQX-302208;21OHIO_WQX-302209;21OHIO_WQX-303788;21OHIO_WQX-304395;21OHIO_WQX-304510;21OHIO_WQX-601080;21OHIO_WQX-610810;21OHIO_WQX-V02P15;21OHIO_WQX-V04G21;21OHIO_WQX-V04G22;21OHIO_WQX-V04G40;21OHIO_WQX-V04G41;21OHIO_WQX-V04G42;21OHIO_WQX-V04G43;21OHIO_WQX-V04K01;21OHIO_WQX-V04K02;21OHIO_WQX-V04K03;21OHIO_WQX-V04P39;21OHIO_WQX-V04P45;21OHIO_WQX-V04Q27;21OHIO_WQX-V04W05;21OHIO_WQX-V05G43;21OHIO_WQX-V05G45;21OHIO_WQX-V05G46;21OHIO_WQX-V06P09;NARS_WQX-NLA_OH-10031;OH015-402126083040400;OLMS-330;USGS-03219590;USGS-03225500;USGS-401949082572100,/home/kdd1/jliu/Water_Hub/Water_quality_data/wqp_result_zips/US_39/OH_all_counties_US_39_inorganics_major_metals_wqp_results.zip;/home/kdd1/jliu/Water_Hub/Water_quality_data/wqp_result_zips/US_39/OH_all_counties_US_39_physical_wqp_results.zip,nearest WQP station with priority analytes within 10 km
TN,none,Pigeon Forge new STP,35.8079838619937,-83.582188410156,City of Pigeon Forge,Pigeon Forge,Nanofiltration,Wastewater treatment plant,0.4,2015,nanofiltration used for thickening between digesters,sewage after initial digester,none,none,0.4,none,none,none,n0,none,none,none,none,none,none,none,none,"disk filter, chlorine, dechlorination, (later this year will recycle to front of process due to high P content)",on original membranes,none,none,Sheet1_table_04,109,matched,nearest_priority_station,0.744426,USGS-03469500,"WEST PRONG LITTLE PIGEON R NR PIGEON FORGE, TN",Stream,NWIS,155,/home/kdd1/jliu/Water_Hub/Water_quality_data/wqp_result_zips/US_47/TN_all_counties_US_47_inorganics_major_metals_wqp_results.zip;/home/kdd1/jliu/Water_Hub/Water_quality_data/wqp_result_zips/US_47/TN_all_counties_US_47_physical_wqp_results.zip,/home/kdd1/jliu/Water_Hub/Water_quality_data/wqp_station_zips/US_47/TN_all_counties_US_47_inorganics_major_metals_wqp_stations.zip;/home/kdd1/jliu/Water_Hub/Water_quality_data/wqp_station_zips/US_47/TN_all_counties_US_47_physical_wqp_stations.zip,-83.57433400,35.80592357,,,91,0.348753,11NPSWRD_WQX-GRSM_NURE_0408;11NPSWRD_WQX-GRSM_NURE_0409;11NPSWRD_WQX-GRSM_NURE_0410;11NPSWRD_WQX-GRSM_NURE_0411;11NPSWRD_WQX-GRSM_NURE_0412;11NPSWRD_WQX-GRSM_NURE_0413;11NPSWRD_WQX-GRSM_NURE_0414;11NPSWRD_WQX-GRSM_NURE_0446;11NPSWRD_WQX-GRSM_NURE_0447;11NPSWRD_WQX-GRSM_NURE_0448;11NPSWRD_WQX-GRSM_NURE_0449;11NPSWRD_WQX-GRSM_NURE_0450;11NPSWRD_WQX-GRSM_NURE_0451;11NPSWRD_WQX-GRSM_NURE_0477;11NPSWRD_WQX-GRSM_NURE_0478;11NPSWRD_WQX-GRSM_NURE_0479;11NPSWRD_WQX-GRSM_NURE_0480;11NPSWRD_WQX-GRSM_NURE_0481;11NPSWRD_WQX-GRSM_NURE_0482;11NPSWRD_WQX-GRSM_NURE_0483;11NPSWRD_WQX-GRSM_NURE_0484;11NPSWRD_WQX-GRSM_NURE_0486;11NPSWRD_WQX-GRSM_NURE_0487;11NPSWRD_WQX-GRSM_NURE_0488;11NPSWRD_WQX-GRSM_NURE_0497;11NPSWRD_WQX-GRSM_NURE_0500;NARS-OWW04440-0238;NARS_WQX-FW08TN019;NARS_WQX-NRS_TN-10066;NARS_WQX-OWW04440-0238;NARS_WQX-TNS9-0922;TDECWPC-COVE003.8SV;TDECWPC-MIDDL001.2SV;TDECWPC-NORTO000.1SV;TDECWPC-WPLPI001.7SV;TDECWPC-WPLPI007.6SV;TDECWPC-WPLPI008.7SV;TDECWPC-WPLPI012.6SV;TDECWPC-WPLPI013.6SV;TDECWR_WQX-TNW000000308;TDECWR_WQX-TNW000001425;TDECWR_WQX-TNW000001428;TDECWR_WQX-TNW000001429;TDECWR_WQX-TNW000002619;TDECWR_WQX-TNW000002636;TDECWR_WQX-TNW000003366;TDECWR_WQX-TNW000003850;TDECWR_WQX-TNW000003851;TDECWR_WQX-TNW000004111;TDECWR_WQX-TNW000004112;TDECWR_WQX-TNW000004119;TDECWR_WQX-TNW000004131;TDECWR_WQX-TNW000004158;TDECWR_WQX-TNW000006552;TDECWR_WQX-TNW000006553;TDECWR_WQX-TNW000006555;TDECWR_WQX-TNW000006952;TDECWR_WQX-TNW000006954;TDECWR_WQX-TNW000006955;TDECWR_WQX-TNW000006956;TDECWR_WQX-TNW000006957;TDECWR_WQX-TNW000006958;TDECWR_WQX-TNW000006959;TDECWR_WQX-TNW000006960;TDECWR_WQX-TNW000007429;TDECWR_WQX-TNW000008160;TDECWR_WQX-TNW000008161;TDECWR_WQX-TNW000008162;TDECWR_WQX-TNW000008163;TDECWR_WQX-TNW000008164;TDECWR_WQX-TNW000008165;TDECWR_WQX-TNW000008376;TDECWR_WQX-TNW000008377;TDECWR_WQX-TNW000008378;TDECWR_WQX-TNW000008743;TDECWR_WQX-TNW000009190;TDECWR_WQX-TNW000009191;TDECWR_WQX-TNW000009192;TDECWR_WQX-TNW000009196;USGS-03469175;USGS-03469185;USGS-03469400;USGS-03469408;USGS-03469430;USGS-03469500;USGS-03469610;USGS-03469900;USGS-03470000;USGS-354410083380601;USGS-354747083333801;USGS-355021083305101,/home/kdd1/jliu/Water_Hub/Water_quality_data/wqp_result_zips/US_47/TN_all_counties_US_47_inorganics_major_metals_wqp_results.zip;/home/kdd1/jliu/Water_Hub/Water_quality_data/wqp_result_zips/US_47/TN_all_counties_US_47_physical_wqp_results.zip,nearest WQP station with priority analytes within 10 km; closer station TDECWPC-WPLPI008.7SV at 0.35 km lacks the priority analytes
TX,Aransas,Aransas Bay Utility WTP,,,"Aransas Bay Utilities Company, LLC",none,Reverse osmosis,Drinking water,0.2,2011,Surface water discharge,Groundwater,none,none,none,none,none,none,none,none,none,none,none,none,none,none,none,none,none,none,none,TEXAS FACILITIES,73,skipped,missing_coordinates,,,,,,,,,,,,,,,,,missing ACC_X or ACC_Y
TX,Bexar,H2OAKS Center,29.1466386576356,-98.4007634797152,City of San Antonio,Elmendorf,Reverse osmosis,Drinking water,10,2016,Deep well injection,Groundwater,none,none,10,7.22,12,none,yes,1300 mg/L TDS equivalent,"cartridge filter, pH adjustment, antiscalant",none,90,30-50,400 mg/l,none,none,"blending, degasification, pH adjustment (sulfuric acid), corrosion control, disinfection, alkalinity adjustment (calcite contactor), stabilization (NaOH)",none,none,none,TEXAS FACILITIES,60,matched,nearest_priority_station,0.430836,USGS-290838098241401,AY-68-53-9  (PO2),Well,NWIS,029,/home/kdd1/jliu/Water_Hub/Water_quality_data/wqp_result_zips/US_48/TX_bexar_county_US_48_029_inorganics_major_metals_wqp_results.zip;/home/kdd1/jliu/Water_Hub/Water_quality_data/wqp_result_zips/US_48/TX_bexar_county_US_48_029_physical_wqp_results.zip,/home/kdd1/jliu/Water_Hub/Water_quality_data/wqp_station_zips/US_48/TX_bexar_county_US_48_029_inorganics_major_metals_wqp_stations.zip;/home/kdd1/jliu/Water_Hub/Water_quality_data/wqp_station_zips/US_48/TX_bexar_county_US_48_029_physical_wqp_stations.zip,-98.40388890,29.14388889,,,13,0.430836,TCEQMAIN-12886;TCEQMAIN-12889;USGS-08181800;USGS-290657098242401;USGS-290657098242801;USGS-290721098254001;USGS-290732098251101;USGS-290750098235301;USGS-290751098243101;USGS-290809098232301;USGS-290838098241401;USGS-290841098234001;USGS-290844098243601,/home/kdd1/jliu/Water_Hub/Water_quality_data/wqp_result_zips/US_48/TX_bexar_county_US_48_029_inorganics_major_metals_wqp_results.zip;/home/kdd1/jliu/Water_Hub/Water_quality_data/wqp_result_zips/US_48/TX_bexar_county_US_48_029_physical_wqp_results.zip,nearest WQP station with priority analytes within 10 km
TX,Cameron,joines Road WTP,,,Military Highway Water Supply Corp..,San Benito,Reverse osmosis,Drinking water,1.44,2014,Surface water discharge,none,none,none,none,none,none,none,none,none,none,none,none,none,none,none,none,none,none,none,none,TEXAS FACILITIES,65,skipped,missing_coordinates,,,,,,,,,,,,,,,,,missing ACC_X or ACC_Y
TX,Coryell,City of Evant RO WTP,31.4786858161942,-98.1454767445116,City of Evant,Evant,Reverse osmosis,Drinking water,0.08,2010,Sewer discharge,Groundwater,none,none,0.08,6.5E-02,none,none,no,1100 mg/L TDS equivalent,"cartridge filter, media filter, antiscalant",190,80,800,none,none,none,none,none,none,none,TEXAS FACILITIES,75,no_match,nearest_station_too_far,32.797313,USGS-08101000,"Cowhouse Ck at Pidcoke, TX",Stream,NWIS,099,/home/kdd1/jliu/Water_Hub/Water_quality_data/wqp_result_zips/US_48/TX_coryell_county_US_48_099_inorganics_major_metals_wqp_results.zip;/home/kdd1/jliu/Water_Hub/Water_quality_data/wqp_result_zips/US_48/TX_coryell_county_US_48_099_physical_wqp_results.zip,/home/kdd1/jliu/Water_Hub/Water_quality_data/wqp_station_zips/US_48/TX_coryell_county_US_48_099_inorganics_major_metals_wqp_stations.zip;/home/kdd1/jliu/Water_Hub/Water_quality_data/wqp_station_zips/US_48/TX_coryell_county_US_48_099_physical_wqp_stations.zip,-97.88502440,31.28489020,,,,,,,nearest WQP monitoring location is farther than max distance 10 km
TX,Gaines,La Tierra RO WTP,32.7165023986164,-102.645507639232,BW Primoris,Seminole,Reverse osmosis,Drinking water,0.65,2016,Land application,Groundwater,"total dissolved solids, arsenic",none,0.65,0.50-0.65,none,none,yes,1000-1200 mg/L TDS equivalent,"acid, antiscalant, cartridge filters",220-250,65-72,40-50 mg/l,250 mg/l,2 : 1,bypass,"blend, caustic, chlorine",on original membranes,send membranes off site for cleaning,none,TEXAS FACILITIES,62,matched,nearest_priority_station,3.966338,USGS-324153102405501,KD-27-19-518,Well,NWIS,165,/home/kdd1/jliu/Water_Hub/Water_quality_data/wqp_result_zips/US_48/TX_gaines_county_US_48_165_inorganics_major_metals_wqp_results.zip;/home/kdd1/jliu/Water_Hub/Water_quality_data/wqp_result_zips/US_48/TX_gaines_county_US_48_165_physical_wqp_results.zip,/home/kdd1/jliu/Water_Hub/Water_quality_data/wqp_station_zips/US_48/TX_gaines_county_US_48_165_inorganics_major_metals_wqp_stations.zip;/home/kdd1/jliu/Water_Hub/Water_quality_data/wqp_station_zips/US_48/TX_gaines_county_US_48_165_physical_wqp_stations.zip,-102.68180830,32.69808056,,,2,3.966338,USGS-324153102405501;USGS-324200102423501,/home/kdd1/jliu/Water_Hub/Water_quality_data/wqp_result_zips/US_48/TX_gaines_county_US_48_165_inorganics_major_metals_wqp_results.zip;/home/kdd1/jliu/Water_Hub/Water_quality_data/wqp_result_zips/US_48/TX_gaines_county_US_48_165_physical_wqp_results.zip,nearest WQP station with priority analytes within 10 km
TX,Gaines,25th and Avenue G,32.7253132663579,-102.649818595496,BW Primoris,Seminole,Reverse osmosis,Drinking water,1.3,2016,Land application,Groundwater,"total dissolved solids, arsenic",none,none,none,none,none,none,none,none,none,none,none,none,none,none,none,none,none,none,TEXAS FACILITIES,76,matched,nearest_priority_station,4.257624,USGS-324153102405501,KD-27-19-518,Well,NWIS,165,/home/kdd1/jliu/Water_Hub/Water_quality_data/wqp_result_zips/US_48/TX_gaines_county_US_48_165_inorganics_major_metals_wqp_results.zip;/home/kdd1/jliu/Water_Hub/Water_quality_data/wqp_result_zips/US_48/TX_gaines_county_US_48_165_physical_wqp_results.zip,/home/kdd1/jliu/Water_Hub/Water_quality_data/wqp_station_zips/US_48/TX_gaines_county_US_48_165_inorganics_major_metals_wqp_stations.zip;/home/kdd1/jliu/Water_Hub/Water_quality_data/wqp_station_zips/US_48/TX_gaines_county_US_48_165_physical_wqp_stations.zip,-102.68180830,32.69808056,,,2,4.257624,USGS-324153102405501;USGS-324200102423501,/home/kdd1/jliu/Water_Hub/Water_quality_data/wqp_result_zips/US_48/TX_gaines_county_US_48_165_inorganics_major_metals_wqp_results.zip;/home/kdd1/jliu/Water_Hub/Water_quality_data/wqp_result_zips/US_48/TX_gaines_county_US_48_165_physical_wqp_results.zip,nearest WQP station with priority analytes within 10 km
TX,Gaines,14th and C,32.7253132663579,-102.649818595496,BW Primoris,Seminole,Reverse osmosis,Drinking water,0.58000000000000000,2016,Land application,Groundwater,"total dissolved solids, arsenic",none,0.65,0.5-0.65,none,none,yes,2500 in summer; rest of year = ~1100 mg/L TDS equivalent,"acid, antiscalant, cartridge filters",225-250,65-70,40-50 mg/l,740,2 : 1,bypass,"blend, caustic, chlorine",on original membranes,membranes sent off site for cleaning,none,TEXAS FACILITIES,78,matched,nearest_priority_station,4.257624,USGS-324153102405501,KD-27-19-518,Well,NWIS,165,/home/kdd1/jliu/Water_Hub/Water_quality_data/wqp_result_zips/US_48/TX_gaines_county_US_48_165_inorganics_major_metals_wqp_results.zip;/home/kdd1/jliu/Water_Hub/Water_quality_data/wqp_result_zips/US_48/TX_gaines_county_US_48_165_physical_wqp_results.zip,/home/kdd1/jliu/Water_Hub/Water_quality_data/wqp_station_zips/US_48/TX_gaines_county_US_48_165_inorganics_major_metals_wqp_stations.zip;/home/kdd1/jliu/Water_Hub/Water_quality_data/wqp_station_zips/US_48/TX_gaines_county_US_48_165_physical_wqp_stations.zip,-102.68180830,32.69808056,,,2,4.257624,USGS-324153102405501;USGS-324200102423501,/home/kdd1/jliu/Water_Hub/Water_quality_data/wqp_result_zips/US_48/TX_gaines_county_US_48_165_inorganics_major_metals_wqp_results.zip;/home/kdd1/jliu/Water_Hub/Water_quality_data/wqp_result_zips/US_48/TX_gaines_county_US_48_165_physical_wqp_results.zip,nearest WQP station with priority analytes within 10 km
TX,Haskell,City of Rule WTP,33.1825148612275,-99.8936875955088,Rule,Rule,Reverse osmosis,Drinking water,8.6E-02,2015,Sewer discharge,Groundwater,none,none,8.6E-02,0.04,none,none,;,none,"cartridge filter, antiscalant",120,68,none,none,none,none,"blending, disinfection",none,none,none,TEXAS FACILITIES,64,matched,nearest_station,6.023650,CORIVWCH_WQX-3521,Brazos - Double Mtn Fk,River/Stream,STORET,207,/home/kdd1/jliu/Water_Hub/Water_quality_data/wqp_result_zips/US_48/TX_haskell_county_US_48_207_physical_wqp_results.zip,/home/kdd1/jliu/Water_Hub/Water_quality_data/wqp_station_zips/US_48/TX_haskell_county_US_48_207_physical_wqp_stations.zip,-99.95830223,33.18571980,,,1,6.023650,CORIVWCH_WQX-3521,/home/kdd1/jliu/Water_Hub/Water_quality_data/wqp_result_zips/US_48/TX_haskell_county_US_48_207_inorganics_major_metals_wqp_results.zip;/home/kdd1/jliu/Water_Hub/Water_quality_data/wqp_result_zips/US_48/TX_haskell_county_US_48_207_physical_wqp_results.zip,nearest WQP monitoring location within 10 km; no station with priority analytes in range
TX,Hidalgo,La Rusias WTP,26.0848649535186,-97.9094201112712,Military Highway Water Supply Corp.,Los Indios,Reverse osmosis,Drinking water,1.44,2017,Surface water discharge,none,none,none,none,none,none,none,none,none,none,none,none,none,none,none,none,none,none,none,none,TEXAS FACILITIES,58,matched,nearest_priority_station,4.976780,USGS-08470300,"Arroyo Colorado at El Fuste Siphon nr Mercedes, TX",Stream,NWIS,215,/home/kdd1/jliu/Water_Hub/Water_quality_data/wqp_result_zips/US_48/TX_hidalgo_county_US_48_215_inorganics_major_metals_wqp_results.zip;/home/kdd1/jliu/Water_Hub/Water_quality_data/wqp_result_zips/US_48/TX_hidalgo_county_US_48_215_physical_wqp_results.zip,/home/kdd1/jliu/Water_Hub/Water_quality_data/wqp_station_zips/US_48/TX_hidalgo_county_US_48_215_inorganics_major_metals_wqp_stations.zip;/home/kdd1/jliu/Water_Hub/Water_quality_data/wqp_station_zips/US_48/TX_hidalgo_county_US_48_215_physical_wqp_stations.zip,-97.91277790,26.12952047,,,4,4.926319,TCEQMAIN-13081;TCEQMAIN-17247;USGS-08470140;USGS-08470300,/home/kdd1/jliu/Water_Hub/Water_quality_data/wqp_result_zips/US_48/TX_hidalgo_county_US_48_215_inorganics_major_metals_wqp_results.zip;/home/kdd1/jliu/Water_Hub/Water_quality_data/wqp_result_zips/US_48/TX_hidalgo_county_US_48_215_physical_wqp_results.zip,nearest WQP station with priority analytes within 10 km; closer station TCEQMAIN-17247 at 4.93 km lacks the priority analytes
TX,Hidalgo,Victoria Road RO Plant,26.215474206472,-98.0251941037526,North Alamo Supply Corp.,Donna,Reverse osmosis,Drinking water,2,2012,Surface water discharge,Groundwater,none,none,2.25,2.25,2,2,no,4000 mg/L TDS equivalent,cartridge filter,150,75,150,none,none,none,"degasification, pH adjustment, disinfection, anti-corrosion",none,none,none,TEXAS FACILITIES,69,no_match,nearest_station_too_far,12.412885,USGS-08470140,"Main Floodway (Llano Grande) nr Progresso, TX",Stream,NWIS,215,/home/kdd1/jliu/Water_Hub/Water_quality_data/wqp_result_zips/US_48/TX_hidalgo_county_US_48_215_physical_wqp_results.zip,/home/kdd1/jliu/Water_Hub/Water_quality_data/wqp_station_zips/US_48/TX_hidalgo_county_US_48_215_physical_wqp_stations.zip,-97.96111320,26.11979840,,,,,,,nearest WQP monitoring location is farther than max distance 10 km
TX,Hildalgo,Progresso WTP,26.0846307840473,-97.9093526169223,Military Highway Water Supply Corp.,Progresso,Microfiltration / reverse osmosis,Drinking water,0.52,2011,Surface water discharge,none,none,none,none,none,none,none,none,none,none,none,none,none,none,none,none,none,none,none,none,TEXAS FACILITIES,72,matched,nearest_priority_station,5.003216,USGS-08470300,"Arroyo Colorado at El Fuste Siphon nr Mercedes, TX",Stream,NWIS,215,/home/kdd1/jliu/Water_Hub/Water_quality_data/wqp_result_zips/US_48/TX_hidalgo_county_US_48_215_inorganics_major_metals_wqp_results.zip;/home/kdd1/jliu/Water_Hub/Water_quality_data/wqp_result_zips/US_48/TX_hidalgo_county_US_48_215_physical_wqp_results.zip,/home/kdd1/jliu/Water_Hub/Water_quality_data/wqp_station_zips/US_48/TX_hidalgo_county_US_48_215_inorganics_major_metals_wqp_stations.zip;/home/kdd1/jliu/Water_Hub/Water_quality_data/wqp_station_zips/US_48/TX_hidalgo_county_US_48_215_physical_wqp_stations.zip,-97.91277790,26.12952047,,,4,4.918862,TCEQMAIN-13081;TCEQMAIN-17247;USGS-08470140;USGS-08470300,/home/kdd1/jliu/Water_Hub/Water_quality_data/wqp_result_zips/US_48/TX_hidalgo_county_US_48_215_inorganics_major_metals_wqp_results.zip;/home/kdd1/jliu/Water_Hub/Water_quality_data/wqp_result_zips/US_48/TX_hidalgo_county_US_48_215_physical_wqp_results.zip,nearest WQP station with priority analytes within 10 km; closer station TCEQMAIN-17247 at 4.92 km lacks the priority analytes
TX,Hood,City of Granbury WTP,32.42394746838,-97.7733366712742,City of Granbury,Granbury,Microfiltration / reverse osmosis,Drinking water,2.5,2017,Surface water discharge,Surface water,bromide,none,2.5,0.7,none,0.875,yes,851.2 mg/L TDS equivalent,"MF, cartridge filters, antiscalant",115-120,75,30 mg/l,250 mg/l,75 : 25,MF treated bypass,"pH adjustment, chloramination",on original membranes,with concentrate,none,TEXAS FACILITIES,57,matched,nearest_priority_station,1.666815,USGS-322619097463301,"Lk Granbury Site FC nr Granbury, TX","Lake, Reservoir, Impoundment",NWIS,221,/home/kdd1/jliu/Water_Hub/Water_quality_data/wqp_result_zips/US_48/TX_hood_county_US_48_221_inorganics_major_metals_wqp_results.zip;/home/kdd1/jliu/Water_Hub/Water_quality_data/wqp_result_zips/US_48/TX_hood_county_US_48_221_physical_wqp_results.zip,/home/kdd1/jliu/Water_Hub/Water_quality_data/wqp_station_zips/US_48/TX_hood_county_US_48_221_inorganics_major_metals_wqp_stations.zip;/home/kdd1/jliu/Water_Hub/Water_quality_data/wqp_station_zips/US_48/TX_hood_county_US_48_221_physical_wqp_stations.zip,-97.77614040,32.43874950,,,18,1.666815,TCEQMAIN-22240;TXSTRMTM_WQX-80726;USGS-08090900;USGS-322224097414801;USGS-322227097412101;USGS-322231097412001;USGS-322337097415401;USGS-322341097420601;USGS-322345097421901;USGS-322417097423801;USGS-322422097423901;USGS-322437097423901;USGS-322458097443101;USGS-322537097414501;USGS-322619097463301;USGS-322703097451401;USGS-322819097483201;USGS-322834097470801,/home/kdd1/jliu/Water_Hub/Water_quality_data/wqp_result_zips/US_48/TX_hood_county_US_48_221_inorganics_major_metals_wqp_results.zip;/home/kdd1/jliu/Water_Hub/Water_quality_data/wqp_result_zips/US_48/TX_hood_county_US_48_221_physical_wqp_results.zip,nearest WQP station with priority analytes within 10 km
TX,Howard,Big Spring Water Plant,32.2546681281582,-101.4293432807,Colorado River Municipal Water district,Big Spring,Microfiltration / reverse osmosis,Advanced treatment plant,2.38,2013,Surface water discharge,reclaimed water,draught dried up the lake water source; need for a new source for drinking water,none,2.38,1.2,2.38,1.2,no,1845 mg/L TDS equivalent,"MF, disinfection: UV, pH adjustment, scaling control",150,75,none,none,none,none,UV oxidation; 5-20% is blended with surface water from one of the reservoirs and then treated again at the Big Spring WTP; the rest goes to an industry,NA,none,none,TEXAS FACILITIES,67,matched,nearest_priority_station,0.365473,TCEQMAIN-12160,BEALS CREEK AT FM 700,River/Stream,STORET,227,/home/kdd1/jliu/Water_Hub/Water_quality_data/wqp_result_zips/US_48/TX_howard_county_US_48_227_inorganics_major_metals_wqp_results.zip;/home/kdd1/jliu/Water_Hub/Water_quality_data/wqp_result_zips/US_48/TX_howard_county_US_48_227_physical_wqp_results.zip,/home/kdd1/jliu/Water_Hub/Water_quality_data/wqp_station_zips/US_48/TX_howard_county_US_48_227_inorganics_major_metals_wqp_stations.zip;/home/kdd1/jliu/Water_Hub/Water_quality_data/wqp_station_zips/US_48/TX_howard_county_US_48_227_physical_wqp_stations.zip,-101.43110000,32.25760000,,,6,0.365473,NARS_WQX-FW08TX068;NARS_WQX-NRS_TX-10378;TCEQMAIN-12158;TCEQMAIN-12160;USGS-08123650;USGS-08123720,/home/kdd1/jliu/Water_Hub/Water_quality_data/wqp_result_zips/US_48/TX_howard_county_US_48_227_inorganics_major_metals_wqp_results.zip;/home/kdd1/jliu/Water_Hub/Water_quality_data/wqp_result_zips/US_48/TX_howard_county_US_48_227_physical_wqp_results.zip,nearest WQP station with priority analytes within 10 km
TX,Hudspeth,Fort Hancock RO Plant 1,31.2912308827774,-105.853666020391,Fort Hancock Water Control & Improvement District,Fort Hancock,Reverse osmosis,Drinking water,0.43,2012,Evaporation pond,Groundwater,none,none,0.43,0.04,none,none,yes,none,cartridge filter,180,78,none,none,none,none,"pH adjustment, disinfection",none,none,none,TEXAS FACILITIES,70,matched,nearest_priority_station,7.926610,NARS_WQX-NRS_TX-10420,Rio Grande,River/Stream,STORET,229,/home/kdd1/jliu/Water_Hub/Water_quality_data/wqp_result_zips/US_48/TX_hudspeth_county_US_48_229_inorganics_major_metals_wqp_results.zip;/home/kdd1/jliu/Water_Hub/Water_quality_data/wqp_result_zips/US_48/TX_hudspeth_county_US_48_229_physical_wqp_results.zip,/home/kdd1/jliu/Water_Hub/Water_quality_data/wqp_station_zips/US_48/TX_hudspeth_county_US_48_229_inorganics_major_metals_wqp_stations.zip;/home/kdd1/jliu/Water_Hub/Water_quality_data/wqp_station_zips/US_48/TX_hudspeth_county_US_48_229_physical_wqp_stations.zip,-105.81614810,31.22756716,,,2,7.926610,NARS_WQX-NRS_TX-10420;TCEQMAIN-15795,/home/kdd1/jliu/Water_Hub/Water_quality_data/wqp_result_zips/US_48/TX_hudspeth_county_US_48_229_inorganics_major_metals_wqp_results.zip;/home/kdd1/jliu/Water_Hub/Water_quality_data/wqp_result_zips/US_48/TX_hudspeth_county_US_48_229_physical_wqp_results.zip,nearest WQP station with priority analytes within 10 km
TX,Knox,City of Benjamin RO WTP,33.5813602002171,-99.7919642534511,City of Benjamin,Benjamin,Reverse osmosis,Drinking water,7.2E-02,2012,Evaporation pond,Groundwater,none,none,none,none,7.2E-02,5.76E-02,yes,none,"cartridge filter, disinfection: chlorination/chloramination, oxidation",165,71,none,none,none,none,"blending, pH adjustment, antiscalant, disinfection",none,none,none,TEXAS FACILITIES,71,matched,nearest_priority_station,7.042871,USGS-07311800,"S Wichita Rv nr Benjamin, TX",Stream,NWIS,275,/home/kdd1/jliu/Water_Hub/Water_quality_data/wqp_result_zips/US_48/TX_knox_county_US_48_275_inorganics_major_metals_wqp_results.zip;/home/kdd1/jliu/Water_Hub/Water_quality_data/wqp_result_zips/US_48/TX_knox_county_US_48_275_physical_wqp_results.zip,/home/kdd1/jliu/Water_Hub/Water_quality_data/wqp_station_zips/US_48/TX_knox_county_US_48_275_inorganics_major_metals_wqp_stations.zip;/home/kdd1/jliu/Water_Hub/Water_quality_data/wqp_station_zips/US_48/TX_knox_county_US_48_275_physical_wqp_stations.zip,-99.80092520,33.64425700,,,3,7.042871,NARS_WQX-NRS_TX-10369;TCEQMAIN-21531;USGS-07311800,/home/kdd1/jliu/Water_Hub/Water_quality_data/wqp_result_zips/US_48/TX_knox_county_US_48_275_inorganics_major_metals_wqp_results.zip;/home/kdd1/jliu/Water_Hub/Water_quality_data/wqp_result_zips/US_48/TX_knox_county_US_48_275_physical_wqp_results.zip,nearest WQP station with priority analytes within 10 km
TX,none,"City of Abilene - Possum Kingdom Regional Roughing Facility built during draught, then lake filled up, not operating yet",,,owner ship has not been turned over to City of Abilene,Abilene,Reverse osmosis,Wastewater treatment plant,1.2,2017,Evaporation pond and sewer discharge,sewer,none,none,none,none,none,none,none,none,none,none,none,none,none,none,none,none,none,none,none,TEXAS FACILITIES,59,skipped,missing_coordinates,,,,,,,,,,,,,,,,,missing ACC_X or ACC_Y
TX,none,Hamby-Abilene,32.5053659552595,-99.6917342636941,City of Abilene,Abilene,Reverse osmosis,Wastewater treatment plant,4.2,2015,Evaporation pond,Wastewater treatment plant,originally to provide indirect potable reuse source; now used for reuse,none,4.2,none,7,none,yes,2048 mg/L TDS equivalent,"MBR, ozone, antiscalant, cartridge filter",127,82,131 µS/cm,none,~4.2 : 2.8,"same source, treated by MBR then ozone","blend, chlorination, aeration, dechlorination",on original membranes,"neutralization, then recycle to front of process",none,TEXAS FACILITIES,63,no_match,no_candidate_wqp_files,,,,,,,,,,,,,,,,,no downloaded WQP result zips found for this state/county search
TX,none,City of Roscoe WTP,32.4452361638682,-100.538237086917,City of Roscoe,Roscoe,Reverse osmosis,Drinking water,0.36,2013,Sewer discharge,Groundwater,"nitrates, hardness",none,0.36,none,none,none,none,none,none,none,none,none,none,none,none,none,none,none,none,TEXAS FACILITIES,68,no_match,no_candidate_wqp_files,,,,,,,,,,,,,,,,,no downloaded WQP result zips found for this state/county search
TX,Parker,Bob Elder WTP,,,City of Milsap,Milsap,Microfiltration / reverse osmosis,Drinking water,none,2014,Surface water discharge,Surface water,none,none,none,none,none,none,yes,1255 mg/L TDS equivalent,"MF, cartridge filter, dechlorination, scaling control",148,none,none,none,none,none,"blending, pH adjustment, disinfection",none,none,none,TEXAS FACILITIES,66,skipped,missing_coordinates,,,,,,,,,,,,,,,,,missing ACC_X or ACC_Y
TX,Parker,Parker County Special Utility District (SUD) WTP,32.7508893581271,-97.7803434709975,none,Weatherford,Reverse osmosis,Drinking water,0.4,2010,Surface water discharge,none,none,none,none,none,none,none,none,none,none,none,none,none,none,none,none,none,none,none,none,TEXAS FACILITIES,77,matched,nearest_priority_station,3.428244,USGS-324341097452601,UP-32-18-302,Well,NWIS,367,/home/kdd1/jliu/Water_Hub/Water_quality_data/wqp_result_zips/US_48/TX_parker_county_US_48_367_inorganics_major_metals_wqp_results.zip;/home/kdd1/jliu/Water_Hub/Water_quality_data/wqp_result_zips/US_48/TX_parker_county_US_48_367_physical_wqp_results.zip,/home/kdd1/jliu/Water_Hub/Water_quality_data/wqp_station_zips/US_48/TX_parker_county_US_48_367_inorganics_major_metals_wqp_stations.zip;/home/kdd1/jliu/Water_Hub/Water_quality_data/wqp_station_zips/US_48/TX_parker_county_US_48_367_physical_wqp_stations.zip,-97.75697220,32.72713889,,,1,3.428244,USGS-324341097452601,/home/kdd1/jliu/Water_Hub/Water_quality_data/wqp_result_zips/US_48/TX_parker_county_US_48_367_inorganics_major_metals_wqp_results.zip;/home/kdd1/jliu/Water_Hub/Water_quality_data/wqp_result_zips/US_48/TX_parker_county_US_48_367_physical_wqp_results.zip,nearest WQP station with priority analytes within 10 km
TX,Stephens,Stephans Regional SUD WTP,32.7623048301296,-98.9450629650035,Stephens Regional Special Utility District,Breckenridge,Reverse osmosis,Drinking water,0.4,2010,Evaporation pond,Surface water (lake),none,none,none,none,none,none,none,none,none,none,none,none,none,none,none,none,none,none,none,TEXAS FACILITIES,74,matched,nearest_priority_station,3.362807,USGS-324712098575701,"Hubbard Ck Res Site P4 nr Breckenridge, TX","Lake, Reservoir, Impoundment",NWIS,429,/home/kdd1/jliu/Water_Hub/Water_quality_data/wqp_result_zips/US_48/TX_stephens_county_US_48_429_inorganics_major_metals_wqp_results.zip;/home/kdd1/jliu/Water_Hub/Water_quality_data/wqp_result_zips/US_48/TX_stephens_county_US_48_429_physical_wqp_results.zip,/home/kdd1/jliu/Water_Hub/Water_quality_data/wqp_station_zips/US_48/TX_stephens_county_US_48_429_inorganics_major_metals_wqp_stations.zip;/home/kdd1/jliu/Water_Hub/Water_quality_data/wqp_station_zips/US_48/TX_stephens_county_US_48_429_physical_wqp_stations.zip,-98.96618070,32.78678604,,,22,3.362807,NARS_WQX-NLA_TX-10104;TCEQMAIN-12002;USGS-08086400;USGS-08086500;USGS-324301099001701;USGS-324514099010201;USGS-324606099000201;USGS-324649099000501;USGS-324712098575701;USGS-324754098591701;USGS-324802099021601;USGS-324808098571001;USGS-324814098585501;USGS-324843098582901;USGS-324843099004501;USGS-324854099000501;USGS-324906098572300;USGS-324911098572401;USGS-324913098581801;USGS-324927098581501;USGS-324932098575101;USGS-324949098594301,/home/kdd1/jliu/Water_Hub/Water_quality_data/wqp_result_zips/US_48/TX_stephens_county_US_48_429_inorganics_major_metals_wqp_results.zip;/home/kdd1/jliu/Water_Hub/Water_quality_data/wqp_result_zips/US_48/TX_stephens_county_US_48_429_physical_wqp_results.zip,nearest WQP station with priority analytes within 10 km
TX,Wheeler,City of Wheeler TP,35.4433046029124,-100.271908673987,City of Wheeler,Wheeler,Reverse osmosis,Drinking water,0.5,2016,Land application (available for watering job locations and roads),Groundwater,nitrates,none,0.5,none,none,none,yes,depends on wells uses; 480-576 mg/L TDS equivalent,"antiscalant, cartridge filters",127-140,75,15 µS/cm,target based on nitrate level,8.40277777777778E-02,bypass,chlorine,on original membranes,with concentrate,none,TEXAS FACILITIES,61,matched,nearest_priority_station,3.984387,USGS-352451100144501,ZB-05-39-713,Well,NWIS,483,/home/kdd1/jliu/Water_Hub/Water_quality_data/wqp_result_zips/US_48/TX_wheeler_county_US_48_483_inorganics_major_metals_wqp_results.zip;/home/kdd1/jliu/Water_Hub/Water_quality_data/wqp_result_zips/US_48/TX_wheeler_county_US_48_483_physical_wqp_results.zip,/home/kdd1/jliu/Water_Hub/Water_quality_data/wqp_station_zips/US_48/TX_wheeler_county_US_48_483_inorganics_major_metals_wqp_stations.zip;/home/kdd1/jliu/Water_Hub/Water_quality_data/wqp_station_zips/US_48/TX_wheeler_county_US_48_483_physical_wqp_stations.zip,-100.24623170,35.41421494,,,1,3.984387,USGS-352451100144501,/home/kdd1/jliu/Water_Hub/Water_quality_data/wqp_result_zips/US_48/TX_wheeler_county_US_48_483_inorganics_major_metals_wqp_results.zip;/home/kdd1/jliu/Water_Hub/Water_quality_data/wqp_result_zips/US_48/TX_wheeler_county_US_48_483_physical_wqp_results.zip,nearest WQP station with priority analytes within 10 km
UT,none,Southwest GW Treatment Plant,40.6017610428644,-111.925716451212,Jordan Valley Water Conservation District,none,Reverse osmosis,Drinking water,8.25,2012,Surface water discharge (to Great Salt Lake),Groundwater,"sulfate, total dissolved solids",none,8.25; currently limited to 5.5,4,7.5,5.5,yes,800 mg/L TDS equivalent,"antiscalant, cartridge filters",130 -190,80,none,225 mg/l,4 : 1.5,bypass after 1µ cartridge filter,"caustic, disinfection",lead elements replaced after ~ 5 years,sewer,none,Sheet1_table_04,108,matched,nearest_station,0.345658,UTAHDWQ_WQX-4994190,BINGHAM CK AT 1300 WEST,River/Stream,STORET,035,/home/kdd1/jliu/Water_Hub/Water_quality_data/wqp_result_zips/US_49/UT_all_counties_US_49_physical_wqp_results.zip,/home/kdd1/jliu/Water_Hub/Water_quality_data/wqp_station_zips/US_49/UT_all_counties_US_49_physical_wqp_stations.zip,-111.92716000,40.60467000,,,422,0.345658,NARS-WUTP99-0735;NARS_WQX-WUTP99-0735;SLCOWS-BC_00.61;SLCOWS-BC_00.70;SLCOWS-BC_01.94;SLCOWS-BC_03.44;SLCOWS-BC_03.73;SLCOWS-BC_04.44;SLCOWS-BC_04.73;SLCOWS-BC_04.81;SLCOWS-BG_00.22;SLCOWS-JR_20.23;SLCOWS-JR_21.46;SLCOWS-JR_22.98;SLCOWS-JR_23.34;SLCOWS-JR_29.28;SLCOWS-JR_32.35;SLCOWS-LC_00.53;SLCOWS-LC_01.37;SLCOWS-LC_01.98;SLCOWS-LC_05.37;SLCOWS-LC_06.58;SLCOWS-MS_00.19;USGS-10167105;USGS-10167115;USGS-10167141;USGS-10167180;USGS-10167184;USGS-10167200;USGS-10167220;USGS-10167230;USGS-10167240;USGS-10167244;USGS-10167300;USGS-10167700;USGS-10167800;USGS-10168000;USGS-10169500;USGS-403109111571601;USGS-403116111524801;USGS-403117111554901;USGS-403117111583101;USGS-403127111524501;USGS-403134111552501;USGS-403136111541101;USGS-403138111521501;USGS-403138111550600;USGS-403138111550901;USGS-403139111551501;USGS-403147111593201;USGS-403201111513501;USGS-403207111590801;USGS-403209111542701;USGS-403210111554201;USGS-403212111592801;USGS-403213111514500;USGS-403223111585101;USGS-403225111581601;USGS-403244111504701;USGS-403244111542901;USGS-403252111522501;USGS-403304111572301;USGS-403306111514201;USGS-403307111580901;USGS-403316111510601;USGS-403316111554301;USGS-403323111495501;USGS-403326111554101;USGS-403330111531601;USGS-403332111485001;USGS-403332111544801;USGS-403332111564901;USGS-403336111575802;USGS-403336111593701;USGS-403343111562001;USGS-403351111560201;USGS-403353111541401;USGS-403356111514101;USGS-403357111575801;USGS-403402111530601;USGS-403405111570001;USGS-403405111580401;USGS-403405111583602;USGS-403405111583603;USGS-403407112010400;USGS-403408111543201;USGS-403409111541501;USGS-403409111542401;USGS-403410111532301;USGS-403410111542501;USGS-403410111543402;USGS-403411111554001;USGS-403413112004801;USGS-403420111525300;USGS-403420111530101;USGS-403423111490001;USGS-403423111514401;USGS-403423112001201;USGS-403425111514101;USGS-403425111560501;USGS-403425111575801;USGS-403430112001201;USGS-403444111501601;USGS-403445111575001;USGS-403448111512601;USGS-403451111494101;USGS-403451111495401;USGS-403451111534001;USGS-403451111565301;USGS-403452111484301;USGS-403454112012501;USGS-403458111534901;USGS-403501111515501;USGS-403502111582701;USGS-403503112011401;USGS-403505111595301;USGS-403506111503601;USGS-403510111521801;USGS-403510111593501;USGS-403511111541501;USGS-403512111531201;USGS-403515111552401;USGS-403517111561301;USGS-403520111531701;USGS-403520111592901;USGS-403523111512901;USGS-403523111514801;USGS-403524111512901;USGS-403524111532601;USGS-403524111572201;USGS-403524111572202;USGS-403530111525301;USGS-403532111514001;USGS-403532112015501;USGS-403532112015502;USGS-403533111543301;USGS-403533111570701;USGS-403538111543101;USGS-403543111494801;USGS-403544111540401;USGS-403544111540402;USGS-403544111584801;USGS-403545111543401;USGS-403546111540601;USGS-403546111540602;USGS-403547111514901;USGS-403547111514902;USGS-403548111550101;USGS-403552111554301;USGS-403552111554401;USGS-403552111554402;USGS-403554111502301;USGS-403554111502302;USGS-403554111582101;USGS-403559111572701;USGS-403606111491601;USGS-403607111492001;USGS-403608111514401;USGS-403608111521601;USGS-403609111573901;USGS-403611111594501;USGS-403614111500301;USGS-403614111500303;USGS-403614111500304;USGS-403623111502201;USGS-403623111541401;USGS-403624111563602;USGS-403627111495701;USGS-403627111495702;USGS-403628111495501;USGS-403628111514301;USGS-403630111520201;USGS-403632111552301;USGS-403634111551301;USGS-403635111555401;USGS-403636111514401;USGS-403637112005201;USGS-403638111505101;USGS-403638111511701;USGS-403638111552300;USGS-403640111594801;USGS-403642111521701;USGS-403642111521801;USGS-403642111521802;USGS-403642111521803;USGS-403647111504501;USGS-403647111510101;USGS-403648111501801;USGS-403648111504401;USGS-403652111570201;USGS-403653111502501;USGS-403653111503501;USGS-403653111504301;USGS-403653111504401;USGS-403654111503801;USGS-403656111503401;USGS-403656111503402;USGS-403657111504201;USGS-403657111504901;USGS-403658111542701;USGS-403659111580501;USGS-403703111511701;USGS-403706111511901;USGS-403706111514101;USGS-403706111514201;USGS-403711111512501;USGS-403713111501901;USGS-403714111512501;USGS-403715111525001;USGS-403721111550601;USGS-403727111512901;USGS-403728111512901;USGS-403729111581701;USGS-403730111563201;USGS-403731111505801;USGS-403736111513201;USGS-403736111521401;USGS-403737111554101;USGS-403740111483401;USGS-403740111483402;USGS-403741111515101;USGS-403741111515201;USGS-403742111503201;USGS-403742111503202;USGS-403742111544301;USGS-403743111544000;USGS-403744111494601;USGS-403744111513501;USGS-403746111493601;USGS-403750111485501;USGS-403750111552100;USGS-403755111514201;USGS-403756111542301;USGS-403758111485801;USGS-403758111485802;USGS-403758111514101;USGS-403758111585501;USGS-403801111514401;USGS-403803111505301;USGS-403810111580501;USGS-403810111580502;USGS-403811111514401;USGS-403817111495001;USGS-403817112012101;USGS-403818111543701;USGS-403821112012400;USGS-403828111590401;USGS-403829111514301;USGS-403829111514401;USGS-403829111514402;USGS-403833111520201;USGS-403837111503301;USGS-403837111503302;USGS-403839111493901;USGS-403839111520001;USGS-403840111535301;USGS-403843111521702;USGS-403843111551701;USGS-403845111505201;USGS-403846111521401;USGS-403853111552501;USGS-403854111514901;USGS-403855111514801;USGS-403857111523601;USGS-403859111535601;USGS-403902111505501;USGS-403903111494501;USGS-403903111561601;USGS-403904111544101;USGS-403907111500501;USGS-403909111520901;USGS-403909111523401;USGS-403910111505501;USGS-403910111505502;USGS-403912111572401;USGS-403912112001701;USGS-403913111520401;USGS-403913111520402;USGS-403913111521901;USGS-403913111542701;USGS-403914111520200;USGS-403914111520401;USGS-403914111560101;USGS-403914111580201;USGS-403915111520202;USGS-403915111565501;USGS-403916111511101;USGS-403916111575801;USGS-403916112010701;USGS-403917111523701;USGS-403918111584201;USGS-403918111584202;USGS-403919111502601;USGS-403920111520701;USGS-403920111523301;USGS-403921111504401;USGS-403923111521901;USGS-403927111523601;USGS-403929111531401;USGS-403933111525201;USGS-403933111530101;USGS-403933111533201;USGS-403933111533202;USGS-403935111511001;USGS-403936111511102;USGS-403941111512901;USGS-403941111532201;USGS-403943111575701;USGS-403945111565401;USGS-403949111512001;USGS-403949111540301;USGS-403950111532801;USGS-403952111534801;USGS-403952111541101;USGS-403952111561001;USGS-403953111512901;USGS-403955111535200;USGS-403955111551501;USGS-403956111550601;USGS-403957111535401;USGS-403958111511401;USGS-403958111522301;USGS-403958111522302;USGS-403959111551901;USGS-404000111515801;USGS-404000111542601;USGS-404002111520601;USGS-404003111543001;USGS-404006111562201;USGS-404007111585801;USGS-404012111572101;USGS-404014111551001;USGS-404022111580801;USGS-404024111535401;USGS-404025111560301;USGS-404026111524901;USGS-404027111521801;USGS-404028111543801;USGS-404034111531301;USGS-404036111554001;USGS-404044111572701;USGS-404048111532901;USGS-404055111541701;USGS-404057111524501;USGS-404057111543901;USGS-404057111565401;USGS-404057111565402;USGS-404058111563101;USGS-404102111551101;USGS-404103111535401;USGS-404104111544601;USGS-404105111564801;USGS-404120111551101;USGS-404124111551101;UTAHDWQ_WQX-4992890;UTAHDWQ_WQX-4992950;UTAHDWQ_WQX-4992960;UTAHDWQ_WQX-4992970;UTAHDWQ_WQX-4992972;UTAHDWQ_WQX-4993040;UTAHDWQ_WQX-4993070;UTAHDWQ_WQX-4993470;UTAHDWQ_WQX-4993480;UTAHDWQ_WQX-4993490;UTAHDWQ_WQX-4993560;UTAHDWQ_WQX-4993580;UTAHDWQ_WQX-4993590;UTAHDWQ_WQX-4993591;UTAHDWQ_WQX-4993592;UTAHDWQ_WQX-4993622;UTAHDWQ_WQX-4993628;UTAHDWQ_WQX-4993630;UTAHDWQ_WQX-4993635;UTAHDWQ_WQX-4993640;UTAHDWQ_WQX-4994060;UTAHDWQ_WQX-4994070;UTAHDWQ_WQX-4994090;UTAHDWQ_WQX-4994100;UTAHDWQ_WQX-4994110;UTAHDWQ_WQX-4994112;UTAHDWQ_WQX-4994114;UTAHDWQ_WQX-4994115;UTAHDWQ_WQX-4994116;UTAHDWQ_WQX-4994118;UTAHDWQ_WQX-4994120;UTAHDWQ_WQX-4994130;UTAHDWQ_WQX-4994140;UTAHDWQ_WQX-4994150;UTAHDWQ_WQX-4994160;UTAHDWQ_WQX-4994170;UTAHDWQ_WQX-4994172;UTAHDWQ_WQX-4994175;UTAHDWQ_WQX-4994180;UTAHDWQ_WQX-4994190;UTAHDWQ_WQX-4994230;UTAHDWQ_WQX-4994250;UTAHDWQ_WQX-4994260;UTAHDWQ_WQX-4994270;UTAHDWQ_WQX-4994271;UTAHDWQ_WQX-4994330;UTAHDWQ_WQX-4994370;UTAHDWQ_WQX-4994420;UTAHDWQ_WQX-4994422;UTAHDWQ_WQX-4994490;UTAHDWQ_WQX-4994500;UTAHDWQ_WQX-4994680;UTAHDWQ_WQX-4994710;UTAHDWQ_WQX-4999502;UTAHDWQ_WQX-4999522;UTAHDWQ_WQX-5983810;UTAHDWQ_WQX-5997080;UTAHDWQ_WQX-5997090;UTAHDWQ_WQX-5997140;WFWQC_UT-4992950;WFWQC_UT-4993580;WFWQC_UT-4994100;WFWQC_UT-4994138;WFWQC_UT-4994160;WFWQC_UT-4994162;WFWQC_UT-4994170;WFWQC_UT-4994270;WFWQC_UT-4994488,/home/kdd1/jliu/Water_Hub/Water_quality_data/wqp_result_zips/US_49/UT_all_counties_US_49_physical_wqp_results.zip,nearest WQP monitoring location within 10 km; no station with priority analytes in range
